CustomerID,Tenure,PreferredLoginDevice,CityTier,WarehouseToHome,PreferredPaymentMode,HourSpendOnApp,NumberOfDeviceRegistered,PreferedOrderCat,SatisfactionScore,NumberOfAddress,Complain,OrderAmountHikeFromlastYear,CouponUsed,OrderCount,DaySinceLastOrder,CashbackAmount,cashback_per_order,orders_per_tenure_month,coupon_rate,recency_bucket,Churn
50001,4.0,Mobile Phone,3,6.0,Debit Card,3.0,3,Laptop & Accessory,2,9,1,11.0,1.0,1.0,5.0,159.93,159.93,0.2,1.0,4-7,1
50002,,Mobile Phone,1,8.0,UPI,3.0,4,Mobile Phone,3,7,1,15.0,0.0,1.0,0.0,120.9,120.9,,0.0,0-3,1
50003,,Mobile Phone,1,30.0,Debit Card,2.0,4,Mobile Phone,3,6,1,14.0,0.0,1.0,3.0,120.28,120.28,,0.0,0-3,1
50004,0.0,Mobile Phone,3,15.0,Debit Card,2.0,4,Laptop & Accessory,5,8,0,23.0,0.0,1.0,3.0,134.07,134.07,1.0,0.0,0-3,1
50005,0.0,Mobile Phone,1,12.0,Credit Card,,3,Mobile Phone,5,3,0,11.0,1.0,1.0,3.0,129.6,129.6,1.0,1.0,0-3,1
50006,0.0,Computer,1,22.0,Debit Card,3.0,5,Mobile Phone,5,2,1,22.0,4.0,6.0,7.0,139.19,23.198333333333334,6.0,0.6666666666666666,4-7,1
50007,,Mobile Phone,3,11.0,Cash on Delivery,2.0,3,Laptop & Accessory,2,4,0,14.0,0.0,1.0,0.0,120.86,120.86,,0.0,0-3,1
50008,,Mobile Phone,1,6.0,Credit Card,3.0,3,Mobile Phone,2,3,1,16.0,2.0,2.0,0.0,122.93,61.465,,1.0,0-3,1
50009,13.0,Mobile Phone,3,9.0,E wallet,,4,Mobile Phone,3,2,1,14.0,0.0,1.0,2.0,126.83,126.83,0.07142857142857142,0.0,0-3,1
50010,,Mobile Phone,1,31.0,Debit Card,2.0,5,Mobile Phone,3,2,0,12.0,1.0,1.0,1.0,122.93,122.93,,1.0,0-3,1
50011,4.0,Mobile Phone,1,18.0,Cash on Delivery,2.0,3,Others,3,2,0,,9.0,15.0,8.0,295.45,19.696666666666665,3.0,0.6,8-14,1
50012,11.0,Mobile Phone,1,6.0,Debit Card,3.0,4,Fashion,3,10,1,13.0,0.0,1.0,0.0,153.81,153.81,0.08333333333333333,0.0,0-3,1
50013,0.0,Mobile Phone,1,11.0,Cash on Delivery,2.0,3,Mobile Phone,3,2,1,13.0,2.0,2.0,2.0,134.41,67.205,2.0,1.0,0-3,1
50014,0.0,Mobile Phone,1,15.0,Credit Card,3.0,4,Mobile Phone,3,1,1,17.0,0.0,1.0,0.0,133.88,133.88,1.0,0.0,0-3,1
50015,9.0,Mobile Phone,3,15.0,Credit Card,3.0,4,Fashion,2,2,0,16.0,0.0,4.0,7.0,196.19,49.0475,0.4,0.0,4-7,1
50016,,Mobile Phone,2,12.0,UPI,3.0,3,Mobile Phone,5,5,1,22.0,1.0,1.0,2.0,120.73,120.73,,1.0,0-3,1
50017,0.0,Computer,1,12.0,Debit Card,,4,Mobile Phone,2,2,1,18.0,1.0,1.0,0.0,129.26,129.26,1.0,1.0,0-3,1
50018,0.0,Mobile Phone,3,11.0,E wallet,2.0,4,Laptop & Accessory,3,2,1,11.0,1.0,1.0,3.0,157.44,157.44,1.0,1.0,0-3,1
50019,0.0,Computer,1,13.0,Debit Card,3.0,5,Laptop & Accessory,3,2,1,24.0,1.0,1.0,6.0,160.74,160.74,1.0,1.0,4-7,1
50020,19.0,Mobile Phone,1,20.0,Debit Card,3.0,3,Mobile Phone,4,10,1,18.0,1.0,4.0,3.0,149.63,37.4075,0.2,0.25,0-3,1
50021,0.0,Mobile Phone,3,12.0,Debit Card,3.0,5,Laptop & Accessory,3,5,1,18.0,6.0,7.0,7.0,161.72,23.102857142857143,7.0,0.8571428571428571,4-7,1
50022,20.0,Mobile Phone,1,29.0,Credit Card,3.0,3,Fashion,2,2,0,12.0,11.0,15.0,6.0,203.12,13.541333333333334,0.7142857142857143,0.7333333333333333,4-7,1
50023,,Mobile Phone,3,28.0,E wallet,2.0,3,Mobile Phone,3,2,1,19.0,0.0,1.0,0.0,116.75,116.75,,0.0,0-3,1
50024,0.0,Mobile Phone,3,26.0,Debit Card,3.0,5,Laptop & Accessory,3,4,1,11.0,1.0,2.0,2.0,145.59,72.795,2.0,0.5,0-3,1
50025,14.0,Computer,1,14.0,Debit Card,2.0,5,Fashion,2,3,0,15.0,0.0,1.0,3.0,206.5,206.5,0.06666666666666667,0.0,0-3,1
50026,0.0,Mobile Phone,1,15.0,Credit Card,2.0,3,Mobile Phone,5,8,0,22.0,1.0,1.0,4.0,142.0,142.0,1.0,1.0,4-7,1
50027,8.0,Mobile Phone,3,6.0,E wallet,3.0,3,Fashion,4,2,0,13.0,1.0,1.0,6.0,172.95,172.95,0.1111111111111111,1.0,4-7,0
50028,,Mobile Phone,3,12.0,E wallet,2.0,3,Laptop & Accessory,3,3,1,20.0,0.0,4.0,5.0,123.06,30.765,,0.0,4-7,0
50029,18.0,Mobile Phone,1,,Debit Card,2.0,3,Laptop & Accessory,4,9,0,18.0,1.0,1.0,15.0,123.48,123.48,0.05263157894736842,1.0,15+,0
50030,5.0,Computer,3,14.0,E wallet,2.0,3,Fashion,2,2,0,14.0,2.0,3.0,7.0,189.98,63.32666666666666,0.5,0.6666666666666666,4-7,0
50031,2.0,Computer,1,6.0,Cash on Delivery,2.0,3,Laptop & Accessory,3,2,0,13.0,0.0,1.0,9.0,143.19,143.19,0.3333333333333333,0.0,8-14,0
50032,0.0,Mobile Phone,1,13.0,Credit Card,2.0,4,Laptop & Accessory,3,3,0,17.0,1.0,1.0,0.0,161.32,161.32,1.0,1.0,0-3,0
50033,30.0,Mobile Phone,1,15.0,Credit Card,3.0,4,Mobile Phone,4,5,1,20.0,1.0,1.0,0.0,133.46,133.46,0.03225806451612903,1.0,0-3,0
50034,13.0,Mobile Phone,3,10.0,E wallet,3.0,4,Fashion,2,8,0,11.0,2.0,2.0,11.0,208.55,104.275,0.14285714285714285,1.0,8-14,0
50035,,Computer,3,8.0,E wallet,3.0,3,Mobile Phone,3,7,0,18.0,1.0,1.0,2.0,122.31,122.31,,1.0,0-3,0
50036,0.0,Mobile Phone,1,,Credit Card,3.0,3,Mobile Phone,2,2,0,24.0,0.0,2.0,2.0,123.23,61.615,2.0,0.0,0-3,0
50037,,Computer,1,15.0,Credit Card,2.0,3,Mobile Phone,4,7,0,18.0,0.0,2.0,2.0,120.24,60.12,,0.0,0-3,0
50038,1.0,Mobile Phone,1,27.0,Credit Card,,3,Mobile Phone,2,2,0,11.0,0.0,1.0,2.0,127.13,127.13,0.5,0.0,0-3,0
50039,30.0,Mobile Phone,1,30.0,Debit Card,2.0,2,Fashion,2,4,1,16.0,1.0,1.0,4.0,194.39,194.39,0.03225806451612903,1.0,4-7,0
50040,0.0,Computer,1,,Credit Card,3.0,4,Mobile Phone,3,2,1,15.0,0.0,1.0,1.0,125.66,125.66,1.0,0.0,0-3,0
50041,23.0,Mobile Phone,1,17.0,Debit Card,2.0,3,Others,4,4,0,,2.0,4.0,4.0,299.26,74.815,0.16666666666666666,0.5,4-7,0
50042,14.0,Mobile Phone,1,,Debit Card,2.0,3,Mobile Phone,3,5,0,12.0,1.0,1.0,8.0,124.51,124.51,0.06666666666666667,1.0,8-14,0
50043,3.0,Mobile Phone,3,11.0,Debit Card,2.0,3,Fashion,2,3,0,12.0,2.0,7.0,4.0,194.19,27.74142857142857,1.75,0.2857142857142857,4-7,0
50044,11.0,Mobile Phone,3,6.0,Debit Card,2.0,4,Laptop & Accessory,2,5,0,22.0,1.0,1.0,1.0,186.86,186.86,0.08333333333333333,1.0,0-3,0
50045,5.0,Mobile Phone,1,12.0,Debit Card,,3,Mobile Phone,3,4,0,20.0,0.0,1.0,4.0,130.38,130.38,0.16666666666666666,0.0,4-7,0
50046,0.0,Mobile Phone,1,23.0,Cash on Delivery,,3,Mobile Phone,4,1,1,16.0,1.0,1.0,1.0,130.58,130.58,1.0,1.0,0-3,0
50047,0.0,Computer,3,,Cash on Delivery,3.0,5,Mobile Phone,5,1,0,21.0,1.0,1.0,0.0,123.25,123.25,1.0,1.0,0-3,1
50048,,Computer,1,9.0,Credit Card,1.0,3,Mobile Phone,4,5,0,12.0,4.0,7.0,2.0,120.88,17.268571428571427,,0.5714285714285714,0-3,0
50049,3.0,Computer,1,15.0,Credit Card,,3,Laptop & Accessory,5,2,0,11.0,0.0,6.0,10.0,130.72,21.786666666666665,1.5,0.0,8-14,0
50050,18.0,Mobile Phone,3,10.0,Debit Card,1.0,3,Laptop & Accessory,5,5,1,11.0,0.0,1.0,3.0,150.06,150.06,0.05263157894736842,0.0,0-3,0
50051,29.0,Mobile Phone,1,14.0,Debit Card,3.0,3,Mobile Phone,5,5,1,18.0,1.0,2.0,2.0,142.57,71.285,0.06666666666666667,0.5,0-3,0
50052,6.0,Mobile Phone,1,,Debit Card,2.0,3,Mobile Phone,2,1,0,14.0,0.0,1.0,2.0,125.0,125.0,0.14285714285714285,0.0,0-3,0
50053,0.0,Mobile Phone,1,8.0,Debit Card,2.0,4,Mobile Phone,2,2,0,22.0,0.0,1.0,0.0,111.02,111.02,1.0,0.0,0-3,1
50054,19.0,Mobile Phone,3,6.0,E wallet,3.0,3,Fashion,5,2,0,25.0,4.0,15.0,7.0,204.53,13.635333333333334,0.75,0.26666666666666666,4-7,0
50055,,Mobile Phone,1,15.0,Debit Card,3.0,3,Mobile Phone,2,2,0,12.0,1.0,2.0,1.0,122.88,61.44,,0.5,0-3,0
50056,4.0,Mobile Phone,1,18.0,Credit Card,3.0,3,Mobile Phone,2,9,1,23.0,1.0,1.0,2.0,139.29,139.29,0.2,1.0,0-3,0
50057,,Mobile Phone,1,33.0,Credit Card,3.0,3,Mobile Phone,4,3,0,15.0,1.0,1.0,2.0,123.11,123.11,,1.0,0-3,0
50058,4.0,Mobile Phone,3,26.0,E wallet,,3,Mobile Phone,4,2,1,22.0,0.0,1.0,2.0,131.4,131.4,0.2,0.0,0-3,1
50059,23.0,Mobile Phone,1,6.0,Credit Card,2.0,4,Mobile Phone,3,3,0,15.0,0.0,1.0,2.0,136.9,136.9,0.041666666666666664,0.0,0-3,0
50060,26.0,Mobile Phone,1,19.0,Credit Card,2.0,2,Laptop & Accessory,5,2,0,11.0,1.0,1.0,3.0,144.5,144.5,0.037037037037037035,1.0,0-3,0
50061,6.0,Mobile Phone,1,20.0,Credit Card,,3,Mobile Phone,4,2,0,13.0,0.0,1.0,6.0,127.56,127.56,0.14285714285714285,0.0,4-7,0
50062,13.0,Mobile Phone,1,10.0,Credit Card,2.0,3,Others,3,2,0,14.0,,9.0,9.0,290.33,32.25888888888889,0.6428571428571429,,8-14,0
50063,28.0,Mobile Phone,1,20.0,Credit Card,3.0,2,Others,4,9,0,11.0,,2.0,15.0,287.22,143.61,0.06896551724137931,,15+,0
50064,7.0,Computer,1,8.0,Debit Card,2.0,4,Laptop & Accessory,3,2,0,17.0,0.0,1.0,9.0,195.47,195.47,0.125,0.0,8-14,0
50065,24.0,Mobile Phone,1,9.0,Credit Card,3.0,3,Grocery,4,4,0,18.0,0.0,,0.0,237.34,,,,0-3,0
50066,25.0,Mobile Phone,1,6.0,Debit Card,3.0,4,Others,3,1,0,,1.0,11.0,9.0,299.99,27.271818181818183,0.4230769230769231,0.09090909090909091,8-14,0
50067,,Mobile Phone,1,15.0,Credit Card,2.0,3,Mobile Phone,4,2,0,16.0,1.0,1.0,3.0,122.79,122.79,,1.0,0-3,0
50068,0.0,Mobile Phone,1,29.0,Debit Card,2.0,4,Laptop & Accessory,3,4,1,13.0,1.0,1.0,1.0,159.16,159.16,1.0,1.0,0-3,1
50069,,Computer,1,13.0,Credit Card,2.0,2,Mobile Phone,2,5,0,14.0,0.0,2.0,2.0,120.89,60.445,,0.0,0-3,0
50070,18.0,Computer,1,8.0,Credit Card,3.0,4,Grocery,2,10,0,23.0,,11.0,8.0,267.92,24.35636363636364,0.5789473684210527,,8-14,0
50071,10.0,Mobile Phone,1,27.0,Debit Card,3.0,2,Mobile Phone,5,2,1,12.0,0.0,1.0,7.0,135.64,135.64,0.09090909090909091,0.0,4-7,0
50072,8.0,Computer,1,8.0,Credit Card,2.0,3,Laptop & Accessory,4,6,0,11.0,1.0,1.0,2.0,144.25,144.25,0.1111111111111111,1.0,0-3,0
50073,15.0,Computer,1,27.0,Credit Card,2.0,3,Laptop & Accessory,3,3,0,16.0,0.0,1.0,2.0,152.65,152.65,0.0625,0.0,0-3,0
50074,11.0,Mobile Phone,1,8.0,Debit Card,2.0,3,Laptop & Accessory,3,10,0,14.0,0.0,1.0,0.0,165.53,165.53,0.08333333333333333,0.0,0-3,0
50075,11.0,Mobile Phone,1,35.0,Cash on Delivery,2.0,3,Laptop & Accessory,2,4,0,18.0,0.0,1.0,7.0,162.61,162.61,0.08333333333333333,0.0,4-7,0
50076,0.0,Computer,1,6.0,Cash on Delivery,2.0,4,Laptop & Accessory,5,6,0,19.0,0.0,2.0,0.0,142.98,71.49,2.0,0.0,0-3,0
50077,22.0,Computer,1,24.0,Debit Card,3.0,3,Laptop & Accessory,2,2,1,15.0,0.0,1.0,7.0,168.04,168.04,0.043478260869565216,0.0,4-7,0
50078,7.0,Computer,1,16.0,Credit Card,2.0,3,Mobile Phone,3,2,1,17.0,2.0,2.0,0.0,138.15,69.075,0.25,1.0,0-3,0
50079,13.0,Mobile Phone,1,25.0,Credit Card,,3,Laptop & Accessory,2,9,1,15.0,1.0,3.0,7.0,127.41,42.47,0.21428571428571427,0.3333333333333333,4-7,0
50080,1.0,Mobile Phone,1,35.0,Credit Card,3.0,3,Laptop & Accessory,5,8,1,19.0,0.0,1.0,0.0,166.73,166.73,0.5,0.0,0-3,1
50081,0.0,Mobile Phone,3,33.0,E wallet,2.0,3,Fashion,2,2,0,22.0,1.0,1.0,9.0,176.39,176.39,1.0,1.0,8-14,1
50082,0.0,Mobile Phone,1,,Debit Card,2.0,2,Mobile Phone,4,2,1,16.0,0.0,2.0,2.0,123.28,61.64,2.0,0.0,0-3,0
50083,,Computer,1,24.0,Credit Card,3.0,3,Mobile Phone,2,2,0,13.0,1.0,1.0,7.0,121.53,121.53,,1.0,4-7,0
50084,13.0,Computer,1,15.0,Debit Card,3.0,4,Laptop & Accessory,2,10,0,14.0,1.0,1.0,2.0,148.76,148.76,0.07142857142857142,1.0,0-3,0
50085,19.0,Mobile Phone,1,6.0,Credit Card,3.0,3,Fashion,5,8,0,16.0,0.0,1.0,3.0,193.96,193.96,0.05,0.0,0-3,0
50086,0.0,Mobile Phone,3,10.0,Credit Card,2.0,5,Fashion,2,2,0,11.0,7.0,9.0,8.0,204.0,22.666666666666668,9.0,0.7777777777777778,8-14,1
50087,3.0,Computer,1,6.0,Debit Card,2.0,4,Fashion,3,2,0,22.0,2.0,5.0,8.0,184.74,36.948,1.25,0.4,8-14,0
50088,0.0,Computer,3,26.0,Debit Card,2.0,3,Laptop & Accessory,3,2,0,14.0,1.0,1.0,7.0,199.81,199.81,1.0,1.0,4-7,0
50089,24.0,Mobile Phone,1,14.0,Debit Card,2.0,4,Fashion,4,6,0,16.0,1.0,4.0,,224.9,56.225,0.16,0.25,,0
50090,0.0,Mobile Phone,1,,Cash on Delivery,2.0,3,Mobile Phone,5,6,1,11.0,1.0,1.0,4.0,126.57,126.57,1.0,1.0,4-7,1
50091,14.0,Mobile Phone,3,12.0,Debit Card,3.0,3,Fashion,2,4,1,18.0,0.0,,0.0,235.91000000000005,,,,0-3,0
50092,0.0,Computer,3,32.0,E wallet,2.0,4,Laptop & Accessory,5,6,0,15.0,0.0,1.0,1.0,166.96,166.96,1.0,0.0,0-3,1
50093,,Mobile Phone,1,6.0,Cash on Delivery,2.0,3,Mobile Phone,3,1,0,14.0,0.0,1.0,5.0,120.58,120.58,,0.0,4-7,1
50094,18.0,Computer,3,12.0,Credit Card,2.0,4,Fashion,2,7,0,12.0,12.0,12.0,8.0,188.65,15.720833333333333,0.631578947368421,1.0,8-14,0
50095,27.0,Mobile Phone,3,9.0,E wallet,2.0,3,Laptop & Accessory,5,3,0,14.0,1.0,1.0,5.0,159.4,159.4,0.03571428571428571,1.0,4-7,0
50096,9.0,Mobile Phone,1,11.0,Debit Card,3.0,3,Laptop & Accessory,4,9,0,16.0,0.0,3.0,7.0,159.14,53.04666666666666,0.3,0.0,4-7,0
50097,6.0,Mobile Phone,1,,Credit Card,2.0,4,Mobile Phone,4,7,0,21.0,0.0,1.0,1.0,126.22,126.22,0.14285714285714285,0.0,0-3,0
50098,10.0,Computer,1,17.0,UPI,2.0,3,Fashion,2,2,1,14.0,0.0,1.0,,221.85,221.85,0.09090909090909091,0.0,,0
50099,11.0,Mobile Phone,3,9.0,Debit Card,3.0,3,Fashion,3,1,0,12.0,1.0,5.0,13.0,206.09,41.218,0.4166666666666667,0.2,8-14,0
50100,4.0,Computer,1,6.0,Credit Card,2.0,5,Laptop & Accessory,3,1,0,12.0,1.0,1.0,4.0,143.45,143.45,0.2,1.0,4-7,0
50101,,Mobile Phone,1,9.0,Debit Card,3.0,4,Mobile Phone,2,4,0,17.0,0.0,1.0,0.0,121.77,121.77,,0.0,0-3,0
50102,10.0,Computer,3,10.0,E wallet,2.0,3,Mobile Phone,2,5,0,17.0,1.0,5.0,8.0,0.0,0.0,0.45454545454545453,0.2,8-14,0
50103,2.0,Computer,3,6.0,Credit Card,2.0,3,Fashion,2,2,0,14.0,4.0,4.0,1.0,179.18,44.795,1.3333333333333333,1.0,0-3,0
50104,8.0,Computer,3,6.0,E wallet,3.0,3,Fashion,3,2,0,14.0,1.0,1.0,8.0,187.89,187.89,0.1111111111111111,1.0,8-14,0
50105,0.0,Mobile Phone,1,,Credit Card,2.0,4,Mobile Phone,2,2,1,13.0,0.0,1.0,1.0,123.89,123.89,1.0,0.0,0-3,1
50106,25.0,Mobile Phone,1,8.0,Debit Card,2.0,4,Mobile Phone,2,8,0,15.0,0.0,2.0,2.0,132.12,66.06,0.07692307692307693,0.0,0-3,0
50107,15.0,Mobile Phone,1,10.0,Cash on Delivery,2.0,3,Others,2,2,0,,0.0,11.0,15.0,292.32,26.574545454545454,0.6875,0.0,15+,0
50108,,Mobile Phone,2,12.0,Credit Card,2.0,3,Mobile Phone,3,9,0,17.0,2.0,2.0,2.0,122.67,61.335,,1.0,0-3,0
50109,23.0,Mobile Phone,3,6.0,Credit Card,3.0,3,Others,2,4,0,,1.0,1.0,6.0,295.17,295.17,0.041666666666666664,1.0,4-7,0
50110,0.0,Mobile Phone,1,,Credit Card,2.0,3,Mobile Phone,2,6,1,13.0,0.0,1.0,4.0,124.36,124.36,1.0,0.0,4-7,1
50111,16.0,Mobile Phone,3,22.0,E wallet,3.0,3,Grocery,2,6,1,22.0,0.0,,9.0,260.64,,,,8-14,0
50112,0.0,Mobile Phone,1,8.0,Debit Card,,3,Mobile Phone,5,8,0,20.0,1.0,1.0,7.0,127.07,127.07,1.0,1.0,4-7,1
50113,25.0,Computer,3,8.0,Debit Card,3.0,4,Others,3,2,1,18.0,,15.0,12.0,290.68,19.378666666666668,0.5769230769230769,,8-14,0
50114,5.0,Mobile Phone,3,10.0,Debit Card,2.0,3,Mobile Phone,4,3,0,11.0,1.0,1.0,2.0,139.31,139.31,0.16666666666666666,1.0,0-3,0
50115,0.0,Mobile Phone,1,6.0,Debit Card,3.0,4,Mobile Phone,3,1,1,14.0,1.0,1.0,2.0,137.3,137.3,1.0,1.0,0-3,1
50116,,Mobile Phone,1,6.0,Credit Card,3.0,3,Mobile Phone,3,8,0,14.0,0.0,1.0,2.0,122.32,122.32,,0.0,0-3,0
50117,5.0,Computer,3,32.0,E wallet,3.0,3,Laptop & Accessory,2,1,0,18.0,1.0,2.0,2.0,144.65,72.325,0.3333333333333333,0.5,0-3,0
50118,14.0,Mobile Phone,1,25.0,Debit Card,,3,Laptop & Accessory,5,3,0,16.0,1.0,1.0,0.0,130.72,130.72,0.06666666666666667,1.0,0-3,0
50119,13.0,Mobile Phone,1,30.0,Cash on Delivery,3.0,3,Laptop & Accessory,2,2,0,17.0,2.0,4.0,7.0,133.19,33.2975,0.2857142857142857,0.5,4-7,0
50120,18.0,Mobile Phone,1,6.0,UPI,3.0,2,Others,2,1,0,,1.0,1.0,7.0,292.02,292.02,0.05263157894736842,1.0,4-7,0
50121,4.0,Computer,1,9.0,Credit Card,3.0,3,Fashion,3,10,0,12.0,1.0,,2.0,236.75,,,,0-3,0
50122,6.0,Mobile Phone,1,11.0,Debit Card,,4,Mobile Phone,2,2,0,13.0,0.0,1.0,2.0,129.11,129.11,0.14285714285714285,0.0,0-3,0
50123,7.0,Mobile Phone,1,8.0,Debit Card,2.0,4,Laptop & Accessory,5,7,0,13.0,0.0,5.0,9.0,159.57,31.913999999999998,0.625,0.0,8-14,0
50124,10.0,Mobile Phone,1,6.0,Credit Card,2.0,4,Mobile Phone,5,3,0,14.0,1.0,1.0,2.0,139.2,139.2,0.09090909090909091,1.0,0-3,0
50125,18.0,Computer,1,13.0,Debit Card,3.0,2,Laptop & Accessory,3,5,0,17.0,0.0,1.0,2.0,164.34,164.34,0.05263157894736842,0.0,0-3,0
50126,0.0,Computer,1,16.0,Credit Card,3.0,3,Fashion,3,7,0,11.0,1.0,1.0,0.0,200.48,200.48,1.0,1.0,0-3,1
50127,12.0,Computer,1,8.0,Cash on Delivery,3.0,3,Fashion,3,1,0,25.0,10.0,11.0,,209.38,19.034545454545455,0.8461538461538461,0.9090909090909091,,0
50128,2.0,Mobile Phone,1,,Debit Card,2.0,3,Mobile Phone,2,2,0,19.0,0.0,1.0,5.0,123.4,123.4,0.3333333333333333,0.0,4-7,0
50129,15.0,Mobile Phone,1,23.0,Debit Card,2.0,2,Laptop & Accessory,5,4,1,13.0,0.0,1.0,2.0,165.45,165.45,0.0625,0.0,0-3,0
50130,2.0,Mobile Phone,3,26.0,E wallet,2.0,3,Laptop & Accessory,2,3,0,14.0,1.0,1.0,2.0,169.31,169.31,0.3333333333333333,1.0,0-3,0
50131,0.0,Mobile Phone,1,6.0,Debit Card,3.0,3,Laptop & Accessory,3,1,0,12.0,1.0,1.0,2.0,148.98,148.98,1.0,1.0,0-3,0
50132,15.0,Mobile Phone,1,,Credit Card,2.0,4,Mobile Phone,5,1,1,11.0,4.0,7.0,8.0,125.93,17.990000000000002,0.4375,0.5714285714285714,8-14,0
50133,13.0,Mobile Phone,1,8.0,Credit Card,2.0,3,Others,3,1,0,,0.0,3.0,9.0,294.36,98.12,0.21428571428571427,0.0,8-14,0
50134,24.0,Mobile Phone,1,6.0,Debit Card,,3,Mobile Phone,2,2,0,11.0,1.0,1.0,0.0,127.23,127.23,0.04,1.0,0-3,0
50135,0.0,Computer,1,35.0,Credit Card,3.0,4,Mobile Phone,4,1,0,11.0,1.0,1.0,4.0,134.79,134.79,1.0,1.0,4-7,1
50136,5.0,Computer,1,13.0,Debit Card,,2,Mobile Phone,4,2,0,20.0,0.0,1.0,3.0,127.94,127.94,0.16666666666666666,0.0,0-3,0
50137,11.0,Computer,3,8.0,Debit Card,2.0,4,Laptop & Accessory,2,4,0,18.0,6.0,7.0,5.0,152.49,21.784285714285716,0.5833333333333334,0.8571428571428571,4-7,0
50138,,Mobile Phone,1,8.0,Cash on Delivery,2.0,4,Laptop & Accessory,5,5,0,13.0,0.0,1.0,4.0,121.76,121.76,,0.0,4-7,0
50139,19.0,Mobile Phone,3,8.0,Cash on Delivery,3.0,5,Grocery,4,4,1,12.0,,7.0,7.0,268.72,38.38857142857143,0.35,,4-7,0
50140,0.0,Mobile Phone,1,8.0,Debit Card,3.0,3,Mobile Phone,3,3,0,11.0,1.0,1.0,0.0,134.85,134.85,1.0,1.0,0-3,1
50141,2.0,Mobile Phone,3,8.0,Credit Card,3.0,4,Laptop & Accessory,4,3,0,19.0,0.0,1.0,0.0,166.44,166.44,0.3333333333333333,0.0,0-3,0
50142,4.0,Mobile Phone,1,29.0,Credit Card,3.0,4,Laptop & Accessory,2,1,0,21.0,1.0,7.0,8.0,155.82,22.259999999999998,1.4,0.14285714285714285,8-14,0
50143,0.0,Computer,1,11.0,Debit Card,2.0,2,Laptop & Accessory,5,2,0,12.0,1.0,1.0,5.0,140.0,140.0,1.0,1.0,4-7,0
50144,18.0,Mobile Phone,1,26.0,Credit Card,3.0,3,Grocery,2,1,1,14.0,0.0,,10.0,234.96,,,,8-14,0
50145,9.0,Mobile Phone,1,12.0,Debit Card,2.0,3,Mobile Phone,2,1,0,11.0,4.0,10.0,11.0,132.1,13.209999999999999,1.0,0.4,8-14,0
50146,28.0,Mobile Phone,1,6.0,Credit Card,2.0,3,Others,5,1,1,14.0,,4.0,13.0,290.45,72.6125,0.13793103448275862,,8-14,0
50147,10.0,Computer,1,35.0,Debit Card,2.0,3,Fashion,4,2,1,12.0,5.0,9.0,,218.49,24.276666666666667,0.8181818181818182,0.5555555555555556,,1
50148,,Mobile Phone,1,15.0,Credit Card,3.0,3,Mobile Phone,2,2,0,23.0,1.0,1.0,4.0,120.7,120.7,,1.0,4-7,0
50149,10.0,Mobile Phone,3,12.0,Credit Card,3.0,3,Laptop & Accessory,2,5,0,14.0,0.0,1.0,1.0,165.02,165.02,0.09090909090909091,0.0,0-3,0
50150,0.0,Mobile Phone,1,9.0,Credit Card,3.0,4,Mobile Phone,3,2,0,17.0,1.0,1.0,0.0,132.3,132.3,1.0,1.0,0-3,0
50151,10.0,Computer,1,6.0,Credit Card,0.0,3,Fashion,2,3,1,18.0,0.0,,2.0,236.03,,,,0-3,0
50152,2.0,Mobile Phone,1,28.0,Debit Card,3.0,2,Fashion,4,8,0,18.0,5.0,6.0,,219.96,36.660000000000004,2.0,0.8333333333333334,,0
50153,11.0,Mobile Phone,3,13.0,Credit Card,2.0,2,Laptop & Accessory,5,2,1,24.0,0.0,7.0,7.0,156.05,22.292857142857144,0.5833333333333334,0.0,4-7,0
50154,0.0,Computer,1,6.0,Debit Card,2.0,3,Laptop & Accessory,4,2,0,20.0,0.0,1.0,4.0,163.97,163.97,1.0,0.0,4-7,0
50155,23.0,Mobile Phone,1,10.0,Debit Card,3.0,3,Others,4,4,0,14.0,,1.0,6.0,291.44,291.44,0.041666666666666664,,4-7,0
50156,26.0,Mobile Phone,1,9.0,Credit Card,2.0,3,Grocery,3,4,1,16.0,,1.0,3.0,275.84,275.84,0.037037037037037035,,0-3,0
50157,15.0,Mobile Phone,3,6.0,Debit Card,2.0,3,Laptop & Accessory,3,2,0,25.0,4.0,11.0,6.0,149.07,13.55181818181818,0.6875,0.36363636363636365,4-7,0
50158,2.0,Computer,3,8.0,Debit Card,2.0,3,Laptop & Accessory,2,2,0,18.0,0.0,1.0,9.0,145.54,145.54,0.3333333333333333,0.0,8-14,0
50159,28.0,Mobile Phone,1,26.0,Cash on Delivery,2.0,3,Laptop & Accessory,2,4,1,19.0,1.0,1.0,8.0,154.15,154.15,0.034482758620689655,1.0,8-14,0
50160,0.0,Computer,1,17.0,Credit Card,2.0,3,Laptop & Accessory,5,2,1,13.0,2.0,3.0,3.0,147.41,49.13666666666666,3.0,0.6666666666666666,0-3,0
50161,,Mobile Phone,1,6.0,Debit Card,2.0,3,Mobile Phone,2,2,0,12.0,1.0,5.0,7.0,121.15,24.23,,0.2,4-7,0
50162,7.0,Computer,1,30.0,Debit Card,,3,Mobile Phone,3,4,1,22.0,0.0,1.0,0.0,131.61,131.61,0.125,0.0,0-3,1
50163,11.0,Mobile Phone,1,29.0,Debit Card,2.0,3,Laptop & Accessory,2,10,0,14.0,0.0,1.0,2.0,157.45,157.45,0.08333333333333333,0.0,0-3,0
50164,0.0,Mobile Phone,1,,Credit Card,2.0,3,Mobile Phone,4,3,1,13.0,1.0,1.0,2.0,123.73,123.73,1.0,1.0,0-3,1
50165,1.0,Mobile Phone,1,14.0,Debit Card,3.0,3,Mobile Phone,2,2,0,21.0,0.0,1.0,2.0,133.1,133.1,0.5,0.0,0-3,0
50166,22.0,Computer,1,16.0,Debit Card,2.0,3,Others,5,10,1,11.0,,1.0,2.0,286.65,286.65,0.043478260869565216,,0-3,0
50167,9.0,Mobile Phone,1,9.0,Cash on Delivery,1.0,3,Laptop & Accessory,4,5,0,12.0,6.0,7.0,7.0,144.85,20.692857142857143,0.7,0.8571428571428571,4-7,0
50168,4.0,Computer,3,11.0,E wallet,,3,Mobile Phone,4,2,0,11.0,0.0,2.0,2.0,127.89,63.945,0.4,0.0,0-3,0
50169,0.0,Mobile Phone,3,10.0,E wallet,2.0,4,Laptop & Accessory,2,2,1,12.0,7.0,7.0,4.0,158.28,22.611428571428572,7.0,1.0,4-7,1
50170,10.0,Computer,1,,Credit Card,2.0,3,Mobile Phone,2,2,1,12.0,0.0,1.0,2.0,123.26,123.26,0.09090909090909091,0.0,0-3,0
50171,15.0,Computer,3,32.0,E wallet,3.0,3,Grocery,4,6,0,14.0,2.0,,8.0,235.25,,,,8-14,0
50172,,Mobile Phone,1,9.0,Debit Card,2.0,3,Mobile Phone,3,2,0,13.0,0.0,1.0,0.0,114.2,114.2,,0.0,0-3,1
50173,8.0,Mobile Phone,3,22.0,E wallet,3.0,3,Fashion,4,1,0,15.0,3.0,6.0,9.0,180.2,30.03333333333333,0.6666666666666666,0.5,8-14,0
50174,9.0,Computer,1,24.0,Debit Card,2.0,2,Mobile Phone,2,5,0,18.0,0.0,1.0,0.0,136.88,136.88,0.1,0.0,0-3,0
50175,24.0,Mobile Phone,1,8.0,Credit Card,2.0,5,Laptop & Accessory,4,6,0,18.0,0.0,1.0,2.0,154.82,154.82,0.04,0.0,0-3,0
50176,14.0,Mobile Phone,3,8.0,Debit Card,2.0,3,Grocery,4,2,0,19.0,1.0,,4.0,260.15,,,,4-7,0
50177,0.0,Mobile Phone,3,16.0,Credit Card,3.0,4,Mobile Phone,3,2,0,12.0,1.0,1.0,0.0,112.0,112.0,1.0,1.0,0-3,0
50178,1.0,Mobile Phone,1,22.0,Credit Card,3.0,2,Laptop & Accessory,5,1,0,19.0,0.0,1.0,7.0,156.61,156.61,0.5,0.0,4-7,0
50179,4.0,Mobile Phone,3,13.0,Cash on Delivery,3.0,2,Laptop & Accessory,2,5,0,11.0,3.0,7.0,7.0,169.29,24.184285714285714,1.4,0.42857142857142855,4-7,0
50180,12.0,Mobile Phone,1,6.0,Credit Card,2.0,2,Fashion,2,1,0,17.0,3.0,3.0,7.0,196.13,65.37666666666667,0.23076923076923078,1.0,4-7,0
50181,9.0,Computer,1,30.0,Debit Card,2.0,3,Laptop & Accessory,4,8,0,15.0,0.0,1.0,8.0,156.74,156.74,0.1,0.0,8-14,0
50182,5.0,Mobile Phone,3,13.0,Debit Card,3.0,4,Laptop & Accessory,3,2,0,14.0,1.0,4.0,8.0,154.84,38.71,0.6666666666666666,0.25,8-14,0
50183,11.0,Mobile Phone,1,31.0,Debit Card,2.0,4,Fashion,4,4,0,17.0,1.0,1.0,,220.61,220.61,0.08333333333333333,1.0,,0
50184,30.0,Computer,1,6.0,Debit Card,2.0,5,Laptop & Accessory,3,3,1,13.0,1.0,1.0,2.0,156.6,156.6,0.03225806451612903,1.0,0-3,0
50185,4.0,Mobile Phone,1,11.0,Cash on Delivery,2.0,3,Mobile Phone,2,1,1,12.0,0.0,1.0,3.0,148.21,148.21,0.2,0.0,0-3,0
50186,4.0,Mobile Phone,2,8.0,UPI,3.0,4,Laptop & Accessory,5,4,0,12.0,0.0,1.0,0.0,164.1,164.1,0.2,0.0,0-3,0
50187,18.0,Computer,1,13.0,Debit Card,3.0,3,Fashion,5,2,0,18.0,5.0,9.0,11.0,152.1,16.9,0.47368421052631576,0.5555555555555556,8-14,0
50188,4.0,Mobile Phone,1,8.0,Debit Card,,3,Mobile Phone,2,1,1,18.0,1.0,2.0,2.0,126.95,63.475,0.4,0.5,0-3,0
50189,6.0,Computer,1,11.0,Debit Card,3.0,3,Fashion,4,7,0,11.0,2.0,8.0,,218.78,27.3475,1.1428571428571428,0.25,,0
50190,12.0,Mobile Phone,1,16.0,Credit Card,2.0,3,Grocery,5,2,1,14.0,,11.0,10.0,270.68,24.60727272727273,0.8461538461538461,,8-14,0
50191,16.0,Computer,1,,Debit Card,2.0,3,Mobile Phone,2,1,0,19.0,0.0,1.0,7.0,124.55,124.55,0.058823529411764705,0.0,4-7,0
50192,22.0,Mobile Phone,1,6.0,Cash on Delivery,2.0,4,Grocery,3,8,1,12.0,1.0,,7.0,239.64,,,,4-7,0
50193,15.0,Mobile Phone,1,14.0,Credit Card,2.0,4,Laptop & Accessory,4,3,0,15.0,7.0,7.0,7.0,149.41,21.344285714285714,0.4375,1.0,4-7,1
50194,0.0,Mobile Phone,1,,Debit Card,2.0,3,Mobile Phone,4,2,1,12.0,0.0,1.0,2.0,124.78,124.78,1.0,0.0,0-3,0
50195,5.0,Mobile Phone,3,14.0,Cash on Delivery,3.0,4,Laptop & Accessory,4,2,1,11.0,6.0,11.0,9.0,152.28,13.843636363636364,1.8333333333333333,0.5454545454545454,8-14,0
50196,0.0,Mobile Phone,3,8.0,Debit Card,3.0,3,Laptop & Accessory,3,2,1,11.0,1.0,1.0,4.0,144.78,144.78,1.0,1.0,4-7,0
50197,4.0,Mobile Phone,3,13.0,E wallet,3.0,3,Laptop & Accessory,2,5,0,12.0,0.0,1.0,7.0,175.47,175.47,0.2,0.0,4-7,0
50198,5.0,Mobile Phone,1,8.0,Credit Card,3.0,2,Laptop & Accessory,2,8,0,16.0,1.0,1.0,7.0,150.55,150.55,0.16666666666666666,1.0,4-7,0
50199,0.0,Mobile Phone,1,8.0,Credit Card,2.0,5,Mobile Phone,2,6,1,13.0,2.0,2.0,2.0,134.64,67.32,2.0,1.0,0-3,1
50200,3.0,Mobile Phone,1,34.0,Credit Card,3.0,3,Laptop & Accessory,2,2,0,13.0,0.0,1.0,9.0,157.75,157.75,0.25,0.0,8-14,0
50201,4.0,Computer,1,13.0,Debit Card,2.0,4,Fashion,3,2,0,24.0,3.0,8.0,9.0,189.43,23.67875,1.6,0.375,8-14,0
50202,12.0,Computer,1,5.0,Credit Card,2.0,4,Others,2,2,0,,9.0,13.0,3.0,292.72,22.516923076923078,1.0,0.6923076923076923,0-3,0
50203,2.0,Mobile Phone,3,9.0,Credit Card,2.0,3,Laptop & Accessory,3,5,1,18.0,1.0,1.0,0.0,152.38,152.38,0.3333333333333333,1.0,0-3,1
50204,6.0,Computer,3,16.0,E wallet,2.0,4,Laptop & Accessory,2,4,0,14.0,1.0,1.0,1.0,146.82,146.82,0.14285714285714285,1.0,0-3,0
50205,20.0,Mobile Phone,1,11.0,Debit Card,2.0,3,Others,3,5,0,11.0,,1.0,1.0,283.0,283.0,0.047619047619047616,,0-3,0
50206,16.0,Computer,1,16.0,Debit Card,2.0,4,Laptop & Accessory,3,2,0,11.0,0.0,1.0,0.0,152.57,152.57,0.058823529411764705,0.0,0-3,0
50207,0.0,Computer,3,6.0,E wallet,3.0,3,Laptop & Accessory,4,1,1,13.0,0.0,1.0,4.0,163.49,163.49,1.0,0.0,4-7,0
50208,27.0,Computer,1,26.0,Debit Card,2.0,3,Laptop & Accessory,3,4,0,12.0,1.0,1.0,3.0,148.69,148.69,0.03571428571428571,1.0,0-3,0
50209,16.0,Mobile Phone,1,13.0,Debit Card,2.0,3,Fashion,5,9,0,16.0,1.0,1.0,0.0,199.85,199.85,0.058823529411764705,1.0,0-3,0
50210,18.0,Mobile Phone,1,14.0,UPI,3.0,3,Laptop & Accessory,2,10,0,14.0,7.0,9.0,8.0,136.97,15.21888888888889,0.47368421052631576,0.7777777777777778,8-14,0
50211,13.0,Mobile Phone,3,6.0,Credit Card,2.0,5,Laptop & Accessory,2,3,1,22.0,1.0,1.0,2.0,174.57,174.57,0.07142857142857142,1.0,0-3,0
50212,,Mobile Phone,1,14.0,UPI,3.0,5,Mobile Phone,5,2,1,11.0,1.0,1.0,7.0,121.19,121.19,,1.0,4-7,1
50213,2.0,Mobile Phone,1,15.0,UPI,1.0,4,Mobile Phone,2,1,0,17.0,2.0,2.0,2.0,139.83,69.915,0.6666666666666666,1.0,0-3,0
50214,3.0,Mobile Phone,3,11.0,E wallet,1.0,4,Laptop & Accessory,3,2,0,13.0,0.0,1.0,2.0,161.18,161.18,0.25,0.0,0-3,0
50215,0.0,Mobile Phone,3,14.0,E wallet,2.0,3,Laptop & Accessory,4,2,0,18.0,0.0,1.0,7.0,162.14,162.14,1.0,0.0,4-7,0
50216,10.0,Mobile Phone,1,11.0,Credit Card,3.0,3,Laptop & Accessory,2,8,0,16.0,0.0,1.0,4.0,163.47,163.47,0.09090909090909091,0.0,4-7,0
50217,11.0,Mobile Phone,1,21.0,Debit Card,3.0,4,Fashion,2,1,1,14.0,1.0,2.0,,215.1,107.55,0.16666666666666666,0.5,,0
50218,4.0,Mobile Phone,1,13.0,Credit Card,2.0,3,Fashion,2,2,1,14.0,2.0,4.0,10.0,171.43,42.8575,0.8,0.5,8-14,0
50219,2.0,Mobile Phone,3,16.0,E wallet,2.0,4,Laptop & Accessory,4,2,1,14.0,0.0,1.0,7.0,182.68,182.68,0.3333333333333333,0.0,4-7,0
50220,8.0,Mobile Phone,1,11.0,Cash on Delivery,3.0,3,Fashion,4,1,0,13.0,0.0,1.0,13.0,180.95,180.95,0.1111111111111111,0.0,8-14,0
50221,0.0,Mobile Phone,1,32.0,Debit Card,,3,Mobile Phone,2,2,0,12.0,1.0,1.0,2.0,129.04,129.04,1.0,1.0,0-3,0
50222,14.0,Mobile Phone,1,12.0,Credit Card,3.0,4,Laptop & Accessory,4,7,1,15.0,1.0,1.0,2.0,160.32,160.32,0.06666666666666667,1.0,0-3,0
50223,20.0,Computer,3,10.0,Credit Card,,3,Laptop & Accessory,3,4,0,19.0,0.0,1.0,0.0,129.76,129.76,0.047619047619047616,0.0,0-3,0
50224,15.0,Mobile Phone,1,29.0,Debit Card,2.0,3,Grocery,2,3,0,14.0,0.0,,0.0,259.92,,,,0-3,0
50225,2.0,Computer,3,8.0,Debit Card,3.0,3,Laptop & Accessory,3,2,0,14.0,1.0,1.0,2.0,146.49,146.49,0.3333333333333333,1.0,0-3,0
50226,15.0,Mobile Phone,2,8.0,Cash on Delivery,,3,Mobile Phone,3,1,1,11.0,1.0,1.0,0.0,126.96,126.96,0.0625,1.0,0-3,0
50227,5.0,Mobile Phone,1,,Credit Card,3.0,3,Mobile Phone,4,2,0,13.0,0.0,1.0,7.0,123.7,123.7,0.16666666666666666,0.0,4-7,0
50228,21.0,Mobile Phone,3,35.0,Credit Card,3.0,3,Fashion,3,4,0,21.0,0.0,1.0,,225.04,225.04,0.045454545454545456,0.0,,0
50229,10.0,Mobile Phone,1,12.0,Credit Card,2.0,2,Laptop & Accessory,5,5,1,13.0,2.0,6.0,7.0,159.74,26.623333333333335,0.5454545454545454,0.3333333333333333,4-7,0
50230,3.0,Computer,3,31.0,Cash on Delivery,2.0,3,Laptop & Accessory,3,8,1,12.0,1.0,2.0,2.0,147.36,73.68,0.5,0.5,0-3,0
50231,0.0,Mobile Phone,3,6.0,Debit Card,2.0,3,Laptop & Accessory,3,2,0,17.0,2.0,7.0,7.0,152.96,21.851428571428574,7.0,0.2857142857142857,4-7,0
50232,15.0,Mobile Phone,1,8.0,UPI,3.0,4,Laptop & Accessory,2,4,0,23.0,0.0,1.0,0.0,167.81,167.81,0.0625,0.0,0-3,0
50233,,Computer,3,6.0,Cash on Delivery,2.0,4,Mobile Phone,4,2,1,11.0,1.0,1.0,2.0,121.74,121.74,,1.0,0-3,1
50234,9.0,Computer,3,6.0,Credit Card,2.0,3,Laptop & Accessory,2,5,0,15.0,1.0,1.0,0.0,166.53,166.53,0.1,1.0,0-3,0
50235,9.0,Computer,3,9.0,Credit Card,2.0,4,Fashion,2,5,0,11.0,0.0,1.0,12.0,196.99,196.99,0.1,0.0,8-14,0
50236,30.0,Mobile Phone,1,6.0,Credit Card,2.0,3,Laptop & Accessory,3,3,0,11.0,1.0,1.0,2.0,167.55,167.55,0.03225806451612903,1.0,0-3,0
50237,,Mobile Phone,1,16.0,Debit Card,2.0,2,Mobile Phone,3,4,1,13.0,0.0,1.0,7.0,122.13,122.13,,0.0,4-7,0
50238,0.0,Computer,3,,Credit Card,2.0,3,Mobile Phone,2,2,0,24.0,0.0,2.0,2.0,126.1,63.05,2.0,0.0,0-3,0
50239,0.0,Mobile Phone,3,11.0,E wallet,,3,Mobile Phone,3,2,1,13.0,1.0,1.0,0.0,128.51,128.51,1.0,1.0,0-3,1
50240,10.0,Mobile Phone,1,16.0,Credit Card,3.0,3,Mobile Phone,5,7,0,20.0,1.0,1.0,3.0,134.52,134.52,0.09090909090909091,1.0,0-3,0
50241,19.0,Computer,1,13.0,Credit Card,1.0,3,Laptop & Accessory,3,3,0,14.0,0.0,1.0,0.0,152.58,152.58,0.05,0.0,0-3,0
50242,4.0,Computer,3,10.0,E wallet,2.0,3,Laptop & Accessory,4,2,0,18.0,7.0,7.0,7.0,193.55,27.650000000000002,1.4,1.0,4-7,1
50243,23.0,Mobile Phone,1,16.0,Cash on Delivery,3.0,4,Fashion,2,7,0,15.0,0.0,1.0,3.0,204.96,204.96,0.041666666666666664,0.0,0-3,0
50244,3.0,Mobile Phone,3,28.0,E wallet,3.0,4,Laptop & Accessory,3,3,1,12.0,1.0,1.0,0.0,163.8,163.8,0.25,1.0,0-3,1
50245,4.0,Mobile Phone,1,,Debit Card,2.0,4,Mobile Phone,4,1,1,16.0,1.0,2.0,2.0,126.57,63.285,0.4,0.5,0-3,0
50246,0.0,Mobile Phone,3,18.0,Debit Card,,2,Mobile Phone,4,2,0,15.0,0.0,1.0,0.0,127.16,127.16,1.0,0.0,0-3,1
50247,,Mobile Phone,1,29.0,Debit Card,2.0,3,Mobile Phone,2,10,0,16.0,1.0,1.0,2.0,122.01,122.01,,1.0,0-3,0
50248,8.0,Mobile Phone,1,15.0,Debit Card,3.0,4,Laptop & Accessory,4,10,0,19.0,1.0,1.0,0.0,165.4,165.4,0.1111111111111111,1.0,0-3,0
50249,0.0,Mobile Phone,1,6.0,Credit Card,2.0,3,Mobile Phone,4,2,0,11.0,0.0,1.0,4.0,138.16,138.16,1.0,0.0,4-7,0
50250,1.0,Mobile Phone,3,15.0,Debit Card,3.0,3,Laptop & Accessory,2,2,0,16.0,1.0,1.0,7.0,152.53,152.53,0.5,1.0,4-7,0
50251,22.0,Mobile Phone,1,13.0,UPI,2.0,4,Fashion,3,9,0,24.0,1.0,1.0,0.0,145.0,145.0,0.043478260869565216,1.0,0-3,0
50252,24.0,Mobile Phone,3,20.0,Debit Card,2.0,3,Laptop & Accessory,2,5,0,11.0,0.0,1.0,7.0,149.36,149.36,0.04,0.0,4-7,0
50253,9.0,Mobile Phone,1,,Debit Card,3.0,3,Mobile Phone,3,5,0,13.0,1.0,2.0,2.0,125.43,62.715,0.2,0.5,0-3,0
50254,0.0,Computer,3,25.0,E wallet,3.0,2,Laptop & Accessory,2,9,1,13.0,1.0,1.0,4.0,153.04,153.04,1.0,1.0,4-7,1
50255,28.0,Mobile Phone,1,8.0,Debit Card,3.0,3,Grocery,2,3,1,13.0,,1.0,2.0,266.59,266.59,0.034482758620689655,,0-3,0
50256,0.0,Mobile Phone,3,16.0,E wallet,3.0,3,Laptop & Accessory,3,2,1,12.0,0.0,1.0,3.0,142.6,142.6,1.0,0.0,0-3,0
50257,3.0,Mobile Phone,3,,Cash on Delivery,3.0,3,Mobile Phone,4,2,0,18.0,1.0,1.0,0.0,124.76,124.76,0.25,1.0,0-3,0
50258,0.0,Computer,1,9.0,Cash on Delivery,,3,Mobile Phone,5,1,0,22.0,0.0,1.0,4.0,131.02,131.02,1.0,0.0,4-7,1
50259,,Mobile Phone,1,17.0,Credit Card,2.0,3,Mobile Phone,4,2,0,13.0,1.0,1.0,2.0,122.44,122.44,,1.0,0-3,0
50260,9.0,Mobile Phone,3,8.0,Credit Card,3.0,4,Fashion,3,2,0,13.0,9.0,9.0,0.0,175.96,19.551111111111112,0.9,1.0,0-3,0
50261,,Computer,1,10.0,Cash on Delivery,2.0,3,Mobile Phone,2,19,1,23.0,1.0,1.0,0.0,122.85,122.85,,1.0,0-3,1
50262,10.0,Mobile Phone,1,20.0,Debit Card,,3,Mobile Phone,5,2,0,12.0,3.0,12.0,17.0,130.34,10.861666666666666,1.0909090909090908,0.25,15+,0
50263,13.0,Mobile Phone,3,8.0,E wallet,2.0,3,Laptop & Accessory,4,8,0,12.0,0.0,1.0,3.0,157.15,157.15,0.07142857142857142,0.0,0-3,0
50264,15.0,Mobile Phone,1,,Debit Card,3.0,3,Mobile Phone,5,4,0,16.0,1.0,1.0,2.0,125.76,125.76,0.0625,1.0,0-3,0
50265,10.0,Mobile Phone,1,16.0,Debit Card,2.0,3,Laptop & Accessory,4,3,1,12.0,0.0,1.0,1.0,141.97,141.97,0.09090909090909091,0.0,0-3,0
50266,16.0,Mobile Phone,1,18.0,Debit Card,2.0,4,Grocery,4,2,0,11.0,0.0,,9.0,243.36,,,,8-14,0
50267,13.0,Mobile Phone,1,8.0,Credit Card,3.0,4,Laptop & Accessory,3,7,0,22.0,1.0,1.0,0.0,134.48,134.48,0.07142857142857142,1.0,0-3,0
50268,27.0,Mobile Phone,1,11.0,Credit Card,2.0,3,Others,5,5,0,,1.0,1.0,2.0,294.06,294.06,0.03571428571428571,1.0,0-3,0
50269,7.0,Computer,3,10.0,E wallet,3.0,3,Laptop & Accessory,3,10,0,15.0,1.0,1.0,2.0,165.38,165.38,0.125,1.0,0-3,0
50270,4.0,Mobile Phone,1,13.0,Credit Card,2.0,3,Laptop & Accessory,5,2,0,12.0,3.0,3.0,12.0,143.06,47.68666666666667,0.6,1.0,8-14,0
50271,,Computer,1,27.0,Credit Card,3.0,3,Mobile Phone,2,8,0,20.0,0.0,1.0,2.0,122.58,122.58,,0.0,0-3,0
50272,16.0,Mobile Phone,1,14.0,UPI,3.0,3,Laptop & Accessory,3,5,1,14.0,0.0,1.0,2.0,145.22,145.22,0.058823529411764705,0.0,0-3,0
50273,0.0,Mobile Phone,3,10.0,Debit Card,2.0,4,Laptop & Accessory,2,2,1,11.0,0.0,1.0,3.0,144.87,144.87,1.0,0.0,0-3,0
50274,10.0,Computer,1,31.0,Credit Card,3.0,3,Laptop & Accessory,3,4,1,15.0,3.0,10.0,7.0,144.49,14.449000000000002,0.9090909090909091,0.3,4-7,0
50275,,Mobile Phone,1,6.0,Debit Card,3.0,4,Mobile Phone,5,2,0,12.0,0.0,3.0,2.0,122.18,40.72666666666667,,0.0,0-3,0
50276,12.0,Computer,1,6.0,Debit Card,2.0,3,Others,3,2,1,14.0,0.0,1.0,6.0,291.97,291.97,0.07692307692307693,0.0,4-7,0
50277,29.0,Computer,3,12.0,Debit Card,2.0,2,Grocery,5,10,0,11.0,2.0,,7.0,232.12,,,,4-7,0
50278,3.0,Mobile Phone,3,18.0,Cash on Delivery,2.0,3,Laptop & Accessory,3,1,0,11.0,3.0,4.0,4.0,165.77,41.4425,1.0,0.75,4-7,0
50279,14.0,Mobile Phone,3,6.0,E wallet,2.0,2,Fashion,5,2,0,16.0,1.0,1.0,7.0,183.92,183.92,0.06666666666666667,1.0,4-7,0
50280,1.0,Mobile Phone,1,23.0,Credit Card,3.0,3,Laptop & Accessory,5,2,0,12.0,0.0,1.0,8.0,145.58,145.58,0.5,0.0,8-14,0
50281,0.0,Mobile Phone,1,9.0,Credit Card,3.0,3,Mobile Phone,5,6,0,13.0,1.0,1.0,2.0,140.31,140.31,1.0,1.0,0-3,1
50282,25.0,Mobile Phone,1,9.0,Credit Card,2.0,4,Fashion,3,3,1,14.0,0.0,1.0,4.0,179.69,179.69,0.038461538461538464,0.0,4-7,0
50283,18.0,Mobile Phone,1,,Debit Card,3.0,3,Mobile Phone,2,4,0,21.0,1.0,1.0,2.0,126.54,126.54,0.05263157894736842,1.0,0-3,0
50284,25.0,Mobile Phone,1,10.0,Debit Card,1.0,3,Grocery,2,3,0,13.0,,1.0,4.0,265.55,265.55,0.038461538461538464,,4-7,0
50285,15.0,Computer,1,35.0,Debit Card,3.0,3,Laptop & Accessory,3,3,0,11.0,1.0,1.0,2.0,145.56,145.56,0.0625,1.0,0-3,0
50286,3.0,Mobile Phone,1,8.0,Debit Card,2.0,5,Laptop & Accessory,2,3,0,20.0,0.0,1.0,2.0,160.91,160.91,0.25,0.0,0-3,0
50287,30.0,Mobile Phone,1,13.0,Debit Card,2.0,3,Others,5,6,0,,0.0,11.0,10.0,295.66,26.87818181818182,0.3548387096774194,0.0,8-14,0
50288,19.0,Mobile Phone,1,24.0,Credit Card,2.0,3,Laptop & Accessory,3,3,0,14.0,0.0,1.0,8.0,148.1,148.1,0.05,0.0,8-14,0
50289,15.0,Computer,1,34.0,Cash on Delivery,2.0,4,Laptop & Accessory,2,1,0,11.0,0.0,1.0,4.0,145.23,145.23,0.0625,0.0,4-7,0
50290,0.0,Mobile Phone,3,6.0,Cash on Delivery,3.0,3,Mobile Phone,4,2,1,16.0,1.0,1.0,4.0,132.02,132.02,1.0,1.0,4-7,1
50291,0.0,Computer,3,,E wallet,2.0,5,Mobile Phone,3,1,0,16.0,1.0,1.0,0.0,123.51,123.51,1.0,1.0,0-3,1
50292,,Computer,1,8.0,Debit Card,2.0,3,Mobile Phone,2,2,1,23.0,1.0,1.0,0.0,117.02,117.02,,1.0,0-3,0
50293,13.0,Mobile Phone,3,8.0,Debit Card,3.0,3,Others,3,1,0,14.0,,1.0,12.0,280.41,280.41,0.07142857142857142,,8-14,0
50294,0.0,Mobile Phone,1,29.0,Debit Card,,3,Mobile Phone,2,2,0,22.0,1.0,1.0,2.0,128.86,128.86,1.0,1.0,0-3,0
50295,,Computer,1,9.0,Debit Card,2.0,3,Mobile Phone,2,5,0,15.0,0.0,1.0,4.0,120.97,120.97,,0.0,4-7,0
50296,2.0,Mobile Phone,1,9.0,Credit Card,3.0,4,Fashion,3,2,0,18.0,1.0,1.0,,219.35,219.35,0.3333333333333333,1.0,,0
50297,0.0,Mobile Phone,1,,Cash on Delivery,3.0,4,Mobile Phone,4,6,0,16.0,0.0,1.0,1.0,125.46,125.46,1.0,0.0,0-3,1
50298,0.0,Mobile Phone,2,,Cash on Delivery,2.0,4,Mobile Phone,2,2,0,12.0,1.0,1.0,0.0,125.64,125.64,1.0,1.0,0-3,1
50299,3.0,Computer,3,28.0,UPI,3.0,3,Fashion,5,1,0,11.0,2.0,7.0,8.0,184.12,26.302857142857142,1.75,0.2857142857142857,8-14,0
50300,30.0,Mobile Phone,3,35.0,E wallet,2.0,4,Grocery,2,4,0,12.0,0.0,,0.0,241.18,,,,0-3,0
50301,23.0,Mobile Phone,1,35.0,Debit Card,2.0,4,Grocery,3,1,0,15.0,,15.0,7.0,270.46,18.030666666666665,0.625,,4-7,0
50302,3.0,Computer,1,,Credit Card,2.0,3,Mobile Phone,2,1,0,14.0,5.0,6.0,7.0,125.64,20.94,1.5,0.8333333333333334,4-7,0
50303,30.0,Computer,3,34.0,E wallet,3.0,4,Fashion,5,5,0,19.0,13.0,13.0,11.0,202.66,15.589230769230769,0.41935483870967744,1.0,8-14,0
50304,20.0,Mobile Phone,1,8.0,Credit Card,3.0,3,Laptop & Accessory,2,6,0,13.0,0.0,1.0,4.0,150.7,150.7,0.047619047619047616,0.0,4-7,0
50305,19.0,Mobile Phone,1,8.0,Debit Card,2.0,3,Grocery,3,7,0,13.0,,1.0,1.0,278.61,278.61,0.05,,0-3,0
50306,8.0,Mobile Phone,1,28.0,Debit Card,2.0,5,Mobile Phone,3,1,0,15.0,2.0,4.0,3.0,142.3,35.575,0.4444444444444444,0.5,0-3,0
50307,27.0,Mobile Phone,1,14.0,Debit Card,2.0,3,Laptop & Accessory,3,8,0,11.0,1.0,1.0,0.0,137.8,137.8,0.03571428571428571,1.0,0-3,0
50308,7.0,Mobile Phone,1,8.0,Debit Card,,4,Mobile Phone,3,4,0,12.0,5.0,5.0,7.0,127.68,25.536,0.625,1.0,4-7,0
50309,19.0,Mobile Phone,3,16.0,E wallet,3.0,4,Fashion,2,3,1,19.0,1.0,1.0,2.0,190.71,190.71,0.05,1.0,0-3,0
50310,4.0,Mobile Phone,1,15.0,Debit Card,2.0,3,Fashion,4,2,0,25.0,1.0,1.0,8.0,206.48,206.48,0.2,1.0,8-14,0
50311,0.0,Mobile Phone,1,21.0,Credit Card,2.0,3,Fashion,3,8,1,12.0,0.0,,7.0,236.1,,,,4-7,1
50312,0.0,Mobile Phone,1,16.0,Credit Card,2.0,5,Mobile Phone,2,8,0,13.0,0.0,1.0,3.0,134.08,134.08,1.0,0.0,0-3,1
50313,3.0,Mobile Phone,3,13.0,E wallet,,3,Mobile Phone,4,1,0,14.0,1.0,1.0,2.0,129.83,129.83,0.25,1.0,0-3,0
50314,8.0,Mobile Phone,1,22.0,Debit Card,3.0,3,Fashion,3,5,1,12.0,0.0,1.0,0.0,176.32,176.32,0.1111111111111111,0.0,0-3,0
50315,0.0,Computer,1,26.0,Debit Card,3.0,3,Fashion,3,4,0,12.0,1.0,1.0,0.0,198.24,198.24,1.0,1.0,0-3,1
50316,0.0,Computer,2,29.0,UPI,2.0,3,Fashion,5,10,1,15.0,1.0,1.0,2.0,199.5,199.5,1.0,1.0,0-3,1
50317,,Computer,1,11.0,UPI,3.0,3,Mobile Phone,3,5,0,17.0,2.0,2.0,0.0,120.93,60.465,,1.0,0-3,0
50318,9.0,Computer,3,16.0,Credit Card,2.0,3,Fashion,2,2,0,14.0,1.0,9.0,7.0,199.8,22.200000000000003,0.9,0.1111111111111111,4-7,0
50319,0.0,Computer,1,10.0,Cash on Delivery,2.0,4,Mobile Phone,3,6,0,16.0,1.0,1.0,2.0,138.94,138.94,1.0,1.0,0-3,1
50320,21.0,Mobile Phone,3,8.0,E wallet,2.0,3,Laptop & Accessory,2,3,0,14.0,4.0,6.0,7.0,140.51,23.418333333333333,0.2727272727272727,0.6666666666666666,4-7,0
50321,28.0,Mobile Phone,3,24.0,Debit Card,2.0,3,Grocery,4,4,0,23.0,,7.0,7.0,268.35,38.33571428571429,0.2413793103448276,,4-7,0
50322,14.0,Computer,3,16.0,Debit Card,2.0,3,Laptop & Accessory,2,8,0,14.0,0.0,1.0,10.0,162.3,162.3,0.06666666666666667,0.0,8-14,0
50323,8.0,Mobile Phone,3,6.0,E wallet,2.0,3,Laptop & Accessory,3,10,0,11.0,3.0,6.0,9.0,147.17,24.528333333333332,0.6666666666666666,0.5,8-14,0
50324,13.0,Mobile Phone,1,12.0,Debit Card,3.0,3,Grocery,3,8,0,15.0,4.0,,13.0,232.37,,,,8-14,0
50325,12.0,Computer,1,14.0,Debit Card,2.0,3,Mobile Phone,3,2,0,11.0,0.0,1.0,7.0,137.55,137.55,0.07692307692307693,0.0,4-7,0
50326,4.0,Mobile Phone,3,8.0,Debit Card,3.0,3,Laptop & Accessory,2,5,1,13.0,1.0,1.0,5.0,165.82,165.82,0.2,1.0,4-7,0
50327,15.0,Mobile Phone,1,30.0,Credit Card,2.0,3,Fashion,5,2,1,21.0,4.0,5.0,8.0,174.06,34.812,0.3125,0.8,8-14,0
50328,18.0,Mobile Phone,3,8.0,UPI,3.0,3,Laptop & Accessory,4,1,0,19.0,3.0,3.0,7.0,148.05,49.35,0.15789473684210525,1.0,4-7,0
50329,0.0,Computer,2,23.0,Debit Card,,3,Mobile Phone,3,1,1,11.0,0.0,1.0,0.0,127.41,127.41,1.0,0.0,0-3,1
50330,2.0,Mobile Phone,1,25.0,Cash on Delivery,2.0,3,Laptop & Accessory,2,5,0,12.0,0.0,1.0,2.0,142.62,142.62,0.3333333333333333,0.0,0-3,0
50331,6.0,Mobile Phone,1,6.0,Credit Card,3.0,2,Grocery,3,5,0,19.0,,1.0,5.0,261.84,261.84,0.14285714285714285,,4-7,0
50332,0.0,Mobile Phone,3,13.0,Debit Card,2.0,4,Fashion,2,10,0,21.0,1.0,1.0,,215.57,215.57,1.0,1.0,,0
50333,,Computer,3,11.0,E wallet,3.0,3,Mobile Phone,4,2,1,14.0,1.0,1.0,0.0,118.78,118.78,,1.0,0-3,1
50334,13.0,Computer,3,34.0,UPI,2.0,5,Fashion,5,4,0,15.0,1.0,1.0,,209.32,209.32,0.07142857142857142,1.0,,0
50335,14.0,Computer,1,8.0,UPI,3.0,4,Laptop & Accessory,3,3,1,17.0,0.0,1.0,7.0,168.11,168.11,0.06666666666666667,0.0,4-7,0
50336,0.0,Mobile Phone,3,35.0,Credit Card,2.0,3,Laptop & Accessory,3,6,0,12.0,1.0,1.0,0.0,143.06,143.06,1.0,1.0,0-3,0
50337,8.0,Mobile Phone,3,6.0,Credit Card,3.0,3,Laptop & Accessory,3,2,0,16.0,0.0,1.0,3.0,148.59,148.59,0.1111111111111111,0.0,0-3,0
50338,7.0,Mobile Phone,3,27.0,Debit Card,3.0,2,Laptop & Accessory,2,2,0,12.0,5.0,5.0,7.0,153.37,30.674,0.625,1.0,4-7,0
50339,0.0,Mobile Phone,1,,Cash on Delivery,3.0,5,Mobile Phone,2,2,1,18.0,1.0,1.0,0.0,123.4,123.4,1.0,1.0,0-3,1
50340,10.0,Mobile Phone,1,6.0,Cash on Delivery,2.0,3,Fashion,2,5,0,17.0,1.0,1.0,2.0,174.91,174.91,0.09090909090909091,1.0,0-3,0
50341,19.0,Computer,1,24.0,Credit Card,2.0,3,Fashion,3,6,0,11.0,1.0,1.0,2.0,205.27,205.27,0.05,1.0,0-3,0
50342,14.0,Mobile Phone,3,8.0,Debit Card,3.0,3,Grocery,5,8,0,16.0,,11.0,8.0,265.95,24.177272727272726,0.7333333333333333,,8-14,0
50343,10.0,Computer,3,15.0,Credit Card,3.0,3,Fashion,4,2,0,13.0,6.0,7.0,7.0,188.34,26.905714285714286,0.6363636363636364,0.8571428571428571,4-7,0
50344,25.0,Mobile Phone,1,12.0,Cash on Delivery,3.0,3,Laptop & Accessory,5,4,1,12.0,2.0,6.0,9.0,155.77,25.96166666666667,0.23076923076923078,0.3333333333333333,8-14,0
50345,0.0,Computer,3,17.0,UPI,2.0,2,Laptop & Accessory,3,9,0,12.0,1.0,1.0,2.0,147.07,147.07,1.0,1.0,0-3,1
50346,0.0,Computer,3,,Credit Card,2.0,3,Mobile Phone,2,1,0,13.0,0.0,2.0,1.0,124.0,62.0,2.0,0.0,0-3,0
50347,11.0,Mobile Phone,1,16.0,Credit Card,3.0,3,Laptop & Accessory,3,4,0,19.0,1.0,1.0,0.0,198.24,198.24,0.08333333333333333,1.0,0-3,0
50348,10.0,Mobile Phone,1,6.0,Debit Card,3.0,3,Laptop & Accessory,4,7,0,12.0,3.0,4.0,3.0,164.47,41.1175,0.36363636363636365,0.75,0-3,0
50349,22.0,Mobile Phone,1,24.0,Debit Card,2.0,4,Others,3,2,1,,0.0,1.0,9.0,295.02,295.02,0.043478260869565216,0.0,8-14,0
50350,0.0,Mobile Phone,1,29.0,Credit Card,,2,Mobile Phone,2,2,1,11.0,0.0,1.0,4.0,127.25,127.25,1.0,0.0,4-7,0
50351,0.0,Mobile Phone,3,34.0,E wallet,3.0,3,Laptop & Accessory,4,2,0,20.0,1.0,1.0,4.0,162.72,162.72,1.0,1.0,4-7,0
50352,,Mobile Phone,1,23.0,UPI,3.0,4,Mobile Phone,4,2,0,21.0,1.0,1.0,0.0,121.27,121.27,,1.0,0-3,0
50353,23.0,Computer,2,9.0,Credit Card,2.0,3,Others,4,2,0,11.0,,10.0,7.0,282.0,28.2,0.4166666666666667,,4-7,0
50354,,Mobile Phone,3,19.0,Credit Card,2.0,3,Mobile Phone,3,2,0,11.0,1.0,1.0,6.0,120.96,120.96,,1.0,4-7,0
50355,0.0,Computer,1,13.0,Debit Card,,3,Mobile Phone,3,2,1,16.0,0.0,1.0,2.0,128.86,128.86,1.0,0.0,0-3,1
50356,,Computer,3,18.0,Debit Card,3.0,4,Mobile Phone,5,2,0,18.0,1.0,1.0,0.0,120.33,120.33,,1.0,0-3,1
50357,7.0,Mobile Phone,1,6.0,Debit Card,2.0,4,Mobile Phone,2,2,1,13.0,0.0,1.0,3.0,136.22,136.22,0.125,0.0,0-3,0
50358,0.0,Mobile Phone,3,19.0,Credit Card,2.0,3,Laptop & Accessory,5,3,0,17.0,0.0,1.0,2.0,142.33,142.33,1.0,0.0,0-3,1
50359,8.0,Mobile Phone,1,31.0,UPI,2.0,4,Laptop & Accessory,2,5,0,14.0,0.0,1.0,2.0,136.81,136.81,0.1111111111111111,0.0,0-3,0
50360,4.0,Mobile Phone,3,12.0,Credit Card,3.0,2,Laptop & Accessory,2,5,0,22.0,3.0,5.0,7.0,154.6,30.919999999999998,1.0,0.6,4-7,0
50361,,Mobile Phone,1,12.0,Credit Card,3.0,4,Mobile Phone,3,1,0,12.0,1.0,1.0,3.0,121.87,121.87,,1.0,0-3,0
50362,10.0,Mobile Phone,3,8.0,E wallet,3.0,3,Laptop & Accessory,3,5,1,11.0,0.0,1.0,0.0,196.02,196.02,0.09090909090909091,0.0,0-3,0
50363,0.0,Mobile Phone,1,6.0,Debit Card,,4,Mobile Phone,4,2,0,13.0,1.0,1.0,0.0,128.36,128.36,1.0,1.0,0-3,0
50364,15.0,Mobile Phone,1,8.0,Debit Card,2.0,3,Laptop & Accessory,2,2,0,13.0,2.0,2.0,2.0,140.89,70.445,0.125,1.0,0-3,0
50365,16.0,Mobile Phone,1,12.0,UPI,2.0,4,Grocery,2,5,1,14.0,,1.0,0.0,266.27,266.27,0.058823529411764705,,0-3,0
50366,11.0,Mobile Phone,1,,Debit Card,2.0,3,Mobile Phone,5,4,0,17.0,1.0,1.0,0.0,126.19,126.19,0.08333333333333333,1.0,0-3,0
50367,16.0,Computer,1,15.0,Credit Card,3.0,3,Laptop & Accessory,3,4,1,13.0,2.0,4.0,7.0,156.79,39.1975,0.23529411764705882,0.5,4-7,0
50368,21.0,Mobile Phone,1,6.0,Debit Card,2.0,4,Grocery,5,8,0,11.0,0.0,,2.0,254.02,,,,0-3,0
50369,17.0,Mobile Phone,2,6.0,Debit Card,2.0,4,Laptop & Accessory,3,5,0,11.0,1.0,1.0,2.0,159.85,159.85,0.05555555555555555,1.0,0-3,0
50370,7.0,Mobile Phone,3,,Cash on Delivery,2.0,3,Mobile Phone,3,2,1,18.0,1.0,1.0,6.0,125.79,125.79,0.125,1.0,4-7,0
50371,0.0,Mobile Phone,3,8.0,E wallet,,3,Mobile Phone,5,1,0,11.0,0.0,1.0,2.0,130.41,130.41,1.0,0.0,0-3,1
50372,0.0,Mobile Phone,3,28.0,Cash on Delivery,2.0,3,Mobile Phone,3,2,0,11.0,1.0,1.0,2.0,134.47,134.47,1.0,1.0,0-3,0
50373,17.0,Mobile Phone,1,9.0,UPI,2.0,3,Others,2,5,1,,1.0,1.0,1.0,295.13,295.13,0.05555555555555555,1.0,0-3,0
50374,0.0,Mobile Phone,1,12.0,Credit Card,,3,Mobile Phone,3,1,0,20.0,2.0,2.0,2.0,127.73,63.865,2.0,1.0,0-3,0
50375,6.0,Mobile Phone,3,14.0,E wallet,2.0,3,Laptop & Accessory,3,1,0,12.0,1.0,1.0,2.0,171.04,171.04,0.14285714285714285,1.0,0-3,0
50376,5.0,Mobile Phone,1,15.0,Debit Card,3.0,3,Laptop & Accessory,2,2,1,12.0,1.0,1.0,5.0,163.22,163.22,0.16666666666666666,1.0,4-7,0
50377,,Computer,1,9.0,Credit Card,3.0,3,Mobile Phone,3,2,0,20.0,1.0,1.0,0.0,120.83,120.83,,1.0,0-3,0
50378,26.0,Mobile Phone,3,6.0,Credit Card,2.0,3,Laptop & Accessory,5,8,0,20.0,6.0,8.0,10.0,183.81,22.97625,0.2962962962962963,0.75,8-14,0
50379,7.0,Mobile Phone,1,6.0,Debit Card,,3,Mobile Phone,2,2,0,12.0,6.0,8.0,8.0,126.91,15.86375,1.0,0.75,8-14,0
50380,8.0,Computer,3,32.0,Debit Card,3.0,3,Laptop & Accessory,5,3,0,14.0,0.0,1.0,0.0,142.86,142.86,0.1111111111111111,0.0,0-3,1
50381,0.0,Mobile Phone,1,12.0,Debit Card,3.0,3,Mobile Phone,2,2,1,13.0,0.0,1.0,2.0,126.59,126.59,1.0,0.0,0-3,0
50382,10.0,Mobile Phone,1,9.0,UPI,2.0,3,Fashion,3,2,0,15.0,6.0,7.0,8.0,194.34,27.762857142857143,0.6363636363636364,0.8571428571428571,8-14,0
50383,2.0,Mobile Phone,3,9.0,Credit Card,3.0,3,Laptop & Accessory,3,2,0,14.0,0.0,1.0,2.0,155.61,155.61,0.3333333333333333,0.0,0-3,0
50384,8.0,Mobile Phone,1,12.0,Debit Card,2.0,5,Laptop & Accessory,2,2,0,13.0,11.0,11.0,8.0,166.46,15.132727272727273,1.2222222222222223,1.0,8-14,0
50385,6.0,Computer,1,12.0,Debit Card,1.0,3,Laptop & Accessory,2,4,0,23.0,4.0,4.0,7.0,177.25,44.3125,0.5714285714285714,1.0,4-7,0
50386,27.0,Mobile Phone,2,25.0,Credit Card,2.0,3,Fashion,4,3,0,15.0,3.0,7.0,1.0,207.25,29.607142857142858,0.25,0.42857142857142855,0-3,0
50387,9.0,Mobile Phone,1,15.0,Credit Card,2.0,4,Laptop & Accessory,4,3,1,11.0,1.0,1.0,2.0,188.47,188.47,0.1,1.0,0-3,0
50388,,Mobile Phone,1,9.0,Credit Card,2.0,4,Mobile Phone,2,1,0,13.0,0.0,1.0,1.0,120.45,120.45,,0.0,0-3,0
50389,0.0,Mobile Phone,1,16.0,Credit Card,2.0,3,Mobile Phone,3,2,1,11.0,0.0,1.0,1.0,110.09,110.09,1.0,0.0,0-3,1
50390,0.0,Computer,1,9.0,Debit Card,3.0,3,Mobile Phone,5,2,1,11.0,9.0,9.0,7.0,133.48,14.83111111111111,9.0,1.0,4-7,1
50391,,Computer,1,9.0,Debit Card,2.0,4,Mobile Phone,3,2,0,18.0,1.0,1.0,0.0,112.81,112.81,,1.0,0-3,0
50392,0.0,Mobile Phone,1,10.0,Credit Card,,2,Mobile Phone,5,3,0,16.0,0.0,1.0,2.0,128.19,128.19,1.0,0.0,0-3,0
50393,0.0,Mobile Phone,3,14.0,Debit Card,2.0,2,Laptop & Accessory,4,1,0,22.0,0.0,1.0,2.0,148.51,148.51,1.0,0.0,0-3,0
50394,11.0,Mobile Phone,3,13.0,E wallet,2.0,4,Laptop & Accessory,2,1,0,20.0,1.0,1.0,5.0,140.28,140.28,0.08333333333333333,1.0,4-7,0
50395,2.0,Computer,1,6.0,Debit Card,,5,Mobile Phone,2,2,0,18.0,2.0,2.0,8.0,127.2,63.6,0.6666666666666666,1.0,8-14,0
50396,21.0,Mobile Phone,3,8.0,E wallet,2.0,2,Laptop & Accessory,4,4,0,12.0,2.0,2.0,2.0,181.2,90.6,0.09090909090909091,1.0,0-3,0
50397,0.0,Computer,3,9.0,Credit Card,3.0,2,Laptop & Accessory,2,2,1,20.0,1.0,1.0,4.0,146.47,146.47,1.0,1.0,4-7,0
50398,10.0,Mobile Phone,1,16.0,Debit Card,3.0,2,Mobile Phone,2,4,0,17.0,1.0,1.0,0.0,146.8,146.8,0.09090909090909091,1.0,0-3,0
50399,23.0,Mobile Phone,1,34.0,Credit Card,3.0,2,Mobile Phone,3,2,1,11.0,3.0,3.0,8.0,132.21,44.07,0.125,1.0,8-14,0
50400,7.0,Mobile Phone,1,15.0,Credit Card,2.0,4,Fashion,4,2,0,14.0,4.0,7.0,7.0,186.21,26.601428571428574,0.875,0.5714285714285714,4-7,0
50401,0.0,Mobile Phone,3,9.0,Debit Card,3.0,3,Laptop & Accessory,3,10,0,14.0,1.0,2.0,0.0,145.77,72.885,2.0,0.5,0-3,1
50402,12.0,Mobile Phone,1,8.0,Cash on Delivery,3.0,4,Laptop & Accessory,3,2,0,11.0,2.0,11.0,10.0,145.53,13.23,0.8461538461538461,0.18181818181818182,8-14,0
50403,5.0,Mobile Phone,3,16.0,E wallet,2.0,3,Laptop & Accessory,2,2,0,12.0,0.0,1.0,8.0,153.96,153.96,0.16666666666666666,0.0,8-14,0
50404,13.0,Computer,3,14.0,Cash on Delivery,2.0,3,Laptop & Accessory,3,4,1,14.0,1.0,1.0,3.0,167.96,167.96,0.07142857142857142,1.0,0-3,1
50405,11.0,Mobile Phone,1,6.0,Debit Card,2.0,2,Laptop & Accessory,2,1,0,13.0,1.0,1.0,8.0,176.25,176.25,0.08333333333333333,1.0,8-14,0
50406,0.0,Mobile Phone,1,6.0,Debit Card,3.0,3,Fashion,5,2,0,11.0,1.0,1.0,7.0,174.12,174.12,1.0,1.0,4-7,0
50407,5.0,Mobile Phone,1,9.0,Debit Card,2.0,3,Fashion,2,4,0,15.0,3.0,7.0,,211.59,30.22714285714286,1.1666666666666667,0.42857142857142855,,0
50408,20.0,Mobile Phone,3,20.0,E wallet,2.0,3,Laptop & Accessory,5,3,0,12.0,0.0,1.0,7.0,149.6,149.6,0.047619047619047616,0.0,4-7,0
50409,13.0,Computer,3,11.0,Debit Card,2.0,4,Fashion,5,6,1,21.0,0.0,1.0,12.0,204.75,204.75,0.07142857142857142,0.0,8-14,0
50410,26.0,Mobile Phone,1,13.0,Debit Card,2.0,2,Grocery,3,4,0,19.0,0.0,,3.0,248.14,,,,0-3,0
50411,14.0,Mobile Phone,2,16.0,UPI,3.0,4,Others,2,4,0,15.0,,12.0,6.0,291.41,24.284166666666668,0.8,,4-7,0
50412,30.0,Mobile Phone,3,22.0,E wallet,2.0,3,Laptop & Accessory,5,9,0,14.0,1.0,2.0,2.0,154.05,77.025,0.06451612903225806,0.5,0-3,0
50413,0.0,Computer,1,16.0,Debit Card,2.0,3,Fashion,5,2,0,21.0,1.0,1.0,7.0,187.93,187.93,1.0,1.0,4-7,0
50414,14.0,Mobile Phone,2,6.0,UPI,2.0,4,Others,3,2,0,12.0,,2.0,10.0,291.89,145.945,0.13333333333333333,,8-14,0
50415,23.0,Mobile Phone,3,14.0,E wallet,2.0,3,Mobile Phone,4,8,0,15.0,1.0,2.0,2.0,138.75,69.375,0.08333333333333333,0.5,0-3,0
50416,,Mobile Phone,1,6.0,Debit Card,3.0,5,Mobile Phone,4,8,1,13.0,1.0,3.0,7.0,122.16,40.72,,0.3333333333333333,4-7,1
50417,9.0,Computer,1,14.0,Debit Card,3.0,2,Fashion,5,10,0,14.0,0.0,1.0,,217.13,217.13,0.1,0.0,,0
50418,11.0,Mobile Phone,1,6.0,Debit Card,2.0,3,Fashion,3,5,1,14.0,0.0,1.0,0.0,178.61,178.61,0.08333333333333333,0.0,0-3,0
50419,17.0,Computer,1,30.0,Credit Card,2.0,5,Mobile Phone,3,3,0,14.0,0.0,1.0,4.0,137.08,137.08,0.05555555555555555,0.0,4-7,0
50420,20.0,Computer,3,9.0,Credit Card,2.0,3,Grocery,3,10,1,12.0,7.0,,13.0,237.7,,,,8-14,0
50421,3.0,Mobile Phone,3,33.0,E wallet,2.0,3,Laptop & Accessory,2,8,0,23.0,4.0,7.0,7.0,153.04,21.86285714285714,1.75,0.5714285714285714,4-7,0
50422,2.0,Mobile Phone,3,,Debit Card,2.0,3,Mobile Phone,3,2,0,11.0,0.0,1.0,0.0,126.42,126.42,0.3333333333333333,0.0,0-3,0
50423,5.0,Computer,1,25.0,Credit Card,,2,Mobile Phone,3,7,1,12.0,2.0,2.0,2.0,127.59,63.795,0.3333333333333333,1.0,0-3,1
50424,16.0,Computer,3,21.0,Debit Card,2.0,4,Laptop & Accessory,2,4,0,18.0,0.0,2.0,2.0,168.04,84.02,0.11764705882352941,0.0,0-3,0
50425,7.0,Mobile Phone,1,14.0,Credit Card,3.0,3,Laptop & Accessory,3,4,0,11.0,1.0,4.0,3.0,161.42,40.355,0.5,0.25,0-3,0
50426,0.0,Mobile Phone,1,,Credit Card,2.0,3,Mobile Phone,5,2,0,14.0,0.0,1.0,2.0,125.0,125.0,1.0,0.0,0-3,0
50427,12.0,Mobile Phone,2,9.0,UPI,2.0,2,Laptop & Accessory,4,10,0,15.0,3.0,3.0,6.0,163.89,54.629999999999995,0.23076923076923078,1.0,4-7,0
50428,29.0,Mobile Phone,1,15.0,Credit Card,2.0,3,Grocery,2,8,0,11.0,0.0,1.0,,211.03,211.03,0.03333333333333333,0.0,,0
50429,13.0,Mobile Phone,1,,Credit Card,2.0,4,Mobile Phone,2,1,1,20.0,2.0,2.0,3.0,123.42,61.71,0.14285714285714285,1.0,0-3,0
50430,0.0,Mobile Phone,1,13.0,Credit Card,2.0,4,Laptop & Accessory,5,9,0,19.0,1.0,1.0,7.0,168.11,168.11,1.0,1.0,4-7,0
50431,,Mobile Phone,3,16.0,E wallet,2.0,3,Mobile Phone,4,2,0,14.0,0.0,2.0,2.0,122.97,61.485,,0.0,0-3,0
50432,26.0,Mobile Phone,1,,Debit Card,2.0,3,Laptop & Accessory,2,3,0,17.0,1.0,2.0,2.0,124.5,62.25,0.07407407407407407,0.5,0-3,0
50433,8.0,Computer,1,8.0,Debit Card,3.0,3,Laptop & Accessory,5,3,0,11.0,0.0,1.0,0.0,150.93,150.93,0.1111111111111111,0.0,0-3,0
50434,5.0,Computer,1,30.0,Debit Card,3.0,3,Laptop & Accessory,2,2,0,15.0,2.0,4.0,7.0,153.09,38.2725,0.6666666666666666,0.5,4-7,0
50435,11.0,Mobile Phone,1,8.0,Credit Card,,3,Mobile Phone,3,7,1,13.0,0.0,1.0,1.0,130.57,130.57,0.08333333333333333,0.0,0-3,0
50436,7.0,Mobile Phone,1,14.0,Debit Card,2.0,3,Laptop & Accessory,5,4,0,14.0,1.0,1.0,0.0,151.21,151.21,0.125,1.0,0-3,0
50437,25.0,Mobile Phone,3,9.0,E wallet,2.0,4,Grocery,5,2,0,11.0,,1.0,16.0,268.56,268.56,0.038461538461538464,,15+,0
50438,0.0,Mobile Phone,1,6.0,UPI,,3,Mobile Phone,2,2,1,13.0,5.0,7.0,8.0,126.86,18.122857142857143,7.0,0.7142857142857143,8-14,1
50439,0.0,Mobile Phone,3,32.0,Credit Card,2.0,3,Laptop & Accessory,2,2,0,23.0,0.0,1.0,4.0,161.8,161.8,1.0,0.0,4-7,0
50440,18.0,Mobile Phone,3,8.0,Cash on Delivery,2.0,5,Laptop & Accessory,3,1,0,13.0,0.0,3.0,1.0,166.32,55.44,0.15789473684210525,0.0,0-3,0
50441,0.0,Mobile Phone,1,16.0,Credit Card,3.0,2,Mobile Phone,3,2,0,18.0,1.0,1.0,2.0,135.05,135.05,1.0,1.0,0-3,0
50442,10.0,Computer,3,33.0,Debit Card,3.0,1,Laptop & Accessory,3,5,1,12.0,1.0,1.0,3.0,163.97,163.97,0.09090909090909091,1.0,0-3,1
50443,7.0,Mobile Phone,3,8.0,UPI,2.0,3,Laptop & Accessory,2,2,0,22.0,0.0,1.0,4.0,162.74,162.74,0.125,0.0,4-7,0
50444,18.0,Mobile Phone,1,8.0,Credit Card,3.0,3,Others,5,6,1,,1.0,1.0,4.0,298.59,298.59,0.05263157894736842,1.0,4-7,1
50445,9.0,Computer,3,14.0,Debit Card,3.0,4,Fashion,5,2,0,15.0,0.0,1.0,9.0,175.87,175.87,0.1,0.0,8-14,0
50446,25.0,Computer,1,25.0,Credit Card,2.0,3,Mobile Phone,2,1,0,18.0,1.0,1.0,2.0,142.58,142.58,0.038461538461538464,1.0,0-3,0
50447,0.0,Computer,1,6.0,Debit Card,3.0,5,Mobile Phone,2,4,0,14.0,2.0,2.0,0.0,143.64,71.82,2.0,1.0,0-3,0
50448,2.0,Mobile Phone,1,33.0,Credit Card,3.0,3,Laptop & Accessory,3,5,0,12.0,1.0,1.0,1.0,143.35,143.35,0.3333333333333333,1.0,0-3,0
50449,0.0,Mobile Phone,3,14.0,Cash on Delivery,2.0,4,Laptop & Accessory,5,7,0,17.0,1.0,1.0,2.0,153.26,153.26,1.0,1.0,0-3,1
50450,7.0,Mobile Phone,1,6.0,Debit Card,3.0,1,Mobile Phone,2,3,0,16.0,0.0,1.0,3.0,132.8,132.8,0.125,0.0,0-3,0
50451,27.0,Mobile Phone,1,25.0,Credit Card,3.0,3,Laptop & Accessory,5,10,1,11.0,0.0,1.0,4.0,154.85,154.85,0.03571428571428571,0.0,4-7,0
50452,2.0,Computer,3,5.0,E wallet,2.0,3,Laptop & Accessory,2,1,0,19.0,0.0,1.0,1.0,143.42,143.42,0.3333333333333333,0.0,0-3,0
50453,10.0,Mobile Phone,1,16.0,Debit Card,,3,Mobile Phone,5,1,1,13.0,3.0,4.0,3.0,127.82,31.955,0.36363636363636365,0.75,0-3,0
50454,11.0,Computer,1,8.0,Debit Card,3.0,1,Laptop & Accessory,5,7,1,12.0,4.0,4.0,12.0,159.8,39.95,0.3333333333333333,1.0,8-14,0
50455,7.0,Mobile Phone,1,8.0,Credit Card,2.0,4,Mobile Phone,5,2,0,11.0,1.0,1.0,3.0,143.81,143.81,0.125,1.0,0-3,0
50456,8.0,Mobile Phone,3,,Debit Card,3.0,3,Mobile Phone,2,2,0,16.0,0.0,1.0,2.0,125.72,125.72,0.1111111111111111,0.0,0-3,0
50457,3.0,Mobile Phone,1,6.0,Debit Card,2.0,5,Mobile Phone,3,4,0,21.0,1.0,1.0,2.0,138.33,138.33,0.25,1.0,0-3,0
50458,13.0,Computer,1,8.0,Credit Card,2.0,1,Laptop & Accessory,4,2,0,24.0,0.0,3.0,7.0,142.44,47.48,0.21428571428571427,0.0,4-7,0
50459,7.0,Mobile Phone,3,14.0,Debit Card,3.0,3,Laptop & Accessory,5,6,0,17.0,1.0,1.0,2.0,165.0,165.0,0.125,1.0,0-3,0
50460,15.0,Computer,1,14.0,Debit Card,3.0,3,Others,2,2,0,13.0,,14.0,9.0,284.3,20.307142857142857,0.875,,8-14,0
50461,,Mobile Phone,1,12.0,Debit Card,3.0,1,Mobile Phone,5,2,1,21.0,1.0,1.0,0.0,116.01,116.01,,1.0,0-3,1
50462,0.0,Computer,1,15.0,Debit Card,,4,Mobile Phone,4,2,0,11.0,1.0,1.0,0.0,126.94,126.94,1.0,1.0,0-3,0
50463,25.0,Mobile Phone,1,17.0,Debit Card,,3,Laptop & Accessory,3,9,0,20.0,1.0,1.0,4.0,131.49,131.49,0.038461538461538464,1.0,4-7,0
50464,23.0,Mobile Phone,1,8.0,Credit Card,3.0,3,Grocery,3,6,0,16.0,,1.0,3.0,276.39,276.39,0.041666666666666664,,0-3,0
50465,0.0,Mobile Phone,1,,Debit Card,2.0,4,Mobile Phone,5,2,1,11.0,0.0,1.0,0.0,123.19,123.19,1.0,0.0,0-3,1
50466,6.0,Mobile Phone,1,13.0,Credit Card,2.0,3,Fashion,3,1,0,11.0,0.0,3.0,,216.91000000000005,72.30333333333336,0.42857142857142855,0.0,,0
50467,0.0,Mobile Phone,3,22.0,E wallet,3.0,3,Laptop & Accessory,5,6,0,15.0,1.0,1.0,2.0,153.24,153.24,1.0,1.0,0-3,1
50468,20.0,Mobile Phone,1,8.0,UPI,2.0,3,Grocery,2,2,1,11.0,,3.0,0.0,267.52,89.17333333333333,0.14285714285714285,,0-3,0
50469,9.0,Mobile Phone,1,6.0,UPI,2.0,3,Laptop & Accessory,4,1,0,15.0,0.0,1.0,5.0,152.28,152.28,0.1,0.0,4-7,0
50470,2.0,Mobile Phone,1,29.0,Debit Card,,1,Mobile Phone,3,2,0,24.0,1.0,1.0,7.0,127.0,127.0,0.3333333333333333,1.0,4-7,0
50471,20.0,Mobile Phone,1,8.0,Debit Card,2.0,3,Others,4,8,1,,5.0,13.0,8.0,292.46,22.496923076923075,0.6190476190476191,0.38461538461538464,8-14,1
50472,8.0,Mobile Phone,1,,Debit Card,2.0,1,Mobile Phone,3,4,0,13.0,0.0,2.0,2.0,125.06,62.53,0.2222222222222222,0.0,0-3,0
50473,15.0,Mobile Phone,1,6.0,Debit Card,2.0,4,Laptop & Accessory,2,10,1,13.0,0.0,1.0,2.0,160.62,160.62,0.0625,0.0,0-3,0
50474,0.0,Mobile Phone,1,8.0,Credit Card,2.0,3,Mobile Phone,3,7,0,17.0,0.0,2.0,1.0,143.82,71.91,2.0,0.0,0-3,1
50475,,Mobile Phone,2,19.0,UPI,2.0,3,Mobile Phone,4,4,0,13.0,1.0,1.0,4.0,121.43,121.43,,1.0,4-7,0
50476,5.0,Mobile Phone,1,10.0,Debit Card,3.0,4,Laptop & Accessory,3,2,0,12.0,1.0,6.0,8.0,161.62,26.936666666666667,1.0,0.16666666666666666,8-14,0
50477,13.0,Computer,1,22.0,Credit Card,2.0,4,Laptop & Accessory,3,7,0,14.0,1.0,1.0,0.0,150.94,150.94,0.07142857142857142,1.0,0-3,0
50478,3.0,Mobile Phone,1,8.0,Credit Card,2.0,4,Laptop & Accessory,2,6,1,24.0,1.0,1.0,0.0,168.77,168.77,0.25,1.0,0-3,0
50479,,Mobile Phone,1,8.0,Debit Card,3.0,4,Mobile Phone,3,2,0,14.0,1.0,1.0,0.0,122.74,122.74,,1.0,0-3,0
50480,15.0,Mobile Phone,1,35.0,Debit Card,3.0,3,Laptop & Accessory,4,2,0,13.0,2.0,7.0,8.0,144.34,20.62,0.4375,0.2857142857142857,8-14,0
50481,11.0,Computer,1,18.0,Debit Card,2.0,4,Laptop & Accessory,5,3,0,15.0,1.0,1.0,2.0,162.88,162.88,0.08333333333333333,1.0,0-3,0
50482,7.0,Computer,1,,Debit Card,3.0,4,Mobile Phone,2,2,0,16.0,1.0,1.0,3.0,125.53,125.53,0.125,1.0,0-3,0
50483,12.0,Mobile Phone,3,17.0,E wallet,2.0,3,Fashion,2,2,0,18.0,0.0,7.0,7.0,176.54,25.22,0.5384615384615384,0.0,4-7,1
50484,18.0,Mobile Phone,3,8.0,Credit Card,2.0,3,Laptop & Accessory,2,5,0,16.0,0.0,7.0,3.0,151.6,21.657142857142855,0.3684210526315789,0.0,0-3,1
50485,16.0,Mobile Phone,1,20.0,Debit Card,3.0,3,Grocery,5,7,0,24.0,,1.0,0.0,271.59,271.59,0.058823529411764705,,0-3,0
50486,0.0,Mobile Phone,1,11.0,Cash on Delivery,2.0,4,Fashion,2,2,1,16.0,0.0,1.0,,228.08,228.08,1.0,0.0,,0
50487,8.0,Mobile Phone,1,13.0,UPI,2.0,3,Fashion,3,4,0,21.0,0.0,1.0,6.0,202.21,202.21,0.1111111111111111,0.0,4-7,0
50488,1.0,Mobile Phone,3,8.0,E wallet,2.0,3,Laptop & Accessory,4,2,1,20.0,7.0,7.0,5.0,147.79,21.11285714285714,3.5,1.0,4-7,0
50489,7.0,Mobile Phone,2,9.0,UPI,2.0,3,Mobile Phone,2,1,0,19.0,1.0,1.0,2.0,137.37,137.37,0.125,1.0,0-3,0
50490,0.0,Computer,1,,Credit Card,2.0,4,Mobile Phone,3,2,1,14.0,0.0,1.0,7.0,123.66,123.66,1.0,0.0,4-7,1
50491,,Computer,1,9.0,Credit Card,2.0,3,Mobile Phone,2,2,0,11.0,1.0,1.0,0.0,117.06,117.06,,1.0,0-3,0
50492,24.0,Mobile Phone,3,32.0,E wallet,3.0,3,Grocery,3,3,0,14.0,,4.0,17.0,263.07,65.7675,0.16,,15+,0
50493,17.0,Mobile Phone,1,10.0,Credit Card,2.0,3,Laptop & Accessory,4,10,0,12.0,1.0,2.0,3.0,159.33,79.665,0.1111111111111111,0.5,0-3,0
50494,0.0,Mobile Phone,1,8.0,Credit Card,3.0,1,Mobile Phone,5,8,0,13.0,1.0,1.0,1.0,134.24,134.24,1.0,1.0,0-3,0
50495,6.0,Mobile Phone,3,6.0,Credit Card,2.0,1,Laptop & Accessory,5,2,0,22.0,0.0,1.0,8.0,140.37,140.37,0.14285714285714285,0.0,8-14,0
50496,8.0,Mobile Phone,1,,Credit Card,2.0,4,Mobile Phone,5,2,0,11.0,1.0,1.0,1.0,125.59,125.59,0.1111111111111111,1.0,0-3,0
50497,9.0,Mobile Phone,3,6.0,Debit Card,2.0,3,Laptop & Accessory,2,2,1,14.0,2.0,4.0,11.0,162.01,40.5025,0.4,0.5,8-14,0
50498,5.0,Mobile Phone,3,19.0,Debit Card,3.0,3,Laptop & Accessory,2,3,0,11.0,0.0,1.0,3.0,144.03,144.03,0.16666666666666666,0.0,0-3,0
50499,3.0,Computer,1,11.0,Debit Card,3.0,4,Mobile Phone,2,10,0,12.0,0.0,1.0,3.0,137.61,137.61,0.25,0.0,0-3,0
50500,26.0,Mobile Phone,3,13.0,E wallet,3.0,4,Fashion,2,8,1,18.0,0.0,1.0,,209.34,209.34,0.037037037037037035,0.0,,0
50501,18.0,Mobile Phone,3,15.0,E wallet,3.0,3,Fashion,5,5,1,12.0,1.0,1.0,2.0,207.61,207.61,0.05263157894736842,1.0,0-3,0
50502,5.0,Mobile Phone,1,14.0,Credit Card,3.0,1,Laptop & Accessory,3,6,0,12.0,1.0,1.0,3.0,151.75,151.75,0.16666666666666666,1.0,0-3,0
50503,25.0,Computer,1,31.0,Credit Card,2.0,4,Grocery,2,4,0,22.0,0.0,,0.0,238.26,,,,0-3,0
50504,10.0,Mobile Phone,3,22.0,E wallet,3.0,4,Laptop & Accessory,3,5,0,19.0,1.0,1.0,0.0,163.34,163.34,0.09090909090909091,1.0,0-3,0
50505,1.0,Mobile Phone,2,14.0,Credit Card,3.0,4,Mobile Phone,2,2,0,13.0,0.0,1.0,4.0,149.36,149.36,0.5,0.0,4-7,0
50506,0.0,Mobile Phone,1,6.0,Debit Card,2.0,4,Laptop & Accessory,2,7,0,22.0,2.0,2.0,2.0,147.75,73.875,2.0,1.0,0-3,0
50507,17.0,Mobile Phone,1,14.0,Debit Card,,1,Mobile Phone,2,3,1,24.0,1.0,1.0,2.0,128.18,128.18,0.05555555555555555,1.0,0-3,0
50508,15.0,Computer,1,,Credit Card,2.0,3,Mobile Phone,2,6,1,14.0,0.0,2.0,2.0,125.15,62.575,0.125,0.0,0-3,0
50509,9.0,Mobile Phone,2,,Debit Card,3.0,4,Mobile Phone,5,1,0,21.0,1.0,1.0,3.0,123.42,123.42,0.1,1.0,0-3,0
50510,0.0,Mobile Phone,3,9.0,UPI,3.0,3,Laptop & Accessory,5,2,1,18.0,1.0,1.0,3.0,141.94,141.94,1.0,1.0,0-3,0
50511,8.0,Mobile Phone,1,15.0,Debit Card,3.0,4,Fashion,3,2,1,20.0,2.0,5.0,15.0,206.85,41.37,0.5555555555555556,0.4,15+,0
50512,,Computer,1,31.0,Debit Card,3.0,3,Mobile Phone,4,2,1,19.0,0.0,7.0,8.0,120.22,17.174285714285713,,0.0,8-14,1
50513,5.0,Computer,1,6.0,Debit Card,3.0,3,Mobile Phone,2,1,0,12.0,0.0,1.0,2.0,123.14,123.14,0.16666666666666666,0.0,0-3,0
50514,0.0,Mobile Phone,3,10.0,E wallet,2.0,4,Laptop & Accessory,5,2,0,12.0,1.0,1.0,3.0,142.56,142.56,1.0,1.0,0-3,0
50515,22.0,Mobile Phone,1,6.0,Cash on Delivery,2.0,3,Mobile Phone,5,3,0,16.0,1.0,1.0,2.0,135.8,135.8,0.043478260869565216,1.0,0-3,0
50516,0.0,Computer,1,10.0,Debit Card,,4,Mobile Phone,2,1,0,17.0,0.0,3.0,4.0,131.62,43.873333333333335,3.0,0.0,4-7,0
50517,5.0,Computer,3,11.0,Debit Card,2.0,3,Laptop & Accessory,4,2,0,14.0,2.0,5.0,3.0,165.24,33.048,0.8333333333333334,0.4,0-3,0
50518,11.0,Mobile Phone,3,15.0,E wallet,,4,Mobile Phone,4,1,0,19.0,0.0,1.0,2.0,128.99,128.99,0.08333333333333333,0.0,0-3,0
50519,15.0,Mobile Phone,1,9.0,Debit Card,3.0,1,Laptop & Accessory,2,3,1,13.0,0.0,1.0,3.0,152.31,152.31,0.0625,0.0,0-3,0
50520,4.0,Mobile Phone,1,,Debit Card,2.0,3,Mobile Phone,2,4,1,19.0,1.0,1.0,2.0,123.56,123.56,0.2,1.0,0-3,0
50521,0.0,Mobile Phone,3,6.0,Credit Card,,4,Mobile Phone,3,7,1,19.0,0.0,1.0,2.0,128.0,128.0,1.0,0.0,0-3,1
50522,26.0,Mobile Phone,3,14.0,E wallet,3.0,3,Grocery,2,6,0,14.0,0.0,2.0,,218.36,109.18,0.07407407407407407,0.0,,0
50523,8.0,Mobile Phone,1,31.0,Cash on Delivery,3.0,4,Fashion,4,4,0,16.0,3.0,4.0,8.0,209.03,52.2575,0.4444444444444444,0.75,8-14,0
50524,10.0,Computer,3,27.0,Credit Card,,3,Mobile Phone,2,6,0,15.0,1.0,1.0,0.0,129.73,129.73,0.09090909090909091,1.0,0-3,0
50525,26.0,Mobile Phone,1,29.0,Debit Card,3.0,3,Grocery,2,7,0,18.0,2.0,,8.0,242.75,,,,8-14,0
50526,16.0,Computer,1,6.0,Debit Card,2.0,3,Laptop & Accessory,2,5,0,13.0,1.0,2.0,2.0,155.62,77.81,0.11764705882352941,0.5,0-3,0
50527,20.0,Mobile Phone,3,8.0,E wallet,2.0,3,Laptop & Accessory,2,1,1,22.0,5.0,7.0,7.0,145.37,20.767142857142858,0.3333333333333333,0.7142857142857143,4-7,0
50528,10.0,Computer,3,25.0,Credit Card,2.0,3,Fashion,4,2,1,13.0,0.0,1.0,9.0,176.42,176.42,0.09090909090909091,0.0,8-14,0
50529,23.0,Computer,1,8.0,Debit Card,3.0,3,Grocery,5,2,0,11.0,,14.0,7.0,279.24,19.945714285714285,0.5833333333333334,,4-7,0
50530,12.0,Mobile Phone,2,8.0,Debit Card,2.0,4,Laptop & Accessory,2,9,0,11.0,0.0,1.0,4.0,152.04,152.04,0.07692307692307693,0.0,4-7,0
50531,,Mobile Phone,2,9.0,UPI,2.0,3,Mobile Phone,4,4,1,11.0,0.0,1.0,3.0,122.77,122.77,,0.0,0-3,0
50532,0.0,Mobile Phone,1,31.0,Debit Card,,3,Mobile Phone,2,2,1,24.0,1.0,1.0,1.0,127.95,127.95,1.0,1.0,0-3,1
50533,2.0,Mobile Phone,1,,Credit Card,3.0,4,Mobile Phone,2,7,0,14.0,1.0,1.0,3.0,125.32,125.32,0.3333333333333333,1.0,0-3,0
50534,17.0,Mobile Phone,1,,Debit Card,3.0,3,Mobile Phone,5,2,1,13.0,2.0,7.0,1.0,125.59,17.94142857142857,0.3888888888888889,0.2857142857142857,0-3,0
50535,1.0,Mobile Phone,3,11.0,Credit Card,3.0,3,Laptop & Accessory,2,2,0,14.0,1.0,1.0,2.0,149.08,149.08,0.5,1.0,0-3,0
50536,20.0,Computer,1,,Debit Card,2.0,4,Mobile Phone,2,10,1,14.0,0.0,1.0,0.0,123.8,123.8,0.047619047619047616,0.0,0-3,1
50537,16.0,Mobile Phone,1,14.0,Debit Card,2.0,3,Laptop & Accessory,4,5,0,21.0,1.0,1.0,0.0,147.65,147.65,0.058823529411764705,1.0,0-3,0
50538,,Mobile Phone,3,8.0,Credit Card,2.0,4,Mobile Phone,3,2,0,13.0,0.0,1.0,2.0,120.44,120.44,,0.0,0-3,1
50539,0.0,Mobile Phone,1,24.0,UPI,,3,Mobile Phone,2,2,0,19.0,1.0,1.0,0.0,126.93,126.93,1.0,1.0,0-3,1
50540,9.0,Mobile Phone,1,20.0,Debit Card,3.0,3,Laptop & Accessory,2,1,1,17.0,4.0,4.0,11.0,165.86,41.465,0.4,1.0,8-14,0
50541,20.0,Mobile Phone,3,8.0,Debit Card,3.0,4,Mobile Phone,2,2,1,18.0,1.0,1.0,2.0,132.94,132.94,0.047619047619047616,1.0,0-3,0
50542,0.0,Mobile Phone,1,9.0,Debit Card,2.0,3,Laptop & Accessory,3,1,1,19.0,1.0,1.0,2.0,141.71,141.71,1.0,1.0,0-3,1
50543,4.0,Mobile Phone,1,8.0,Debit Card,,5,Mobile Phone,2,5,1,13.0,0.0,1.0,0.0,127.78,127.78,0.2,0.0,0-3,1
50544,1.0,Mobile Phone,1,,Credit Card,3.0,3,Mobile Phone,3,6,0,18.0,2.0,2.0,2.0,123.77,61.885,1.0,1.0,0-3,0
50545,2.0,Mobile Phone,1,,Credit Card,3.0,3,Mobile Phone,5,8,1,21.0,1.0,2.0,2.0,124.04,62.02,0.6666666666666666,0.5,0-3,1
50546,0.0,Mobile Phone,1,,Debit Card,3.0,3,Mobile Phone,3,2,0,19.0,1.0,1.0,0.0,123.18,123.18,1.0,1.0,0-3,0
50547,,Mobile Phone,1,16.0,Debit Card,2.0,3,Mobile Phone,4,2,0,14.0,1.0,1.0,0.0,120.08,120.08,,1.0,0-3,0
50548,15.0,Mobile Phone,3,20.0,Credit Card,3.0,4,Laptop & Accessory,3,8,0,17.0,0.0,1.0,3.0,162.44,162.44,0.0625,0.0,0-3,0
50549,6.0,Mobile Phone,1,6.0,UPI,,4,Mobile Phone,5,4,1,11.0,0.0,1.0,2.0,127.99,127.99,0.14285714285714285,0.0,0-3,0
50550,30.0,Mobile Phone,1,11.0,Cash on Delivery,2.0,4,Fashion,4,3,1,13.0,1.0,1.0,4.0,205.52,205.52,0.03225806451612903,1.0,4-7,0
50551,4.0,Mobile Phone,3,,Debit Card,2.0,4,Mobile Phone,3,4,0,15.0,3.0,5.0,2.0,123.29,24.658,1.0,0.6,0-3,0
50552,8.0,Mobile Phone,1,27.0,Debit Card,2.0,3,Laptop & Accessory,2,2,1,25.0,0.0,1.0,7.0,140.14,140.14,0.1111111111111111,0.0,4-7,0
50553,22.0,Mobile Phone,1,14.0,UPI,2.0,3,Fashion,4,5,0,11.0,0.0,1.0,7.0,174.03,174.03,0.043478260869565216,0.0,4-7,0
50554,,Mobile Phone,1,26.0,Credit Card,2.0,3,Mobile Phone,3,5,0,17.0,0.0,1.0,0.0,122.59,122.59,,0.0,0-3,0
50555,4.0,Computer,3,26.0,E wallet,2.0,3,Laptop & Accessory,3,2,0,13.0,1.0,1.0,0.0,169.32,169.32,0.2,1.0,0-3,0
50556,9.0,Mobile Phone,1,13.0,UPI,3.0,3,Mobile Phone,2,3,0,18.0,0.0,1.0,1.0,146.78,146.78,0.1,0.0,0-3,0
50557,11.0,Mobile Phone,1,6.0,Cash on Delivery,3.0,3,Fashion,5,2,0,13.0,3.0,,11.0,235.82,,,,8-14,0
50558,5.0,Computer,1,,Debit Card,3.0,4,Mobile Phone,4,7,0,20.0,1.0,1.0,2.0,123.32,123.32,0.16666666666666666,1.0,0-3,0
50559,0.0,Mobile Phone,3,,E wallet,2.0,4,Mobile Phone,4,2,1,18.0,0.0,1.0,0.0,124.13,124.13,1.0,0.0,0-3,1
50560,13.0,Mobile Phone,3,16.0,E wallet,3.0,4,Fashion,4,3,0,12.0,1.0,1.0,0.0,197.05,197.05,0.07142857142857142,1.0,0-3,0
50561,0.0,Computer,3,6.0,Credit Card,2.0,4,Laptop & Accessory,5,2,0,12.0,1.0,1.0,7.0,142.94,142.94,1.0,1.0,4-7,0
50562,14.0,Mobile Phone,1,12.0,Credit Card,2.0,3,Mobile Phone,5,3,1,13.0,1.0,2.0,17.0,147.21,73.605,0.13333333333333333,0.5,15+,0
50563,9.0,Mobile Phone,1,,Credit Card,3.0,3,Mobile Phone,3,5,0,21.0,2.0,3.0,9.0,125.19,41.73,0.3,0.6666666666666666,8-14,0
50564,,Mobile Phone,3,27.0,UPI,2.0,4,Mobile Phone,4,2,1,13.0,0.0,1.0,0.0,121.21,121.21,,0.0,0-3,1
50565,0.0,Mobile Phone,1,10.0,Cash on Delivery,,3,Mobile Phone,5,2,0,19.0,1.0,1.0,0.0,129.73,129.73,1.0,1.0,0-3,1
50566,4.0,Mobile Phone,1,18.0,Credit Card,2.0,3,Laptop & Accessory,2,1,1,11.0,0.0,8.0,5.0,158.55,19.81875,1.6,0.0,4-7,0
50567,13.0,Computer,1,15.0,Credit Card,2.0,3,Mobile Phone,4,9,1,14.0,0.0,1.0,0.0,136.17,136.17,0.07142857142857142,0.0,0-3,0
50568,5.0,Mobile Phone,1,9.0,Credit Card,3.0,3,Laptop & Accessory,5,2,0,12.0,6.0,6.0,3.0,167.25,27.875,1.0,1.0,0-3,0
50569,0.0,Mobile Phone,3,9.0,Debit Card,2.0,4,Fashion,2,2,1,11.0,3.0,3.0,7.0,203.25,67.75,3.0,1.0,4-7,1
50570,6.0,Mobile Phone,1,6.0,Debit Card,2.0,4,Laptop & Accessory,2,1,0,14.0,0.0,1.0,4.0,169.49,169.49,0.14285714285714285,0.0,4-7,0
50571,0.0,Mobile Phone,3,6.0,Debit Card,2.0,4,Fashion,3,6,0,11.0,1.0,11.0,7.0,206.09,18.735454545454544,11.0,0.09090909090909091,4-7,1
50572,18.0,Computer,1,10.0,Debit Card,2.0,3,Laptop & Accessory,4,2,0,12.0,1.0,1.0,8.0,144.47,144.47,0.05263157894736842,1.0,8-14,0
50573,,Computer,3,26.0,Cash on Delivery,2.0,3,Mobile Phone,2,2,0,15.0,0.0,1.0,2.0,121.57,121.57,,0.0,0-3,0
50574,8.0,Mobile Phone,3,24.0,Credit Card,2.0,3,Laptop & Accessory,3,2,0,16.0,1.0,1.0,0.0,146.01,146.01,0.1111111111111111,1.0,0-3,0
50575,25.0,Mobile Phone,1,6.0,Debit Card,3.0,3,Grocery,2,3,0,15.0,,7.0,8.0,270.99,38.712857142857146,0.2692307692307692,,8-14,0
50576,20.0,Mobile Phone,1,,Cash on Delivery,2.0,3,Mobile Phone,3,5,0,24.0,1.0,1.0,0.0,124.79,124.79,0.047619047619047616,1.0,0-3,1
50577,26.0,Mobile Phone,3,8.0,Credit Card,2.0,3,Grocery,3,7,0,13.0,2.0,,2.0,248.52,,,,0-3,0
50578,3.0,Mobile Phone,3,14.0,UPI,3.0,3,Fashion,3,6,0,11.0,4.0,7.0,7.0,172.64,24.662857142857142,1.75,0.5714285714285714,4-7,0
50579,11.0,Computer,3,16.0,Cash on Delivery,2.0,3,Laptop & Accessory,2,2,1,13.0,0.0,1.0,3.0,156.66,156.66,0.08333333333333333,0.0,0-3,0
50580,8.0,Mobile Phone,3,9.0,Debit Card,3.0,3,Fashion,2,7,0,13.0,0.0,1.0,8.0,178.23,178.23,0.1111111111111111,0.0,8-14,0
50581,12.0,Mobile Phone,3,8.0,Debit Card,2.0,1,Fashion,3,1,0,18.0,1.0,1.0,7.0,178.8,178.8,0.07692307692307693,1.0,4-7,0
50582,3.0,Computer,3,30.0,Debit Card,3.0,1,Grocery,4,5,1,16.0,1.0,,0.0,231.94,,,,0-3,1
50583,20.0,Computer,1,22.0,Credit Card,3.0,1,Laptop & Accessory,3,2,1,19.0,0.0,2.0,7.0,150.67,75.335,0.09523809523809523,0.0,4-7,0
50584,9.0,Computer,3,14.0,Cash on Delivery,2.0,3,Laptop & Accessory,2,5,0,13.0,1.0,1.0,7.0,150.79,150.79,0.1,1.0,4-7,0
50585,0.0,Computer,1,,Credit Card,2.0,4,Mobile Phone,5,1,1,22.0,1.0,1.0,2.0,123.21,123.21,1.0,1.0,0-3,1
50586,6.0,Computer,3,23.0,Debit Card,2.0,3,Grocery,3,2,0,11.0,,6.0,0.0,274.44,45.74,0.8571428571428571,,0-3,0
50587,0.0,Mobile Phone,1,,Debit Card,3.0,4,Mobile Phone,5,7,1,20.0,1.0,1.0,0.0,124.04,124.04,1.0,1.0,0-3,1
50588,6.0,Mobile Phone,1,19.0,Debit Card,2.0,3,Mobile Phone,2,4,0,18.0,1.0,1.0,2.0,134.52,134.52,0.14285714285714285,1.0,0-3,0
50589,,Mobile Phone,1,6.0,Credit Card,3.0,3,Mobile Phone,2,4,0,14.0,0.0,1.0,2.0,122.7,122.7,,0.0,0-3,0
50590,23.0,Mobile Phone,1,6.0,Credit Card,3.0,3,Grocery,2,10,0,22.0,,1.0,3.0,273.99,273.99,0.041666666666666664,,0-3,0
50591,6.0,Computer,1,6.0,UPI,2.0,1,Laptop & Accessory,4,2,1,13.0,0.0,1.0,2.0,154.88,154.88,0.14285714285714285,0.0,0-3,0
50592,14.0,Computer,1,15.0,Credit Card,3.0,3,Others,3,3,0,,1.0,1.0,11.0,294.19,294.19,0.06666666666666667,1.0,8-14,0
50593,0.0,Mobile Phone,1,22.0,Cash on Delivery,,3,Mobile Phone,4,10,0,14.0,2.0,2.0,2.0,128.11,64.055,2.0,1.0,0-3,0
50594,18.0,Computer,1,29.0,Debit Card,2.0,3,Laptop & Accessory,5,2,1,15.0,1.0,1.0,8.0,136.33,136.33,0.05263157894736842,1.0,8-14,0
50595,20.0,Mobile Phone,3,10.0,Debit Card,2.0,3,Laptop & Accessory,2,2,1,17.0,1.0,1.0,7.0,141.63,141.63,0.047619047619047616,1.0,4-7,0
50596,,Mobile Phone,1,28.0,Debit Card,2.0,3,Mobile Phone,3,5,1,11.0,0.0,1.0,1.0,121.32,121.32,,0.0,0-3,1
50597,23.0,Mobile Phone,1,30.0,Debit Card,3.0,3,Grocery,3,4,1,18.0,0.0,,5.0,239.73,,,,4-7,0
50598,11.0,Computer,1,16.0,Credit Card,,3,Mobile Phone,3,1,0,17.0,0.0,1.0,2.0,126.84,126.84,0.08333333333333333,0.0,0-3,0
50599,19.0,Mobile Phone,1,13.0,Credit Card,3.0,3,Fashion,3,7,0,13.0,0.0,1.0,7.0,208.45,208.45,0.05,0.0,4-7,0
50600,0.0,Mobile Phone,1,23.0,Credit Card,2.0,4,Laptop & Accessory,3,2,0,15.0,2.0,3.0,2.0,143.77,47.92333333333334,3.0,0.6666666666666666,0-3,0
50601,0.0,Mobile Phone,1,20.0,UPI,2.0,4,Mobile Phone,4,2,1,24.0,1.0,1.0,2.0,137.43,137.43,1.0,1.0,0-3,1
50602,4.0,Computer,1,6.0,Debit Card,3.0,3,Laptop & Accessory,5,2,0,12.0,1.0,1.0,3.0,141.48,141.48,0.2,1.0,0-3,0
50603,0.0,Computer,1,11.0,Debit Card,3.0,3,Mobile Phone,2,2,0,15.0,1.0,1.0,0.0,110.51,110.51,1.0,1.0,0-3,0
50604,27.0,Mobile Phone,1,23.0,Cash on Delivery,2.0,3,Fashion,3,9,0,11.0,1.0,1.0,8.0,207.39,207.39,0.03571428571428571,1.0,8-14,0
50605,8.0,Mobile Phone,1,31.0,Credit Card,2.0,3,Fashion,3,2,1,11.0,2.0,10.0,1.0,203.88,20.387999999999998,1.1111111111111112,0.2,0-3,0
50606,3.0,Mobile Phone,1,14.0,Debit Card,3.0,1,Fashion,5,1,1,12.0,0.0,1.0,,214.16000000000005,214.16000000000005,0.25,0.0,,0
50607,0.0,Mobile Phone,1,,Credit Card,3.0,4,Mobile Phone,5,2,1,15.0,0.0,1.0,0.0,126.0,126.0,1.0,0.0,0-3,1
50608,0.0,Computer,1,,Credit Card,2.0,3,Mobile Phone,4,1,0,17.0,0.0,1.0,2.0,124.22,124.22,1.0,0.0,0-3,1
50609,0.0,Mobile Phone,1,8.0,Credit Card,2.0,1,Laptop & Accessory,2,2,0,12.0,1.0,1.0,3.0,154.72,154.72,1.0,1.0,0-3,0
50610,0.0,Mobile Phone,1,,Debit Card,3.0,5,Mobile Phone,5,2,0,15.0,1.0,1.0,1.0,124.51,124.51,1.0,1.0,0-3,0
50611,21.0,Mobile Phone,1,12.0,Debit Card,3.0,4,Laptop & Accessory,3,3,0,13.0,0.0,2.0,2.0,142.4,71.2,0.09090909090909091,0.0,0-3,0
50612,21.0,Mobile Phone,1,10.0,Debit Card,3.0,4,Fashion,3,8,0,14.0,1.0,4.0,,209.99,52.4975,0.18181818181818182,0.25,,0
50613,14.0,Mobile Phone,1,13.0,Credit Card,2.0,3,Laptop & Accessory,3,7,0,14.0,1.0,2.0,1.0,150.03,75.015,0.13333333333333333,0.5,0-3,0
50614,12.0,Mobile Phone,1,6.0,Debit Card,3.0,4,Grocery,2,2,0,16.0,0.0,11.0,,227.42,20.674545454545452,0.8461538461538461,0.0,,0
50615,0.0,Mobile Phone,1,8.0,Debit Card,2.0,3,Laptop & Accessory,2,1,0,18.0,0.0,2.0,2.0,142.27,71.135,2.0,0.0,0-3,0
50616,8.0,Mobile Phone,1,16.0,UPI,2.0,3,Mobile Phone,2,2,0,20.0,1.0,1.0,2.0,139.17,139.17,0.1111111111111111,1.0,0-3,0
50617,15.0,Mobile Phone,3,11.0,E wallet,2.0,3,Others,3,7,0,13.0,,1.0,0.0,283.03,283.03,0.0625,,0-3,0
50618,23.0,Mobile Phone,1,,Debit Card,3.0,3,Mobile Phone,2,5,0,18.0,1.0,1.0,0.0,123.8,123.8,0.041666666666666664,1.0,0-3,0
50619,30.0,Mobile Phone,1,8.0,Debit Card,3.0,4,Grocery,2,4,1,13.0,0.0,,3.0,237.26,,,,0-3,0
50620,0.0,Mobile Phone,1,17.0,Credit Card,3.0,5,Laptop & Accessory,4,6,0,15.0,1.0,1.0,0.0,147.77,147.77,1.0,1.0,0-3,1
50621,28.0,Computer,1,24.0,Credit Card,3.0,3,Laptop & Accessory,4,4,1,14.0,6.0,6.0,7.0,163.85,27.308333333333334,0.20689655172413793,1.0,4-7,0
50622,14.0,Computer,1,13.0,Debit Card,2.0,5,Others,3,2,0,,1.0,5.0,10.0,299.73,59.946000000000005,0.3333333333333333,0.2,8-14,0
50623,11.0,Mobile Phone,3,9.0,Debit Card,2.0,3,Laptop & Accessory,2,9,1,12.0,1.0,1.0,0.0,168.61,168.61,0.08333333333333333,1.0,0-3,0
50624,0.0,Computer,3,35.0,Credit Card,3.0,5,Laptop & Accessory,5,9,0,18.0,0.0,2.0,2.0,149.69,74.845,2.0,0.0,0-3,1
50625,15.0,Mobile Phone,3,8.0,E wallet,2.0,5,Others,2,2,0,,5.0,6.0,9.0,298.45,49.74166666666667,0.375,0.8333333333333334,8-14,1
50626,17.0,Mobile Phone,3,34.0,Credit Card,2.0,1,Grocery,2,4,1,18.0,1.0,,11.0,233.2,,,,8-14,0
50627,23.0,Computer,3,6.0,Debit Card,3.0,3,Laptop & Accessory,3,1,0,12.0,1.0,1.0,13.0,163.47,163.47,0.041666666666666664,1.0,8-14,0
50628,0.0,Mobile Phone,1,22.0,Debit Card,,1,Mobile Phone,5,2,0,16.0,15.0,15.0,14.0,127.43,8.495333333333333,15.0,1.0,8-14,1
50629,12.0,Computer,1,28.0,Credit Card,2.0,3,Fashion,5,2,1,13.0,1.0,2.0,8.0,208.8,104.4,0.15384615384615385,0.5,8-14,0
50630,6.0,Computer,3,,Debit Card,2.0,4,Mobile Phone,2,1,0,19.0,2.0,2.0,2.0,123.42,61.71,0.2857142857142857,1.0,0-3,0
50631,18.0,Mobile Phone,3,17.0,Debit Card,2.0,3,Grocery,2,4,0,13.0,,1.0,1.0,276.5,276.5,0.05263157894736842,,0-3,0
50632,5.0,Computer,1,35.0,Credit Card,3.0,3,Mobile Phone,3,10,0,12.0,5.0,7.0,7.0,140.25,20.035714285714285,1.1666666666666667,0.7142857142857143,4-7,0
50633,7.0,Mobile Phone,3,6.0,E wallet,3.0,1,Laptop & Accessory,2,1,0,11.0,1.0,1.0,9.0,197.25,197.25,0.125,1.0,8-14,0
50634,30.0,Mobile Phone,3,6.0,Cash on Delivery,3.0,3,Fashion,2,4,1,14.0,0.0,1.0,,219.04,219.04,0.03225806451612903,0.0,,0
50635,,Mobile Phone,2,30.0,Credit Card,2.0,3,Mobile Phone,4,2,0,16.0,0.0,1.0,4.0,121.77,121.77,,0.0,4-7,0
50636,26.0,Computer,3,8.0,E wallet,2.0,4,Fashion,4,3,0,12.0,0.0,6.0,12.0,175.25,29.208333333333332,0.2222222222222222,0.0,8-14,0
50637,0.0,Mobile Phone,1,21.0,UPI,2.0,3,Laptop & Accessory,3,8,0,14.0,0.0,1.0,0.0,148.34,148.34,1.0,0.0,0-3,1
50638,,Computer,1,8.0,Debit Card,2.0,3,Mobile Phone,5,7,1,14.0,1.0,1.0,2.0,120.42,120.42,,1.0,0-3,1
50639,,Mobile Phone,3,16.0,Debit Card,2.0,3,Mobile Phone,3,2,1,19.0,0.0,1.0,0.0,122.2,122.2,,0.0,0-3,0
50640,1.0,Mobile Phone,3,16.0,Credit Card,3.0,3,Mobile Phone,4,2,0,22.0,1.0,1.0,0.0,110.52,110.52,0.5,1.0,0-3,0
50641,11.0,Computer,1,9.0,UPI,,3,Mobile Phone,3,4,0,16.0,2.0,2.0,2.0,128.21,64.105,0.16666666666666666,1.0,0-3,0
50642,23.0,Mobile Phone,1,8.0,Credit Card,3.0,3,Others,3,3,1,,7.0,7.0,7.0,292.37,41.76714285714286,0.2916666666666667,1.0,4-7,0
50643,10.0,Mobile Phone,1,9.0,UPI,2.0,3,Laptop & Accessory,4,4,0,15.0,1.0,1.0,1.0,141.07,141.07,0.09090909090909091,1.0,0-3,0
50644,13.0,Mobile Phone,3,32.0,E wallet,3.0,3,Laptop & Accessory,5,2,0,14.0,5.0,7.0,5.0,183.96,26.28,0.5,0.7142857142857143,4-7,0
50645,,Computer,1,6.0,Credit Card,3.0,4,Mobile Phone,3,2,0,13.0,1.0,1.0,3.0,120.07,120.07,,1.0,0-3,0
50646,19.0,Mobile Phone,1,6.0,Credit Card,2.0,3,Others,2,10,0,,1.0,2.0,2.0,296.27,148.135,0.1,0.5,0-3,0
50647,27.0,Mobile Phone,3,8.0,Debit Card,2.0,4,Fashion,3,7,0,11.0,6.0,7.0,0.0,206.86,29.551428571428573,0.25,0.8571428571428571,0-3,0
50648,29.0,Computer,1,15.0,Credit Card,,3,Mobile Phone,3,3,0,19.0,0.0,1.0,3.0,129.42,129.42,0.03333333333333333,0.0,0-3,0
50649,9.0,Mobile Phone,1,18.0,Credit Card,2.0,4,Fashion,2,1,0,11.0,5.0,7.0,8.0,188.58,26.94,0.7,0.7142857142857143,8-14,0
50650,28.0,Computer,1,8.0,Credit Card,2.0,4,Grocery,5,8,0,15.0,,6.0,2.0,267.56,44.593333333333334,0.20689655172413793,,0-3,0
50651,16.0,Mobile Phone,3,31.0,Credit Card,3.0,4,Fashion,2,6,0,13.0,1.0,,0.0,234.0,,,,0-3,0
50652,0.0,Computer,3,,E wallet,2.0,3,Mobile Phone,2,2,1,14.0,0.0,1.0,2.0,123.23,123.23,1.0,0.0,0-3,1
50653,,Mobile Phone,1,16.0,Debit Card,2.0,4,Mobile Phone,5,2,0,13.0,1.0,1.0,0.0,114.16,114.16,,1.0,0-3,1
50654,19.0,Mobile Phone,1,14.0,Debit Card,3.0,4,Laptop & Accessory,5,9,1,23.0,1.0,1.0,7.0,146.15,146.15,0.05,1.0,4-7,0
50655,14.0,Mobile Phone,1,,Debit Card,2.0,3,Mobile Phone,3,10,1,12.0,1.0,2.0,7.0,124.61,62.305,0.13333333333333333,0.5,4-7,1
50656,0.0,Computer,1,30.0,Cash on Delivery,3.0,4,Fashion,5,2,0,12.0,0.0,1.0,9.0,187.22,187.22,1.0,0.0,8-14,1
50657,0.0,Mobile Phone,1,6.0,Credit Card,2.0,4,Mobile Phone,5,2,0,16.0,0.0,1.0,3.0,139.55,139.55,1.0,0.0,0-3,0
50658,3.0,Mobile Phone,1,26.0,UPI,2.0,3,Laptop & Accessory,5,1,0,15.0,1.0,1.0,2.0,199.57,199.57,0.25,1.0,0-3,0
50659,14.0,Mobile Phone,1,13.0,Cash on Delivery,2.0,1,Mobile Phone,3,2,0,13.0,1.0,1.0,8.0,133.76,133.76,0.06666666666666667,1.0,8-14,0
50660,11.0,Mobile Phone,1,23.0,Debit Card,3.0,4,Fashion,3,1,0,18.0,0.0,1.0,9.0,188.23,188.23,0.08333333333333333,0.0,8-14,0
50661,13.0,Mobile Phone,1,26.0,Cash on Delivery,3.0,3,Fashion,2,5,0,20.0,4.0,11.0,1.0,203.22,18.474545454545453,0.7857142857142857,0.36363636363636365,0-3,0
50662,0.0,Computer,1,14.0,Debit Card,2.0,5,Mobile Phone,3,2,0,19.0,1.0,1.0,2.0,146.21,146.21,1.0,1.0,0-3,0
50663,28.0,Computer,1,8.0,Debit Card,3.0,3,Fashion,4,4,0,18.0,1.0,1.0,,209.76,209.76,0.034482758620689655,1.0,,0
50664,1.0,Mobile Phone,1,16.0,UPI,2.0,3,Laptop & Accessory,3,4,0,13.0,1.0,1.0,7.0,136.6,136.6,0.5,1.0,4-7,0
50665,7.0,Mobile Phone,2,6.0,Credit Card,3.0,4,Fashion,5,10,0,14.0,2.0,3.0,6.0,204.82,68.27333333333333,0.375,0.6666666666666666,4-7,1
50666,6.0,Mobile Phone,1,11.0,Debit Card,2.0,4,Fashion,2,5,0,15.0,0.0,1.0,2.0,171.19,171.19,0.14285714285714285,0.0,0-3,0
50667,0.0,Mobile Phone,3,10.0,Cash on Delivery,2.0,3,Fashion,5,1,1,22.0,3.0,4.0,7.0,195.82,48.955,4.0,0.75,4-7,1
50668,0.0,Computer,1,35.0,Credit Card,2.0,4,Laptop & Accessory,3,2,0,22.0,3.0,3.0,8.0,145.08,48.36000000000001,3.0,1.0,8-14,1
50669,,Mobile Phone,1,21.0,Debit Card,2.0,3,Mobile Phone,3,2,0,16.0,2.0,2.0,2.0,122.07,61.035,,1.0,0-3,0
50670,7.0,Computer,1,9.0,Debit Card,2.0,3,Laptop & Accessory,2,1,0,17.0,1.0,1.0,4.0,177.56,177.56,0.125,1.0,4-7,0
50671,10.0,Mobile Phone,3,16.0,Debit Card,2.0,4,Laptop & Accessory,2,3,1,14.0,0.0,1.0,0.0,166.94,166.94,0.09090909090909091,0.0,0-3,0
50672,0.0,Mobile Phone,1,10.0,Cash on Delivery,2.0,3,Mobile Phone,2,2,1,15.0,5.0,5.0,6.0,136.91,27.381999999999998,5.0,1.0,4-7,1
50673,0.0,Mobile Phone,1,,Credit Card,2.0,3,Mobile Phone,3,2,0,20.0,1.0,1.0,0.0,123.77,123.77,1.0,1.0,0-3,1
50674,,Mobile Phone,1,31.0,Credit Card,2.0,4,Mobile Phone,4,5,1,20.0,0.0,2.0,2.0,123.13,61.565,,0.0,0-3,1
50675,15.0,Mobile Phone,1,8.0,Credit Card,2.0,3,Grocery,5,1,0,17.0,,13.0,7.0,276.65,21.28076923076923,0.8125,,4-7,0
50676,0.0,Computer,1,,Credit Card,2.0,4,Mobile Phone,4,2,0,15.0,0.0,1.0,0.0,125.96,125.96,1.0,0.0,0-3,1
50677,13.0,Computer,3,6.0,UPI,2.0,3,Laptop & Accessory,3,4,1,14.0,0.0,1.0,0.0,147.28,147.28,0.07142857142857142,0.0,0-3,1
50678,6.0,Computer,3,13.0,Debit Card,1.0,3,Laptop & Accessory,4,1,0,17.0,1.0,1.0,2.0,143.02,143.02,0.14285714285714285,1.0,0-3,0
50679,7.0,Computer,1,9.0,Debit Card,,4,Mobile Phone,2,4,0,17.0,1.0,1.0,0.0,129.79,129.79,0.125,1.0,0-3,0
50680,21.0,Computer,1,6.0,Credit Card,2.0,1,Grocery,2,3,0,22.0,,2.0,1.0,268.85,134.425,0.09090909090909091,,0-3,0
50681,18.0,Computer,3,15.0,Debit Card,3.0,4,Laptop & Accessory,3,2,0,13.0,0.0,4.0,12.0,155.93,38.9825,0.21052631578947367,0.0,8-14,0
50682,25.0,Mobile Phone,1,13.0,Debit Card,2.0,3,Fashion,4,8,0,19.0,3.0,4.0,0.0,204.45,51.1125,0.15384615384615385,0.75,0-3,0
50683,11.0,Mobile Phone,3,16.0,E wallet,3.0,4,Fashion,3,1,1,14.0,2.0,2.0,7.0,187.4,93.7,0.16666666666666666,1.0,4-7,0
50684,2.0,Mobile Phone,1,,Debit Card,3.0,3,Mobile Phone,2,5,0,22.0,0.0,1.0,7.0,125.14,125.14,0.3333333333333333,0.0,4-7,0
50685,1.0,Mobile Phone,1,9.0,Credit Card,3.0,3,Fashion,4,1,0,17.0,0.0,1.0,7.0,176.55,176.55,0.5,0.0,4-7,0
50686,19.0,Mobile Phone,3,9.0,E wallet,2.0,3,Grocery,3,4,0,12.0,,4.0,9.0,274.65,68.6625,0.2,,8-14,0
50687,11.0,Mobile Phone,3,8.0,E wallet,2.0,3,Fashion,4,8,0,16.0,1.0,1.0,0.0,173.51,173.51,0.08333333333333333,1.0,0-3,0
50688,16.0,Computer,1,33.0,Debit Card,2.0,3,Fashion,5,9,0,11.0,0.0,1.0,1.0,208.2,208.2,0.058823529411764705,0.0,0-3,0
50689,2.0,Computer,1,8.0,Debit Card,2.0,3,Grocery,2,8,0,11.0,7.0,11.0,,221.69,20.153636363636362,3.6666666666666665,0.6363636363636364,,1
50690,13.0,Mobile Phone,1,20.0,Credit Card,2.0,4,Others,3,2,0,,4.0,4.0,9.0,296.26,74.065,0.2857142857142857,1.0,8-14,0
50691,,Mobile Phone,1,6.0,Cash on Delivery,3.0,4,Mobile Phone,4,2,1,11.0,0.0,2.0,2.0,120.7,60.35,,0.0,0-3,0
50692,12.0,Computer,1,15.0,Debit Card,3.0,3,Laptop & Accessory,4,21,0,15.0,1.0,1.0,3.0,167.82,167.82,0.07692307692307693,1.0,0-3,0
50693,9.0,Computer,1,24.0,Debit Card,3.0,3,Laptop & Accessory,2,3,0,20.0,1.0,1.0,9.0,177.79,177.79,0.1,1.0,8-14,0
50694,4.0,Computer,3,26.0,Debit Card,,1,Mobile Phone,2,1,0,12.0,1.0,2.0,2.0,127.91,63.955,0.4,0.5,0-3,0
50695,1.0,Mobile Phone,1,8.0,Debit Card,3.0,4,Mobile Phone,4,1,0,17.0,0.0,1.0,4.0,132.01,132.01,0.5,0.0,4-7,0
50696,8.0,Computer,3,17.0,E wallet,2.0,3,Laptop & Accessory,2,2,0,11.0,0.0,1.0,2.0,149.68,149.68,0.1111111111111111,0.0,0-3,0
50697,22.0,Mobile Phone,3,14.0,Cash on Delivery,2.0,4,Grocery,4,7,0,17.0,1.0,2.0,,231.2,115.6,0.08695652173913043,0.5,,0
50698,7.0,Computer,1,8.0,Debit Card,3.0,3,Laptop & Accessory,3,3,0,11.0,1.0,1.0,2.0,140.33,140.33,0.125,1.0,0-3,0
50699,2.0,Computer,1,16.0,Debit Card,3.0,3,Mobile Phone,4,1,0,14.0,1.0,1.0,1.0,132.91,132.91,0.3333333333333333,1.0,0-3,0
50700,15.0,Mobile Phone,1,35.0,Credit Card,2.0,5,Laptop & Accessory,2,5,0,19.0,1.0,1.0,0.0,142.72,142.72,0.0625,1.0,0-3,0
50701,2.0,Mobile Phone,1,14.0,Credit Card,3.0,4,Laptop & Accessory,2,2,1,13.0,0.0,1.0,2.0,150.56,150.56,0.3333333333333333,0.0,0-3,0
50702,11.0,Mobile Phone,2,6.0,UPI,,1,Mobile Phone,3,2,0,13.0,1.0,5.0,0.0,128.44,25.688,0.4166666666666667,0.2,0-3,0
50703,4.0,Computer,1,12.0,Debit Card,,4,Mobile Phone,3,2,1,14.0,1.0,1.0,2.0,127.03,127.03,0.2,1.0,0-3,0
50704,,Computer,1,14.0,Credit Card,3.0,3,Mobile Phone,3,2,0,12.0,0.0,1.0,0.0,119.04,119.04,,0.0,0-3,1
50705,0.0,Mobile Phone,3,15.0,E wallet,3.0,3,Laptop & Accessory,5,1,1,17.0,0.0,1.0,3.0,182.24,182.24,1.0,0.0,0-3,1
50706,14.0,Mobile Phone,1,18.0,Debit Card,2.0,3,Mobile Phone,2,4,1,11.0,1.0,1.0,0.0,147.66,147.66,0.06666666666666667,1.0,0-3,0
50707,0.0,Computer,1,,Credit Card,3.0,3,Mobile Phone,3,2,0,12.0,2.0,2.0,2.0,126.1,63.05,2.0,1.0,0-3,1
50708,10.0,Mobile Phone,1,31.0,Credit Card,2.0,4,Laptop & Accessory,2,8,0,13.0,0.0,1.0,3.0,157.31,157.31,0.09090909090909091,0.0,0-3,0
50709,0.0,Mobile Phone,1,,Debit Card,2.0,4,Mobile Phone,3,2,0,13.0,2.0,2.0,2.0,125.39,62.695,2.0,1.0,0-3,0
50710,7.0,Mobile Phone,3,15.0,Debit Card,3.0,3,Laptop & Accessory,3,2,0,20.0,1.0,1.0,3.0,157.14,157.14,0.125,1.0,0-3,0
50711,8.0,Mobile Phone,2,14.0,Cash on Delivery,3.0,3,Mobile Phone,3,2,0,17.0,0.0,1.0,4.0,143.23,143.23,0.1111111111111111,0.0,4-7,0
50712,0.0,Mobile Phone,3,29.0,Debit Card,2.0,4,Fashion,5,2,0,13.0,0.0,3.0,10.0,173.36,57.78666666666667,3.0,0.0,8-14,1
50713,13.0,Computer,1,15.0,Credit Card,2.0,3,Fashion,3,10,0,17.0,0.0,,13.0,234.99,,,,8-14,0
50714,5.0,Computer,3,18.0,Debit Card,2.0,3,Grocery,5,1,1,12.0,7.0,,14.0,237.58,,,,8-14,1
50715,15.0,Mobile Phone,3,10.0,E wallet,2.0,3,Laptop & Accessory,5,8,0,13.0,1.0,1.0,5.0,151.55,151.55,0.0625,1.0,4-7,0
50716,,Mobile Phone,1,6.0,Credit Card,2.0,4,Mobile Phone,3,7,0,12.0,1.0,1.0,7.0,122.58,122.58,,1.0,4-7,0
50717,0.0,Mobile Phone,1,30.0,Credit Card,2.0,3,Mobile Phone,4,9,0,22.0,1.0,1.0,2.0,135.97,135.97,1.0,1.0,0-3,0
50718,0.0,Mobile Phone,1,,Debit Card,3.0,3,Mobile Phone,2,2,1,11.0,1.0,1.0,0.0,125.15,125.15,1.0,1.0,0-3,1
50719,0.0,Mobile Phone,1,9.0,Credit Card,2.0,1,Mobile Phone,2,2,0,22.0,1.0,1.0,7.0,144.2,144.2,1.0,1.0,4-7,0
50720,3.0,Mobile Phone,3,16.0,E wallet,3.0,4,Laptop & Accessory,3,2,0,18.0,1.0,1.0,4.0,165.78,165.78,0.25,1.0,4-7,0
50721,13.0,Computer,1,32.0,Credit Card,3.0,4,Laptop & Accessory,2,4,1,13.0,1.0,1.0,0.0,144.22,144.22,0.07142857142857142,1.0,0-3,0
50722,8.0,Mobile Phone,1,8.0,Debit Card,2.0,4,Fashion,4,3,0,18.0,6.0,6.0,4.0,202.74,33.79,0.6666666666666666,1.0,4-7,0
50723,7.0,Computer,1,6.0,Credit Card,3.0,4,Laptop & Accessory,5,1,0,20.0,1.0,4.0,9.0,153.43,38.3575,0.5,0.25,8-14,0
50724,8.0,Computer,1,,UPI,2.0,4,Mobile Phone,2,2,0,13.0,2.0,2.0,2.0,123.76,61.88,0.2222222222222222,1.0,0-3,0
50725,6.0,Mobile Phone,3,15.0,E wallet,2.0,5,Laptop & Accessory,3,9,0,13.0,1.0,1.0,3.0,153.46,153.46,0.14285714285714285,1.0,0-3,1
50726,5.0,Computer,3,8.0,Debit Card,,3,Mobile Phone,5,2,0,12.0,0.0,1.0,0.0,128.27,128.27,0.16666666666666666,0.0,0-3,0
50727,29.0,Mobile Phone,1,10.0,Cash on Delivery,3.0,3,Others,5,5,0,,0.0,4.0,2.0,299.43,74.8575,0.13333333333333333,0.0,0-3,0
50728,2.0,Mobile Phone,1,12.0,Credit Card,,3,Mobile Phone,2,2,0,13.0,0.0,1.0,8.0,131.31,131.31,0.3333333333333333,0.0,8-14,0
50729,0.0,Mobile Phone,1,,Debit Card,2.0,3,Mobile Phone,5,2,0,25.0,0.0,1.0,0.0,125.52,125.52,1.0,0.0,0-3,0
50730,18.0,Mobile Phone,1,13.0,Credit Card,2.0,3,Mobile Phone,3,5,1,19.0,1.0,1.0,2.0,144.77,144.77,0.05263157894736842,1.0,0-3,0
50731,10.0,Mobile Phone,1,6.0,Debit Card,2.0,4,Laptop & Accessory,2,2,0,13.0,3.0,3.0,11.0,164.74,54.913333333333334,0.2727272727272727,1.0,8-14,0
50732,0.0,Mobile Phone,1,9.0,Debit Card,,4,Mobile Phone,3,2,0,12.0,0.0,1.0,2.0,130.33,130.33,1.0,0.0,0-3,0
50733,7.0,Mobile Phone,1,16.0,Debit Card,,3,Mobile Phone,3,2,1,11.0,1.0,1.0,2.0,129.36,129.36,0.125,1.0,0-3,1
50734,26.0,Mobile Phone,1,13.0,Credit Card,2.0,3,Others,3,4,0,18.0,,4.0,7.0,286.06,71.515,0.14814814814814814,,4-7,0
50735,,Mobile Phone,1,21.0,Debit Card,3.0,5,Mobile Phone,2,1,1,18.0,1.0,1.0,3.0,121.68,121.68,,1.0,0-3,0
50736,0.0,Computer,1,9.0,Debit Card,,4,Mobile Phone,2,1,1,11.0,0.0,1.0,0.0,128.53,128.53,1.0,0.0,0-3,1
50737,19.0,Mobile Phone,3,8.0,E wallet,3.0,3,Grocery,5,9,0,23.0,,15.0,9.0,270.48,18.032,0.75,,8-14,0
50738,,Computer,1,23.0,Debit Card,3.0,5,Mobile Phone,3,3,0,13.0,1.0,1.0,0.0,122.9,122.9,,1.0,0-3,0
50739,6.0,Mobile Phone,2,8.0,UPI,2.0,3,Mobile Phone,3,2,0,13.0,0.0,1.0,4.0,136.0,136.0,0.14285714285714285,0.0,4-7,0
50740,,Computer,1,11.0,Debit Card,3.0,4,Mobile Phone,5,7,0,17.0,1.0,1.0,0.0,121.07,121.07,,1.0,0-3,1
50741,3.0,Mobile Phone,3,35.0,Debit Card,3.0,3,Laptop & Accessory,5,9,0,19.0,1.0,1.0,3.0,141.15,141.15,0.25,1.0,0-3,0
50742,13.0,Computer,3,8.0,Credit Card,3.0,3,Laptop & Accessory,4,6,0,12.0,1.0,1.0,0.0,143.27,143.27,0.07142857142857142,1.0,0-3,0
50743,23.0,Computer,1,8.0,Credit Card,1.0,3,Grocery,5,3,0,22.0,,2.0,2.0,278.56,139.28,0.08333333333333333,,0-3,0
50744,1.0,Mobile Phone,1,25.0,Credit Card,3.0,4,Mobile Phone,5,2,0,12.0,1.0,3.0,3.0,131.96,43.98666666666667,1.5,0.3333333333333333,0-3,0
50745,19.0,Mobile Phone,1,21.0,Debit Card,2.0,3,Others,4,6,0,11.0,,1.0,3.0,290.81,290.81,0.05,,0-3,0
50746,8.0,Mobile Phone,3,23.0,Debit Card,3.0,3,Laptop & Accessory,5,4,1,15.0,1.0,1.0,7.0,189.66,189.66,0.1111111111111111,1.0,4-7,0
50747,,Mobile Phone,1,23.0,Debit Card,3.0,3,Mobile Phone,4,2,0,13.0,0.0,1.0,0.0,122.1,122.1,,0.0,0-3,1
50748,6.0,Computer,3,31.0,Credit Card,2.0,3,Laptop & Accessory,3,2,0,12.0,0.0,1.0,1.0,145.39,145.39,0.14285714285714285,0.0,0-3,0
50749,9.0,Mobile Phone,1,12.0,Debit Card,,5,Mobile Phone,3,2,0,14.0,0.0,1.0,7.0,127.41,127.41,0.1,0.0,4-7,0
50750,3.0,Mobile Phone,1,13.0,Debit Card,2.0,3,Laptop & Accessory,3,2,0,13.0,8.0,8.0,9.0,134.91,16.86375,2.0,1.0,8-14,0
50751,17.0,Mobile Phone,1,35.0,UPI,2.0,3,Laptop & Accessory,2,2,0,25.0,1.0,1.0,17.0,145.41,145.41,0.05555555555555555,1.0,15+,0
50752,0.0,Mobile Phone,3,27.0,E wallet,,1,Mobile Phone,2,2,0,17.0,0.0,2.0,2.0,126.78,63.39,2.0,0.0,0-3,0
50753,19.0,Mobile Phone,1,8.0,Cash on Delivery,2.0,3,Laptop & Accessory,2,3,0,11.0,1.0,1.0,4.0,173.79,173.79,0.05,1.0,4-7,0
50754,15.0,Computer,2,8.0,Credit Card,3.0,1,Laptop & Accessory,5,8,0,16.0,0.0,1.0,3.0,162.72,162.72,0.0625,0.0,0-3,0
50755,30.0,Mobile Phone,3,13.0,E wallet,2.0,1,Laptop & Accessory,2,1,1,18.0,0.0,1.0,9.0,152.2,152.2,0.03225806451612903,0.0,8-14,0
50756,5.0,Computer,1,19.0,UPI,,4,Mobile Phone,4,2,0,20.0,0.0,2.0,2.0,127.43,63.715,0.3333333333333333,0.0,0-3,0
50757,5.0,Computer,1,8.0,Debit Card,2.0,3,Laptop & Accessory,3,5,1,14.0,1.0,1.0,7.0,149.98,149.98,0.16666666666666666,1.0,4-7,0
50758,9.0,Mobile Phone,1,6.0,Cash on Delivery,3.0,5,Fashion,5,3,1,21.0,5.0,7.0,7.0,202.52,28.931428571428572,0.7,0.7142857142857143,4-7,0
50759,6.0,Mobile Phone,1,15.0,Credit Card,,3,Mobile Phone,2,1,0,13.0,1.0,4.0,10.0,127.81,31.9525,0.5714285714285714,0.25,8-14,0
50760,13.0,Mobile Phone,3,16.0,Cash on Delivery,2.0,4,Laptop & Accessory,4,8,0,12.0,1.0,1.0,3.0,168.52,168.52,0.07142857142857142,1.0,0-3,0
50761,0.0,Mobile Phone,3,16.0,Debit Card,2.0,3,Laptop & Accessory,2,1,0,14.0,0.0,1.0,1.0,149.5,149.5,1.0,0.0,0-3,0
50762,3.0,Mobile Phone,1,6.0,Credit Card,3.0,3,Mobile Phone,4,1,1,21.0,1.0,5.0,7.0,135.79,27.157999999999998,1.25,0.2,4-7,0
50763,15.0,Computer,1,32.0,Credit Card,2.0,3,Fashion,5,4,1,17.0,0.0,,0.0,231.91000000000005,,,,0-3,0
50764,8.0,Computer,3,14.0,E wallet,3.0,4,Fashion,2,5,1,11.0,2.0,4.0,12.0,203.77,50.9425,0.4444444444444444,0.5,8-14,0
50765,,Mobile Phone,1,20.0,Debit Card,2.0,3,Mobile Phone,5,2,1,14.0,2.0,6.0,8.0,122.35,20.391666666666666,,0.3333333333333333,8-14,0
50766,27.0,Computer,1,6.0,Debit Card,2.0,3,Fashion,3,8,0,17.0,1.0,1.0,4.0,205.02,205.02,0.03571428571428571,1.0,4-7,0
50767,,Mobile Phone,1,8.0,Debit Card,3.0,1,Mobile Phone,2,2,0,13.0,6.0,7.0,7.0,120.11,17.158571428571427,,0.8571428571428571,4-7,0
50768,,Computer,1,16.0,Credit Card,3.0,4,Mobile Phone,4,2,1,25.0,1.0,1.0,0.0,118.59,118.59,,1.0,0-3,1
50769,2.0,Mobile Phone,1,6.0,Debit Card,3.0,3,Mobile Phone,2,2,0,15.0,0.0,1.0,2.0,137.6,137.6,0.3333333333333333,0.0,0-3,0
50770,27.0,Mobile Phone,1,9.0,Debit Card,2.0,3,Grocery,2,4,0,14.0,,1.0,9.0,277.79,277.79,0.03571428571428571,,8-14,0
50771,4.0,Mobile Phone,1,17.0,Credit Card,3.0,3,Laptop & Accessory,5,2,1,12.0,0.0,1.0,1.0,168.33,168.33,0.2,0.0,0-3,0
50772,4.0,Mobile Phone,1,30.0,Credit Card,3.0,4,Laptop & Accessory,5,2,0,19.0,0.0,1.0,8.0,168.12,168.12,0.2,0.0,8-14,0
50773,30.0,Mobile Phone,3,9.0,Debit Card,2.0,4,Laptop & Accessory,2,6,0,17.0,0.0,1.0,5.0,151.71,151.71,0.03225806451612903,0.0,4-7,0
50774,16.0,Mobile Phone,1,9.0,Debit Card,3.0,5,Others,2,4,0,,1.0,1.0,7.0,297.4,297.4,0.058823529411764705,1.0,4-7,0
50775,22.0,Mobile Phone,1,10.0,Credit Card,2.0,4,Others,3,3,0,13.0,,1.0,0.0,287.11,287.11,0.043478260869565216,,0-3,0
50776,9.0,Computer,1,9.0,Cash on Delivery,2.0,3,Mobile Phone,4,2,0,12.0,1.0,1.0,7.0,136.92,136.92,0.1,1.0,4-7,0
50777,21.0,Mobile Phone,1,,Cash on Delivery,3.0,1,Mobile Phone,4,6,0,11.0,0.0,1.0,0.0,125.59,125.59,0.045454545454545456,0.0,0-3,0
50778,0.0,Mobile Phone,1,,Debit Card,3.0,3,Mobile Phone,3,2,0,11.0,1.0,1.0,3.0,125.17,125.17,1.0,1.0,0-3,0
50779,2.0,Mobile Phone,1,13.0,Debit Card,2.0,3,Laptop & Accessory,2,2,1,11.0,0.0,1.0,0.0,166.23,166.23,0.3333333333333333,0.0,0-3,0
50780,21.0,Mobile Phone,1,6.0,Debit Card,3.0,4,Others,2,7,0,12.0,,1.0,0.0,282.65,282.65,0.045454545454545456,,0-3,0
50781,2.0,Mobile Phone,1,6.0,Debit Card,2.0,4,Grocery,2,4,0,14.0,,1.0,7.0,261.24,261.24,0.3333333333333333,,4-7,0
50782,7.0,Mobile Phone,1,,Cash on Delivery,2.0,1,Mobile Phone,3,1,0,17.0,1.0,1.0,0.0,125.85,125.85,0.125,1.0,0-3,0
50783,17.0,Mobile Phone,3,11.0,E wallet,2.0,3,Others,4,8,0,11.0,,3.0,10.0,282.13,94.04333333333334,0.16666666666666666,,8-14,0
50784,6.0,Mobile Phone,3,16.0,E wallet,2.0,1,Fashion,3,1,1,14.0,1.0,1.0,8.0,183.8,183.8,0.14285714285714285,1.0,8-14,0
50785,0.0,Mobile Phone,1,31.0,Debit Card,,1,Mobile Phone,2,2,1,12.0,1.0,1.0,1.0,129.94,129.94,1.0,1.0,0-3,0
50786,,Mobile Phone,1,6.0,Debit Card,2.0,3,Mobile Phone,3,2,0,22.0,0.0,1.0,1.0,112.23,112.23,,0.0,0-3,0
50787,0.0,Computer,3,30.0,Debit Card,3.0,5,Mobile Phone,2,2,1,14.0,1.0,1.0,0.0,111.18,111.18,1.0,1.0,0-3,1
50788,0.0,Mobile Phone,1,10.0,Debit Card,,3,Mobile Phone,2,2,1,20.0,0.0,2.0,2.0,128.75,64.375,2.0,0.0,0-3,0
50789,8.0,Mobile Phone,3,8.0,E wallet,3.0,5,Others,4,3,1,16.0,,1.0,11.0,288.24,288.24,0.1111111111111111,,8-14,1
50790,28.0,Computer,1,14.0,Credit Card,2.0,4,Grocery,4,2,1,15.0,3.0,,0.0,235.77,,,,0-3,0
50791,0.0,Computer,1,,Debit Card,2.0,4,Mobile Phone,3,2,0,20.0,2.0,2.0,2.0,126.25,63.125,2.0,1.0,0-3,1
50792,19.0,Mobile Phone,3,10.0,E wallet,2.0,4,Others,4,3,0,14.0,,1.0,8.0,287.89,287.89,0.05,,8-14,0
50793,7.0,Mobile Phone,3,8.0,E wallet,2.0,3,Laptop & Accessory,5,1,1,12.0,1.0,1.0,2.0,145.38,145.38,0.125,1.0,0-3,0
50794,24.0,Computer,3,15.0,Debit Card,2.0,3,Others,4,5,1,,2.0,11.0,10.0,298.47,27.133636363636366,0.44,0.18181818181818182,8-14,0
50795,30.0,Mobile Phone,1,24.0,Credit Card,3.0,3,Fashion,2,7,0,12.0,1.0,5.0,4.0,205.12,41.024,0.16129032258064516,0.2,4-7,0
50796,7.0,Computer,1,25.0,Credit Card,2.0,3,Laptop & Accessory,4,5,0,13.0,3.0,5.0,10.0,144.44,28.887999999999998,0.625,0.6,8-14,0
50797,,Computer,1,6.0,Credit Card,2.0,3,Mobile Phone,3,1,1,11.0,0.0,1.0,2.0,121.54,121.54,,0.0,0-3,0
50798,17.0,Mobile Phone,1,10.0,Debit Card,3.0,1,Others,5,2,0,14.0,,14.0,13.0,291.9,20.849999999999998,0.7777777777777778,,8-14,0
50799,7.0,Computer,2,17.0,Debit Card,2.0,4,Laptop & Accessory,4,5,0,11.0,0.0,1.0,8.0,144.9,144.9,0.125,0.0,8-14,0
50800,8.0,Mobile Phone,1,12.0,Debit Card,3.0,3,Mobile Phone,3,1,1,14.0,1.0,2.0,2.0,135.06,67.53,0.2222222222222222,0.5,0-3,0
50801,15.0,Mobile Phone,1,,Credit Card,3.0,1,Laptop & Accessory,4,7,1,16.0,0.0,1.0,0.0,123.72,123.72,0.0625,0.0,0-3,0
50802,16.0,Mobile Phone,3,10.0,E wallet,2.0,4,Fashion,2,4,0,14.0,10.0,15.0,17.0,202.31,13.487333333333334,0.8823529411764706,0.6666666666666666,15+,0
50803,9.0,Mobile Phone,1,8.0,Debit Card,2.0,3,Laptop & Accessory,4,10,1,11.0,4.0,5.0,12.0,154.1,30.82,0.5,0.8,8-14,0
50804,7.0,Mobile Phone,1,21.0,Credit Card,3.0,3,Fashion,2,2,0,11.0,0.0,1.0,5.0,179.78,179.78,0.125,0.0,4-7,1
50805,1.0,Computer,1,8.0,Debit Card,2.0,4,Mobile Phone,2,2,1,12.0,2.0,2.0,2.0,138.67,69.335,1.0,1.0,0-3,0
50806,24.0,Computer,1,12.0,Credit Card,,4,Mobile Phone,3,1,0,14.0,7.0,7.0,7.0,128.38,18.34,0.28,1.0,4-7,0
50807,3.0,Computer,1,15.0,Credit Card,3.0,3,Laptop & Accessory,3,8,1,18.0,1.0,1.0,7.0,146.95,146.95,0.25,1.0,4-7,0
50808,0.0,Mobile Phone,1,13.0,Cash on Delivery,2.0,3,Mobile Phone,3,4,1,13.0,1.0,7.0,7.0,133.39,19.055714285714284,7.0,0.14285714285714285,4-7,1
50809,,Mobile Phone,1,6.0,Cash on Delivery,2.0,3,Mobile Phone,5,3,0,11.0,0.0,1.0,2.0,120.8,120.8,,0.0,0-3,0
50810,,Mobile Phone,1,6.0,Credit Card,2.0,3,Mobile Phone,4,2,0,18.0,1.0,2.0,1.0,120.96,60.48,,0.5,0-3,0
50811,5.0,Mobile Phone,3,14.0,Credit Card,2.0,1,Laptop & Accessory,2,2,0,15.0,0.0,1.0,8.0,162.09,162.09,0.16666666666666666,0.0,8-14,0
50812,18.0,Computer,1,31.0,Credit Card,2.0,3,Others,4,4,0,22.0,,1.0,0.0,280.61,280.61,0.05263157894736842,,0-3,0
50813,12.0,Mobile Phone,1,19.0,Credit Card,3.0,4,Grocery,4,7,1,13.0,,15.0,2.0,271.23,18.082,1.1538461538461537,,0-3,0
50814,30.0,Mobile Phone,1,,Debit Card,2.0,3,Mobile Phone,3,2,0,12.0,2.0,2.0,2.0,123.72,61.86,0.06451612903225806,1.0,0-3,0
50815,0.0,Mobile Phone,1,13.0,Debit Card,3.0,3,Laptop & Accessory,3,2,0,18.0,1.0,1.0,1.0,148.83,148.83,1.0,1.0,0-3,1
50816,2.0,Mobile Phone,1,29.0,Credit Card,3.0,3,Mobile Phone,5,1,0,13.0,0.0,1.0,3.0,139.04,139.04,0.3333333333333333,0.0,0-3,1
50817,3.0,Mobile Phone,1,12.0,Cash on Delivery,2.0,4,Laptop & Accessory,2,1,0,12.0,5.0,6.0,7.0,146.27,24.378333333333334,1.5,0.8333333333333334,4-7,0
50818,9.0,Mobile Phone,1,16.0,Cash on Delivery,3.0,3,Fashion,3,4,0,12.0,0.0,1.0,7.0,170.94,170.94,0.1,0.0,4-7,0
50819,19.0,Mobile Phone,2,6.0,Debit Card,2.0,3,Mobile Phone,5,7,0,12.0,3.0,5.0,7.0,134.23,26.845999999999997,0.25,0.6,4-7,0
50820,1.0,Computer,1,6.0,Debit Card,2.0,5,Laptop & Accessory,2,1,0,11.0,7.0,7.0,5.0,166.74,23.82,3.5,1.0,4-7,0
50821,23.0,Mobile Phone,1,34.0,Debit Card,2.0,3,Grocery,5,5,1,11.0,,1.0,2.0,268.8,268.8,0.041666666666666664,,0-3,0
50822,3.0,Mobile Phone,3,31.0,E wallet,2.0,4,Fashion,4,3,1,12.0,0.0,1.0,0.0,190.94,190.94,0.25,0.0,0-3,1
50823,15.0,Mobile Phone,3,11.0,Debit Card,3.0,3,Fashion,4,10,1,19.0,5.0,7.0,7.0,184.46,26.351428571428574,0.4375,0.7142857142857143,4-7,1
50824,3.0,Mobile Phone,1,23.0,Credit Card,3.0,3,Fashion,5,2,1,23.0,0.0,1.0,,219.16000000000005,219.16000000000005,0.25,0.0,,0
50825,12.0,Mobile Phone,1,24.0,Debit Card,2.0,3,Laptop & Accessory,3,1,0,11.0,0.0,1.0,7.0,145.34,145.34,0.07692307692307693,0.0,4-7,0
50826,4.0,Computer,3,8.0,Debit Card,2.0,3,Fashion,3,2,1,19.0,3.0,9.0,6.0,198.52,22.05777777777778,1.8,0.3333333333333333,4-7,0
50827,14.0,Computer,3,16.0,Credit Card,2.0,5,Laptop & Accessory,4,2,0,13.0,3.0,11.0,9.0,161.51,14.682727272727272,0.7333333333333333,0.2727272727272727,8-14,0
50828,,Computer,3,6.0,Debit Card,2.0,3,Mobile Phone,4,2,1,11.0,1.0,2.0,2.0,123.02,61.51,,0.5,0-3,1
50829,7.0,Mobile Phone,1,,Debit Card,2.0,3,Mobile Phone,5,5,0,12.0,1.0,1.0,2.0,123.62,123.62,0.125,1.0,0-3,1
50830,15.0,Computer,1,8.0,Debit Card,2.0,3,Grocery,3,1,1,13.0,,2.0,10.0,278.61,139.305,0.125,,8-14,0
50831,28.0,Mobile Phone,1,8.0,Credit Card,2.0,5,Others,3,5,0,14.0,,9.0,11.0,291.87,32.43,0.3103448275862069,,8-14,0
50832,29.0,Mobile Phone,2,14.0,Debit Card,2.0,3,Others,4,7,0,,1.0,7.0,7.0,297.17,42.45285714285715,0.23333333333333334,0.14285714285714285,4-7,0
50833,13.0,Computer,1,22.0,Debit Card,3.0,3,Mobile Phone,3,10,0,16.0,1.0,1.0,0.0,135.44,135.44,0.07142857142857142,1.0,0-3,0
50834,7.0,Mobile Phone,1,15.0,Debit Card,2.0,3,Fashion,2,1,0,11.0,1.0,1.0,6.0,185.0,185.0,0.125,1.0,4-7,0
50835,13.0,Mobile Phone,1,8.0,Debit Card,3.0,3,Laptop & Accessory,2,2,0,13.0,3.0,8.0,8.0,146.61,18.32625,0.5714285714285714,0.375,8-14,0
50836,14.0,Computer,3,6.0,E wallet,3.0,3,Laptop & Accessory,5,1,0,17.0,0.0,1.0,7.0,141.03,141.03,0.06666666666666667,0.0,4-7,0
50837,8.0,Computer,1,10.0,Debit Card,2.0,3,Laptop & Accessory,3,2,1,11.0,1.0,1.0,1.0,142.49,142.49,0.1111111111111111,1.0,0-3,0
50838,24.0,Mobile Phone,2,11.0,Debit Card,2.0,3,Grocery,4,2,1,11.0,1.0,,10.0,240.26,,,,8-14,0
50839,11.0,Mobile Phone,3,8.0,Debit Card,2.0,3,Laptop & Accessory,5,4,0,15.0,0.0,1.0,7.0,168.93,168.93,0.08333333333333333,0.0,4-7,0
50840,7.0,Mobile Phone,3,21.0,Credit Card,3.0,3,Laptop & Accessory,5,2,0,12.0,1.0,9.0,6.0,161.25,17.916666666666668,1.125,0.1111111111111111,4-7,0
50841,0.0,Mobile Phone,1,25.0,Credit Card,3.0,3,Mobile Phone,2,4,0,11.0,1.0,1.0,2.0,136.69,136.69,1.0,1.0,0-3,0
50842,20.0,Mobile Phone,1,13.0,Credit Card,2.0,4,Fashion,5,8,1,14.0,4.0,5.0,9.0,200.08,40.016000000000005,0.23809523809523808,0.8,8-14,1
50843,13.0,Mobile Phone,1,,Debit Card,2.0,3,Mobile Phone,4,4,0,22.0,1.0,1.0,3.0,123.87,123.87,0.07142857142857142,1.0,0-3,0
50844,9.0,Computer,3,13.0,E wallet,2.0,1,Laptop & Accessory,5,3,0,16.0,5.0,6.0,13.0,146.39,24.39833333333333,0.6,0.8333333333333334,8-14,0
50845,21.0,Mobile Phone,1,10.0,Debit Card,2.0,3,Fashion,2,2,0,11.0,1.0,1.0,8.0,178.98,178.98,0.045454545454545456,1.0,8-14,0
50846,0.0,Mobile Phone,3,,Credit Card,3.0,1,Mobile Phone,2,9,0,14.0,1.0,1.0,0.0,125.34,125.34,1.0,1.0,0-3,0
50847,24.0,Mobile Phone,1,17.0,Cash on Delivery,2.0,4,Grocery,4,4,0,16.0,0.0,1.0,,231.42,231.42,0.04,0.0,,0
50848,,Computer,1,6.0,Debit Card,3.0,3,Mobile Phone,2,2,0,15.0,1.0,1.0,0.0,116.11,116.11,,1.0,0-3,0
50849,8.0,Mobile Phone,1,6.0,Credit Card,2.0,4,Laptop & Accessory,2,1,0,12.0,1.0,1.0,0.0,153.63,153.63,0.1111111111111111,1.0,0-3,0
50850,0.0,Computer,3,8.0,Debit Card,2.0,5,Laptop & Accessory,2,4,0,20.0,1.0,1.0,0.0,150.71,150.71,1.0,1.0,0-3,0
50851,18.0,Mobile Phone,3,19.0,E wallet,2.0,1,Grocery,3,7,1,17.0,2.0,,8.0,236.95,,,,8-14,1
50852,29.0,Mobile Phone,1,29.0,Debit Card,3.0,3,Grocery,4,5,1,12.0,11.0,,9.0,234.02,,,,8-14,0
50853,,Computer,1,32.0,Cash on Delivery,3.0,4,Mobile Phone,3,2,0,20.0,1.0,1.0,0.0,120.29,120.29,,1.0,0-3,0
50854,13.0,Mobile Phone,1,8.0,Credit Card,2.0,1,Laptop & Accessory,3,6,0,20.0,5.0,11.0,8.0,163.77,14.888181818181819,0.7857142857142857,0.45454545454545453,8-14,0
50855,7.0,Mobile Phone,1,35.0,Credit Card,2.0,3,Laptop & Accessory,3,5,0,13.0,0.0,7.0,7.0,154.29,22.041428571428572,0.875,0.0,4-7,0
50856,0.0,Computer,3,8.0,Debit Card,,4,Mobile Phone,2,8,0,14.0,0.0,1.0,0.0,127.85,127.85,1.0,0.0,0-3,1
50857,0.0,Computer,3,24.0,E wallet,3.0,3,Laptop & Accessory,3,1,1,18.0,3.0,3.0,2.0,146.14,48.71333333333333,3.0,1.0,0-3,1
50858,11.0,Computer,1,,Debit Card,2.0,1,Mobile Phone,3,2,0,11.0,0.0,1.0,3.0,126.1,126.1,0.08333333333333333,0.0,0-3,0
50859,7.0,Mobile Phone,1,8.0,Cash on Delivery,3.0,3,Laptop & Accessory,2,2,0,11.0,1.0,4.0,11.0,166.87,41.7175,0.5,0.25,8-14,0
50860,1.0,Mobile Phone,3,32.0,Debit Card,2.0,4,Laptop & Accessory,5,2,0,11.0,1.0,1.0,4.0,147.24,147.24,0.5,1.0,4-7,0
50861,0.0,Mobile Phone,1,28.0,Credit Card,3.0,3,Laptop & Accessory,3,2,1,15.0,3.0,6.0,7.0,161.79,26.965,6.0,0.5,4-7,1
50862,12.0,Mobile Phone,3,27.0,Debit Card,2.0,4,Laptop & Accessory,2,4,1,12.0,0.0,1.0,4.0,161.2,161.2,0.07692307692307693,0.0,4-7,0
50863,24.0,Computer,3,8.0,E wallet,2.0,3,Fashion,4,3,0,11.0,0.0,3.0,2.0,205.96,68.65333333333334,0.12,0.0,0-3,0
50864,14.0,Computer,1,28.0,Debit Card,3.0,3,Laptop & Accessory,2,4,1,14.0,0.0,3.0,3.0,154.67,51.556666666666665,0.2,0.0,0-3,0
50865,10.0,Mobile Phone,1,10.0,Debit Card,,3,Mobile Phone,3,8,1,15.0,1.0,1.0,3.0,129.96,129.96,0.09090909090909091,1.0,0-3,0
50866,6.0,Computer,3,11.0,Debit Card,3.0,3,Laptop & Accessory,2,7,0,13.0,1.0,1.0,2.0,199.98,199.98,0.14285714285714285,1.0,0-3,0
50867,5.0,Mobile Phone,3,8.0,E wallet,2.0,3,Laptop & Accessory,4,1,1,13.0,0.0,1.0,2.0,140.78,140.78,0.16666666666666666,0.0,0-3,0
50868,12.0,Computer,1,31.0,Debit Card,3.0,3,Fashion,3,4,0,21.0,0.0,1.0,5.0,209.2,209.2,0.07692307692307693,0.0,4-7,0
50869,0.0,Mobile Phone,3,24.0,Debit Card,3.0,1,Laptop & Accessory,3,3,0,11.0,0.0,1.0,2.0,162.32,162.32,1.0,0.0,0-3,0
50870,25.0,Computer,1,34.0,Credit Card,2.0,1,Grocery,3,3,1,11.0,0.0,,2.0,232.47000000000003,,,,0-3,0
50871,16.0,Mobile Phone,1,12.0,Credit Card,3.0,4,Laptop & Accessory,3,2,1,14.0,1.0,1.0,8.0,140.81,140.81,0.058823529411764705,1.0,8-14,0
50872,0.0,Mobile Phone,3,16.0,E wallet,3.0,4,Laptop & Accessory,2,2,1,11.0,2.0,4.0,4.0,157.69,39.4225,4.0,0.5,4-7,0
50873,0.0,Mobile Phone,1,,Debit Card,2.0,3,Mobile Phone,3,2,1,13.0,3.0,7.0,7.0,123.94,17.705714285714286,7.0,0.42857142857142855,4-7,1
50874,0.0,Mobile Phone,1,8.0,Credit Card,2.0,4,Mobile Phone,2,1,0,12.0,0.0,1.0,1.0,139.04,139.04,1.0,0.0,0-3,0
50875,15.0,Mobile Phone,2,16.0,UPI,2.0,3,Grocery,5,1,0,14.0,,1.0,9.0,267.99,267.99,0.0625,,8-14,0
50876,25.0,Mobile Phone,1,14.0,UPI,,3,Mobile Phone,5,10,0,13.0,1.0,1.0,4.0,129.5,129.5,0.038461538461538464,1.0,4-7,0
50877,10.0,Mobile Phone,1,17.0,Credit Card,3.0,3,Mobile Phone,3,5,0,18.0,0.0,1.0,2.0,136.29,136.29,0.09090909090909091,0.0,0-3,0
50878,8.0,Computer,1,24.0,Debit Card,2.0,3,Fashion,2,3,0,11.0,0.0,2.0,2.0,193.62,96.81,0.2222222222222222,0.0,0-3,0
50879,0.0,Mobile Phone,1,6.0,Cash on Delivery,2.0,3,Mobile Phone,2,5,0,11.0,1.0,1.0,2.0,132.29,132.29,1.0,1.0,0-3,0
50880,0.0,Mobile Phone,1,13.0,UPI,3.0,1,Mobile Phone,5,1,0,12.0,1.0,1.0,7.0,135.78,135.78,1.0,1.0,4-7,0
50881,2.0,Mobile Phone,2,23.0,UPI,2.0,4,Fashion,5,2,0,13.0,0.0,1.0,9.0,179.88,179.88,0.3333333333333333,0.0,8-14,0
50882,0.0,Computer,1,34.0,Debit Card,3.0,4,Laptop & Accessory,5,4,0,20.0,0.0,1.0,3.0,142.84,142.84,1.0,0.0,0-3,1
50883,0.0,Computer,1,20.0,UPI,2.0,3,Fashion,2,1,1,12.0,2.0,7.0,7.0,175.53,25.075714285714287,7.0,0.2857142857142857,4-7,1
50884,27.0,Mobile Phone,1,6.0,Credit Card,2.0,3,Grocery,2,7,0,19.0,,12.0,7.0,273.28,22.77333333333333,0.42857142857142855,,4-7,0
50885,30.0,Mobile Phone,1,6.0,Credit Card,3.0,3,Others,5,4,1,,1.0,1.0,5.0,297.01,297.01,0.03225806451612903,1.0,4-7,0
50886,28.0,Mobile Phone,1,6.0,Credit Card,2.0,1,Grocery,2,3,0,13.0,1.0,,0.0,247.32,,,,0-3,0
50887,9.0,Mobile Phone,3,9.0,E wallet,2.0,3,Laptop & Accessory,4,4,1,16.0,0.0,1.0,1.0,192.78,192.78,0.1,0.0,0-3,0
50888,,Computer,3,6.0,Debit Card,2.0,5,Mobile Phone,3,2,0,12.0,1.0,1.0,0.0,113.59,113.59,,1.0,0-3,1
50889,3.0,Mobile Phone,3,13.0,E wallet,3.0,3,Laptop & Accessory,5,8,0,14.0,1.0,1.0,2.0,147.79,147.79,0.25,1.0,0-3,0
50890,4.0,Mobile Phone,1,14.0,Debit Card,3.0,3,Grocery,4,4,0,11.0,,1.0,0.0,264.22,264.22,0.2,,0-3,0
50891,7.0,Computer,1,6.0,UPI,,3,Mobile Phone,5,6,0,14.0,1.0,1.0,3.0,129.96,129.96,0.125,1.0,0-3,0
50892,,Mobile Phone,1,14.0,Debit Card,2.0,4,Mobile Phone,4,2,0,12.0,0.0,1.0,0.0,112.61,112.61,,0.0,0-3,1
50893,,Mobile Phone,1,17.0,Debit Card,3.0,3,Mobile Phone,5,1,0,14.0,1.0,1.0,4.0,120.99,120.99,,1.0,4-7,0
50894,9.0,Mobile Phone,1,10.0,Debit Card,2.0,4,Laptop & Accessory,2,2,0,16.0,1.0,1.0,8.0,158.1,158.1,0.1,1.0,8-14,0
50895,9.0,Mobile Phone,3,22.0,E wallet,3.0,4,Laptop & Accessory,5,5,0,13.0,1.0,1.0,2.0,156.47,156.47,0.1,1.0,0-3,0
50896,20.0,Mobile Phone,1,6.0,Cash on Delivery,3.0,3,Mobile Phone,2,8,0,12.0,1.0,1.0,2.0,134.2,134.2,0.047619047619047616,1.0,0-3,0
50897,0.0,Mobile Phone,3,15.0,Debit Card,3.0,4,Mobile Phone,5,4,0,12.0,1.0,2.0,2.0,144.0,72.0,2.0,0.5,0-3,1
50898,10.0,Computer,1,11.0,Cash on Delivery,2.0,1,Mobile Phone,3,1,0,14.0,1.0,1.0,3.0,135.0,135.0,0.09090909090909091,1.0,0-3,0
50899,,Mobile Phone,1,6.0,Debit Card,2.0,3,Mobile Phone,5,3,0,22.0,1.0,1.0,0.0,120.66,120.66,,1.0,0-3,0
50900,20.0,Mobile Phone,1,8.0,Credit Card,2.0,3,Grocery,3,4,0,19.0,,5.0,6.0,271.69,54.338,0.23809523809523808,,4-7,0
50901,0.0,Mobile Phone,3,10.0,Credit Card,2.0,3,Laptop & Accessory,3,2,1,12.0,1.0,1.0,3.0,141.62,141.62,1.0,1.0,0-3,0
50902,5.0,Mobile Phone,3,13.0,E wallet,3.0,3,Laptop & Accessory,2,5,0,12.0,1.0,1.0,3.0,192.04,192.04,0.16666666666666666,1.0,0-3,0
50903,7.0,Mobile Phone,1,6.0,Debit Card,2.0,4,Mobile Phone,4,6,0,17.0,1.0,1.0,2.0,132.94,132.94,0.125,1.0,0-3,0
50904,,Mobile Phone,1,11.0,Credit Card,2.0,1,Mobile Phone,3,3,1,12.0,1.0,1.0,3.0,121.27,121.27,,1.0,0-3,0
50905,13.0,Computer,1,15.0,UPI,2.0,3,Laptop & Accessory,3,4,0,11.0,1.0,1.0,7.0,139.75,139.75,0.07142857142857142,1.0,4-7,0
50906,4.0,Mobile Phone,3,14.0,Debit Card,2.0,3,Fashion,2,2,0,18.0,2.0,9.0,9.0,207.93,23.103333333333335,1.8,0.2222222222222222,8-14,0
50907,9.0,Mobile Phone,3,15.0,E wallet,2.0,3,Fashion,1,5,0,11.0,0.0,4.0,3.0,200.96,50.24,0.4,0.0,0-3,1
50908,2.0,Computer,1,8.0,Debit Card,2.0,4,Mobile Phone,5,3,1,23.0,0.0,1.0,0.0,136.46,136.46,0.3333333333333333,0.0,0-3,1
50909,0.0,Computer,1,6.0,Debit Card,3.0,1,Fashion,4,2,0,11.0,3.0,4.0,7.0,174.46,43.615,4.0,0.75,4-7,1
50910,18.0,Mobile Phone,1,26.0,Credit Card,3.0,5,Fashion,5,3,1,18.0,0.0,1.0,7.0,208.51,208.51,0.05263157894736842,0.0,4-7,0
50911,,Mobile Phone,2,14.0,Credit Card,3.0,1,Mobile Phone,4,10,0,18.0,0.0,1.0,2.0,121.09,121.09,,0.0,0-3,0
50912,0.0,Computer,1,8.0,Debit Card,3.0,3,Mobile Phone,1,7,1,13.0,2.0,2.0,2.0,137.22,68.61,2.0,1.0,0-3,1
50913,18.0,Mobile Phone,1,35.0,Cash on Delivery,2.0,3,Fashion,1,5,1,18.0,1.0,1.0,2.0,193.8,193.8,0.05263157894736842,1.0,0-3,0
50914,21.0,Mobile Phone,3,13.0,E wallet,3.0,3,Laptop & Accessory,5,5,0,11.0,1.0,2.0,2.0,154.86,77.43,0.09090909090909091,0.5,0-3,0
50915,0.0,Mobile Phone,2,15.0,Cash on Delivery,,3,Mobile Phone,3,2,0,15.0,1.0,2.0,2.0,127.42,63.71,2.0,0.5,0-3,1
50916,13.0,Computer,1,14.0,Credit Card,2.0,4,Fashion,4,3,0,11.0,1.0,,8.0,237.57,,,,8-14,0
50917,1.0,Mobile Phone,3,11.0,Credit Card,2.0,3,Laptop & Accessory,5,1,0,18.0,1.0,1.0,3.0,184.63,184.63,0.5,1.0,0-3,0
50918,17.0,Computer,1,11.0,Debit Card,,4,Mobile Phone,3,4,0,14.0,0.0,1.0,3.0,131.62,131.62,0.05555555555555555,0.0,0-3,0
50919,26.0,Mobile Phone,1,8.0,Credit Card,2.0,1,Grocery,4,5,0,12.0,,8.0,8.0,265.98,33.2475,0.2962962962962963,,8-14,0
50920,22.0,Mobile Phone,1,11.0,Cash on Delivery,3.0,3,Laptop & Accessory,3,3,0,14.0,0.0,1.0,2.0,166.51,166.51,0.043478260869565216,0.0,0-3,0
50921,13.0,Mobile Phone,1,,Credit Card,3.0,3,Mobile Phone,3,3,0,14.0,0.0,1.0,2.0,123.45,123.45,0.07142857142857142,0.0,0-3,0
50922,17.0,Mobile Phone,1,26.0,Debit Card,2.0,3,Mobile Phone,4,2,0,13.0,1.0,1.0,3.0,134.2,134.2,0.05555555555555555,1.0,0-3,0
50923,6.0,Computer,3,13.0,Credit Card,2.0,3,Laptop & Accessory,5,1,0,14.0,0.0,1.0,3.0,143.73,143.73,0.14285714285714285,0.0,0-3,0
50924,7.0,Mobile Phone,3,9.0,UPI,2.0,5,Laptop & Accessory,5,4,0,18.0,2.0,3.0,12.0,147.59,49.196666666666665,0.375,0.6666666666666666,8-14,0
50925,3.0,Mobile Phone,3,22.0,Debit Card,3.0,3,Laptop & Accessory,3,9,0,15.0,0.0,2.0,2.0,153.01,76.505,0.5,0.0,0-3,0
50926,15.0,Computer,1,15.0,Credit Card,3.0,3,Mobile Phone,1,2,0,13.0,4.0,5.0,8.0,136.73,27.345999999999997,0.3125,0.8,8-14,0
50927,17.0,Computer,3,6.0,E wallet,3.0,3,Laptop & Accessory,3,8,0,12.0,1.0,1.0,0.0,147.68,147.68,0.05555555555555555,1.0,0-3,0
50928,,Computer,1,13.0,Cash on Delivery,3.0,3,Mobile Phone,3,2,0,13.0,0.0,1.0,0.0,112.74,112.74,,0.0,0-3,0
50929,50.0,Mobile Phone,1,6.0,Debit Card,3.0,1,Laptop & Accessory,3,1,0,24.0,1.0,2.0,8.0,149.0,74.5,0.0392156862745098,0.5,8-14,0
50930,22.0,Mobile Phone,1,13.0,Debit Card,2.0,3,Fashion,4,4,0,14.0,0.0,1.0,7.0,204.66,204.66,0.043478260869565216,0.0,4-7,0
50931,7.0,Computer,1,21.0,Credit Card,3.0,3,Grocery,5,8,0,14.0,,6.0,9.0,270.07,45.01166666666666,0.75,,8-14,0
50932,0.0,Computer,3,6.0,Cash on Delivery,,3,Mobile Phone,3,4,0,15.0,1.0,1.0,2.0,129.09,129.09,1.0,1.0,0-3,1
50933,0.0,Computer,3,19.0,Cash on Delivery,2.0,3,Laptop & Accessory,4,6,0,11.0,0.0,1.0,0.0,157.65,157.65,1.0,0.0,0-3,1
50934,0.0,Mobile Phone,3,30.0,Credit Card,2.0,4,Laptop & Accessory,4,1,1,23.0,2.0,10.0,10.0,145.99,14.599,10.0,0.2,8-14,1
50935,8.0,Mobile Phone,3,,Debit Card,3.0,3,Mobile Phone,3,2,0,13.0,1.0,1.0,0.0,124.04,124.04,0.1111111111111111,1.0,0-3,0
50936,0.0,Computer,1,15.0,Credit Card,2.0,3,Mobile Phone,5,3,1,11.0,0.0,1.0,0.0,131.72,131.72,1.0,0.0,0-3,1
50937,,Computer,3,19.0,Debit Card,3.0,3,Mobile Phone,4,2,0,13.0,0.0,1.0,0.0,120.33,120.33,,0.0,0-3,0
50938,17.0,Computer,1,8.0,Credit Card,2.0,3,Fashion,3,6,1,18.0,0.0,2.0,2.0,202.09,101.045,0.1111111111111111,0.0,0-3,0
50939,2.0,Mobile Phone,3,25.0,Debit Card,3.0,4,Laptop & Accessory,3,2,0,14.0,1.0,1.0,4.0,186.2,186.2,0.3333333333333333,1.0,4-7,0
50940,,Mobile Phone,2,6.0,Debit Card,2.0,3,Mobile Phone,3,1,0,21.0,0.0,1.0,3.0,120.64,120.64,,0.0,0-3,0
50941,28.0,Mobile Phone,1,10.0,Debit Card,1.0,3,Laptop & Accessory,3,1,1,16.0,0.0,1.0,2.0,140.35,140.35,0.034482758620689655,0.0,0-3,0
50942,6.0,Mobile Phone,1,10.0,Credit Card,2.0,4,Mobile Phone,4,9,0,11.0,0.0,1.0,2.0,138.38,138.38,0.14285714285714285,0.0,0-3,0
50943,20.0,Mobile Phone,3,20.0,Credit Card,3.0,3,Laptop & Accessory,3,4,1,17.0,1.0,1.0,2.0,145.91,145.91,0.047619047619047616,1.0,0-3,0
50944,0.0,Computer,1,,Credit Card,2.0,4,Mobile Phone,5,8,0,11.0,0.0,1.0,0.0,125.61,125.61,1.0,0.0,0-3,1
50945,,Mobile Phone,1,6.0,Debit Card,3.0,4,Mobile Phone,3,2,0,14.0,0.0,1.0,0.0,115.63,115.63,,0.0,0-3,0
50946,1.0,Computer,3,13.0,Debit Card,2.0,3,Laptop & Accessory,5,1,0,14.0,1.0,1.0,3.0,148.98,148.98,0.5,1.0,0-3,0
50947,22.0,Mobile Phone,1,9.0,Credit Card,2.0,4,Laptop & Accessory,5,5,0,25.0,1.0,1.0,2.0,147.89,147.89,0.043478260869565216,1.0,0-3,0
50948,2.0,Computer,1,8.0,Debit Card,3.0,3,Mobile Phone,4,1,0,13.0,0.0,1.0,2.0,131.8,131.8,0.3333333333333333,0.0,0-3,0
50949,1.0,Mobile Phone,1,35.0,Debit Card,3.0,5,Laptop & Accessory,4,2,0,14.0,1.0,1.0,7.0,165.49,165.49,0.5,1.0,4-7,0
50950,6.0,Mobile Phone,1,14.0,Debit Card,3.0,3,Laptop & Accessory,3,3,1,17.0,0.0,1.0,0.0,163.88,163.88,0.14285714285714285,0.0,0-3,0
50951,5.0,Mobile Phone,1,16.0,Credit Card,0.0,3,Fashion,1,3,0,25.0,0.0,1.0,,212.44,212.44,0.16666666666666666,0.0,,0
50952,27.0,Computer,1,17.0,Credit Card,2.0,3,Grocery,1,4,0,20.0,1.0,,12.0,260.32,,,,8-14,0
50953,0.0,Mobile Phone,1,,Cash on Delivery,3.0,4,Mobile Phone,5,7,0,13.0,0.0,1.0,7.0,123.62,123.62,1.0,0.0,4-7,1
50954,17.0,Mobile Phone,1,34.0,Debit Card,2.0,3,Grocery,5,4,0,13.0,,14.0,17.0,263.28,18.805714285714284,0.7777777777777778,,15+,0
50955,12.0,Mobile Phone,1,12.0,Debit Card,2.0,3,Fashion,4,5,0,18.0,0.0,2.0,2.0,183.76,91.88,0.15384615384615385,0.0,0-3,0
50956,19.0,Mobile Phone,3,9.0,Debit Card,2.0,3,Grocery,4,9,0,12.0,,5.0,1.0,266.06,53.212,0.25,,0-3,0
50957,8.0,Mobile Phone,1,22.0,Debit Card,3.0,4,Fashion,4,2,0,19.0,1.0,3.0,3.0,186.06,62.02,0.3333333333333333,0.3333333333333333,0-3,0
50958,,Mobile Phone,1,26.0,Debit Card,3.0,3,Laptop & Accessory,3,1,0,14.0,1.0,1.0,2.0,122.72,122.72,,1.0,0-3,0
50959,,Mobile Phone,1,15.0,Debit Card,2.0,3,Mobile Phone,5,4,0,14.0,1.0,1.0,0.0,120.18,120.18,,1.0,0-3,1
50960,7.0,Mobile Phone,3,6.0,Cash on Delivery,3.0,4,Fashion,3,2,1,14.0,7.0,8.0,6.0,170.83,21.35375,1.0,0.875,4-7,0
50961,0.0,Computer,1,9.0,Debit Card,2.0,3,Mobile Phone,3,2,0,12.0,6.0,7.0,7.0,140.84,20.12,7.0,0.8571428571428571,4-7,1
50962,23.0,Computer,1,28.0,Credit Card,2.0,5,Grocery,1,2,1,13.0,13.0,,9.0,244.11,,,,8-14,0
50963,,Mobile Phone,3,13.0,Cash on Delivery,2.0,3,Mobile Phone,3,1,1,25.0,0.0,5.0,7.0,123.08,24.616,,0.0,4-7,0
50964,15.0,Mobile Phone,1,8.0,Credit Card,3.0,4,Mobile Phone,4,5,0,14.0,1.0,1.0,0.0,148.41,148.41,0.0625,1.0,0-3,0
50965,10.0,Mobile Phone,1,19.0,Credit Card,2.0,3,Laptop & Accessory,1,2,0,17.0,0.0,3.0,7.0,142.85,47.61666666666667,0.2727272727272727,0.0,4-7,0
50966,2.0,Mobile Phone,1,14.0,UPI,2.0,5,Laptop & Accessory,5,4,0,13.0,0.0,1.0,7.0,197.15,197.15,0.3333333333333333,0.0,4-7,0
50967,6.0,Mobile Phone,1,31.0,Debit Card,2.0,4,Laptop & Accessory,4,2,0,13.0,0.0,1.0,2.0,143.2,143.2,0.14285714285714285,0.0,0-3,0
50968,,Mobile Phone,1,34.0,Cash on Delivery,3.0,3,Mobile Phone,1,5,0,20.0,1.0,1.0,3.0,121.32,121.32,,1.0,0-3,0
50969,15.0,Computer,1,8.0,Debit Card,2.0,3,Fashion,1,3,1,14.0,12.0,13.0,9.0,201.24,15.48,0.8125,0.9230769230769231,8-14,0
50970,13.0,Mobile Phone,3,15.0,Credit Card,2.0,3,Laptop & Accessory,5,1,0,12.0,2.0,7.0,1.0,154.73,22.104285714285712,0.5,0.2857142857142857,0-3,0
50971,6.0,Mobile Phone,1,34.0,Debit Card,3.0,3,Laptop & Accessory,3,2,1,12.0,1.0,5.0,7.0,152.07,30.413999999999998,0.7142857142857143,0.2,4-7,0
50972,13.0,Mobile Phone,2,12.0,Credit Card,2.0,3,Grocery,1,2,1,21.0,,7.0,7.0,264.37,37.76714285714286,0.5,,4-7,0
50973,,Mobile Phone,1,27.0,Cash on Delivery,2.0,4,Mobile Phone,5,1,0,14.0,0.0,1.0,0.0,122.96,122.96,,0.0,0-3,0
50974,13.0,Computer,1,14.0,Debit Card,3.0,3,Laptop & Accessory,1,4,1,18.0,2.0,2.0,2.0,140.69,70.345,0.14285714285714285,1.0,0-3,0
50975,18.0,Mobile Phone,1,6.0,Cash on Delivery,3.0,3,Fashion,4,2,0,12.0,6.0,7.0,7.0,174.41,24.915714285714284,0.3684210526315789,0.8571428571428571,4-7,0
50976,8.0,Mobile Phone,3,,Debit Card,3.0,4,Mobile Phone,3,1,0,23.0,2.0,4.0,2.0,124.3,31.075,0.4444444444444444,0.5,0-3,0
50977,5.0,Mobile Phone,1,11.0,Debit Card,3.0,4,Laptop & Accessory,4,4,0,12.0,1.0,2.0,5.0,158.78,79.39,0.3333333333333333,0.5,4-7,0
50978,9.0,Mobile Phone,3,,Debit Card,3.0,3,Mobile Phone,1,4,1,21.0,0.0,1.0,2.0,126.44,126.44,0.1,0.0,0-3,0
50979,21.0,Mobile Phone,3,22.0,Debit Card,3.0,3,Laptop & Accessory,3,9,0,14.0,1.0,7.0,7.0,164.39,23.48428571428571,0.3181818181818182,0.14285714285714285,4-7,0
50980,2.0,Mobile Phone,1,,Debit Card,3.0,1,Mobile Phone,3,7,0,18.0,1.0,1.0,0.0,124.51,124.51,0.3333333333333333,1.0,0-3,0
50981,6.0,Mobile Phone,3,14.0,Debit Card,2.0,3,Laptop & Accessory,5,3,0,13.0,2.0,2.0,2.0,163.92,81.96,0.2857142857142857,1.0,0-3,0
50982,0.0,Mobile Phone,3,6.0,Debit Card,3.0,4,Laptop & Accessory,5,2,0,11.0,3.0,6.0,7.0,197.14,32.85666666666666,6.0,0.5,4-7,1
50983,11.0,Computer,2,16.0,UPI,3.0,3,Laptop & Accessory,3,4,0,11.0,0.0,1.0,2.0,160.77,160.77,0.08333333333333333,0.0,0-3,0
50984,8.0,Mobile Phone,1,,Credit Card,3.0,4,Mobile Phone,5,2,0,19.0,0.0,1.0,2.0,124.5,124.5,0.1111111111111111,0.0,0-3,0
50985,3.0,Mobile Phone,3,35.0,Cash on Delivery,2.0,3,Fashion,4,4,0,12.0,0.0,1.0,3.0,192.5,192.5,0.25,0.0,0-3,0
50986,,Mobile Phone,1,8.0,Debit Card,3.0,3,Mobile Phone,5,2,1,12.0,1.0,1.0,0.0,120.74,120.74,,1.0,0-3,1
50987,16.0,Mobile Phone,1,8.0,Cash on Delivery,3.0,4,Fashion,1,1,0,16.0,1.0,1.0,9.0,201.69,201.69,0.058823529411764705,1.0,8-14,1
50988,1.0,Mobile Phone,1,8.0,Credit Card,2.0,3,Laptop & Accessory,4,5,0,11.0,0.0,1.0,4.0,148.55,148.55,0.5,0.0,4-7,1
50989,5.0,Computer,1,6.0,Cash on Delivery,3.0,3,Laptop & Accessory,5,5,0,14.0,1.0,1.0,2.0,140.87,140.87,0.16666666666666666,1.0,0-3,0
50990,21.0,Mobile Phone,1,,UPI,3.0,3,Mobile Phone,5,9,0,12.0,7.0,7.0,6.0,123.67,17.667142857142856,0.3181818181818182,1.0,4-7,0
50991,7.0,Mobile Phone,1,13.0,Credit Card,,3,Mobile Phone,1,2,0,13.0,0.0,1.0,0.0,129.72,129.72,0.125,0.0,0-3,0
50992,28.0,Mobile Phone,3,32.0,E wallet,2.0,4,Others,1,2,0,,2.0,2.0,13.0,295.86,147.93,0.06896551724137931,1.0,8-14,0
50993,7.0,Mobile Phone,1,6.0,Debit Card,2.0,3,Laptop & Accessory,1,10,0,17.0,1.0,2.0,1.0,154.84,77.42,0.25,0.5,0-3,0
50994,,Mobile Phone,1,9.0,Debit Card,2.0,3,Mobile Phone,1,2,0,21.0,1.0,1.0,0.0,120.61,120.61,,1.0,0-3,0
50995,11.0,Mobile Phone,3,20.0,Debit Card,3.0,3,Laptop & Accessory,4,1,0,11.0,5.0,7.0,7.0,199.24,28.462857142857143,0.5833333333333334,0.7142857142857143,4-7,0
50996,11.0,Mobile Phone,3,22.0,Debit Card,2.0,3,Laptop & Accessory,4,3,0,12.0,0.0,1.0,2.0,141.98,141.98,0.08333333333333333,0.0,0-3,0
50997,9.0,Mobile Phone,3,6.0,Debit Card,3.0,3,Laptop & Accessory,3,7,0,13.0,1.0,1.0,0.0,168.15,168.15,0.1,1.0,0-3,0
50998,2.0,Mobile Phone,1,9.0,Credit Card,2.0,3,Mobile Phone,5,2,1,18.0,0.0,1.0,5.0,147.23,147.23,0.3333333333333333,0.0,4-7,0
50999,8.0,Mobile Phone,1,16.0,Credit Card,2.0,3,Laptop & Accessory,3,4,1,16.0,1.0,1.0,4.0,161.42,161.42,0.1111111111111111,1.0,4-7,0
51000,12.0,Mobile Phone,3,12.0,Credit Card,2.0,1,Fashion,3,3,0,11.0,4.0,7.0,6.0,182.37,26.052857142857142,0.5384615384615384,0.5714285714285714,4-7,0
51001,2.0,Computer,1,8.0,Debit Card,2.0,3,Laptop & Accessory,1,2,0,19.0,0.0,1.0,3.0,188.53,188.53,0.3333333333333333,0.0,0-3,0
51002,23.0,Mobile Phone,3,5.0,E wallet,2.0,3,Others,3,5,1,,0.0,1.0,0.0,293.31,293.31,0.041666666666666664,0.0,0-3,0
51003,,Mobile Phone,1,16.0,Cash on Delivery,2.0,1,Mobile Phone,3,3,0,16.0,2.0,2.0,2.0,120.73,60.365,,1.0,0-3,0
51004,9.0,Computer,1,12.0,Debit Card,3.0,1,Laptop & Accessory,5,4,1,13.0,1.0,1.0,2.0,155.62,155.62,0.1,1.0,0-3,0
51005,15.0,Mobile Phone,1,15.0,UPI,3.0,4,Others,1,9,0,,1.0,1.0,1.0,296.13,296.13,0.0625,1.0,0-3,0
51006,8.0,Mobile Phone,1,34.0,Debit Card,2.0,1,Laptop & Accessory,3,2,0,17.0,5.0,6.0,8.0,134.07,22.345,0.6666666666666666,0.8333333333333334,8-14,0
51007,7.0,Computer,1,16.0,Cash on Delivery,3.0,4,Laptop & Accessory,3,2,0,14.0,2.0,7.0,7.0,150.63,21.518571428571427,0.875,0.2857142857142857,4-7,0
51008,13.0,Mobile Phone,3,20.0,Debit Card,2.0,3,Laptop & Accessory,5,2,0,15.0,0.0,1.0,2.0,146.39,146.39,0.07142857142857142,0.0,0-3,0
51009,16.0,Mobile Phone,1,33.0,Cash on Delivery,2.0,1,Mobile Phone,4,6,0,12.0,1.0,1.0,2.0,148.76,148.76,0.058823529411764705,1.0,0-3,0
51010,8.0,Mobile Phone,1,13.0,Debit Card,,4,Mobile Phone,1,2,0,18.0,1.0,1.0,1.0,126.9,126.9,0.1111111111111111,1.0,0-3,0
51011,19.0,Mobile Phone,3,6.0,Debit Card,2.0,1,Grocery,5,2,0,15.0,,1.0,12.0,275.67,275.67,0.05,,8-14,0
51012,0.0,Mobile Phone,1,,Credit Card,2.0,3,Mobile Phone,4,2,1,17.0,0.0,1.0,0.0,124.08,124.08,1.0,0.0,0-3,1
51013,0.0,Computer,1,32.0,UPI,,4,Mobile Phone,3,2,1,14.0,0.0,1.0,3.0,128.14,128.14,1.0,0.0,0-3,0
51014,23.0,Computer,1,26.0,Credit Card,2.0,3,Grocery,3,3,1,15.0,3.0,12.0,,212.45,17.704166666666666,0.5,0.25,,0
51015,5.0,Mobile Phone,1,11.0,UPI,2.0,1,Mobile Phone,1,4,0,17.0,1.0,1.0,2.0,133.12,133.12,0.16666666666666666,1.0,0-3,0
51016,17.0,Mobile Phone,1,13.0,Credit Card,2.0,3,Others,1,1,1,14.0,,1.0,10.0,290.49,290.49,0.05555555555555555,,8-14,0
51017,,Mobile Phone,1,13.0,Credit Card,2.0,4,Mobile Phone,4,2,0,12.0,0.0,1.0,1.0,121.41,121.41,,0.0,0-3,0
51018,18.0,Mobile Phone,1,11.0,Credit Card,2.0,5,Laptop & Accessory,5,2,1,14.0,1.0,1.0,4.0,157.69,157.69,0.05263157894736842,1.0,4-7,0
51019,18.0,Computer,3,32.0,E wallet,2.0,4,Laptop & Accessory,5,2,0,15.0,0.0,4.0,5.0,143.85,35.9625,0.21052631578947367,0.0,4-7,0
51020,4.0,Computer,3,8.0,UPI,2.0,3,Laptop & Accessory,5,8,0,13.0,0.0,1.0,3.0,153.32,153.32,0.2,0.0,0-3,0
51021,9.0,Mobile Phone,1,18.0,Debit Card,3.0,3,Laptop & Accessory,3,10,1,12.0,0.0,1.0,1.0,146.63,146.63,0.1,0.0,0-3,0
51022,7.0,Computer,1,16.0,Debit Card,2.0,1,Laptop & Accessory,1,2,0,13.0,5.0,7.0,2.0,147.24,21.034285714285716,0.875,0.7142857142857143,0-3,0
51023,22.0,Mobile Phone,1,31.0,Debit Card,2.0,3,Mobile Phone,5,2,0,14.0,0.0,1.0,4.0,132.11,132.11,0.043478260869565216,0.0,4-7,0
51024,12.0,Mobile Phone,1,16.0,Credit Card,3.0,3,Laptop & Accessory,5,3,0,13.0,4.0,7.0,7.0,153.77,21.967142857142857,0.5384615384615384,0.5714285714285714,4-7,0
51025,0.0,Mobile Phone,1,25.0,UPI,3.0,4,Mobile Phone,5,2,0,11.0,0.0,1.0,7.0,140.66,140.66,1.0,0.0,4-7,0
51026,8.0,Mobile Phone,1,24.0,Debit Card,2.0,1,Laptop & Accessory,5,2,0,11.0,0.0,1.0,10.0,152.08,152.08,0.1111111111111111,0.0,8-14,0
51027,1.0,Mobile Phone,1,33.0,Credit Card,2.0,5,Laptop & Accessory,5,1,0,21.0,1.0,1.0,0.0,0.0,0.0,0.5,1.0,0-3,0
51028,0.0,Mobile Phone,1,11.0,Credit Card,,3,Mobile Phone,1,2,0,18.0,1.0,2.0,2.0,131.17,65.585,2.0,0.5,0-3,0
51029,,Computer,3,9.0,Credit Card,3.0,3,Mobile Phone,1,2,1,12.0,0.0,1.0,0.0,115.69,115.69,,0.0,0-3,1
51030,20.0,Mobile Phone,2,32.0,Debit Card,3.0,3,Others,3,4,0,,1.0,1.0,0.0,296.58,296.58,0.047619047619047616,1.0,0-3,0
51031,12.0,Mobile Phone,1,9.0,Credit Card,,4,Laptop & Accessory,3,1,0,15.0,0.0,1.0,7.0,130.69,130.69,0.07692307692307693,0.0,4-7,0
51032,13.0,Mobile Phone,1,21.0,Debit Card,3.0,4,Fashion,3,2,0,13.0,1.0,14.0,12.0,204.35,14.596428571428572,1.0,0.07142857142857142,8-14,0
51033,8.0,Computer,1,14.0,Debit Card,2.0,3,Laptop & Accessory,3,2,0,12.0,2.0,2.0,9.0,141.48,70.74,0.2222222222222222,1.0,8-14,0
51034,10.0,Mobile Phone,1,25.0,Debit Card,2.0,3,Laptop & Accessory,3,4,0,17.0,0.0,1.0,2.0,157.68,157.68,0.09090909090909091,0.0,0-3,0
51035,12.0,Computer,1,10.0,Credit Card,2.0,3,Laptop & Accessory,3,1,0,13.0,3.0,3.0,8.0,150.42,50.13999999999999,0.23076923076923078,1.0,8-14,0
51036,18.0,Mobile Phone,1,8.0,UPI,2.0,4,Laptop & Accessory,1,2,0,19.0,2.0,3.0,9.0,157.7,52.56666666666666,0.15789473684210525,0.6666666666666666,8-14,0
51037,11.0,Mobile Phone,1,8.0,Credit Card,2.0,4,Fashion,3,4,1,19.0,1.0,1.0,2.0,177.56,177.56,0.08333333333333333,1.0,0-3,0
51038,0.0,Mobile Phone,3,16.0,Credit Card,2.0,4,Fashion,5,10,0,17.0,4.0,6.0,0.0,203.06,33.843333333333334,6.0,0.6666666666666666,0-3,1
51039,10.0,Mobile Phone,1,16.0,Credit Card,3.0,3,Mobile Phone,4,2,0,11.0,1.0,7.0,7.0,139.36,19.90857142857143,0.6363636363636364,0.14285714285714285,4-7,0
51040,13.0,Mobile Phone,1,22.0,Debit Card,2.0,3,Fashion,1,7,1,15.0,1.0,3.0,3.0,179.45,59.81666666666666,0.21428571428571427,0.3333333333333333,0-3,0
51041,17.0,Computer,2,6.0,UPI,2.0,3,Laptop & Accessory,1,5,1,11.0,1.0,1.0,2.0,157.43,157.43,0.05555555555555555,1.0,0-3,0
51042,21.0,Computer,1,10.0,Credit Card,2.0,4,Grocery,1,3,0,25.0,2.0,,2.0,252.02,,,,0-3,0
51043,0.0,Mobile Phone,3,21.0,Credit Card,2.0,5,Laptop & Accessory,1,7,1,14.0,1.0,2.0,2.0,154.4,77.2,2.0,0.5,0-3,1
51044,0.0,Computer,1,8.0,Cash on Delivery,2.0,3,Mobile Phone,1,2,1,13.0,1.0,1.0,3.0,137.6,137.6,1.0,1.0,0-3,0
51045,0.0,Mobile Phone,1,14.0,Credit Card,2.0,1,Mobile Phone,3,8,0,17.0,0.0,1.0,2.0,135.17,135.17,1.0,0.0,0-3,0
51046,0.0,Computer,1,,Credit Card,2.0,3,Mobile Phone,1,3,0,13.0,0.0,1.0,2.0,125.8,125.8,1.0,0.0,0-3,0
51047,,Mobile Phone,1,13.0,Debit Card,3.0,3,Mobile Phone,5,4,1,14.0,0.0,1.0,3.0,121.66,121.66,,0.0,0-3,1
51048,2.0,Mobile Phone,3,16.0,Credit Card,2.0,4,Laptop & Accessory,3,10,0,11.0,1.0,1.0,4.0,158.69,158.69,0.3333333333333333,1.0,4-7,0
51049,9.0,Mobile Phone,1,11.0,Debit Card,2.0,3,Fashion,5,5,0,12.0,1.0,1.0,2.0,180.08,180.08,0.1,1.0,0-3,0
51050,0.0,Computer,1,8.0,Debit Card,3.0,1,Laptop & Accessory,3,2,0,17.0,0.0,1.0,7.0,152.06,152.06,1.0,0.0,4-7,0
51051,12.0,Mobile Phone,1,18.0,Credit Card,3.0,3,Laptop & Accessory,4,5,0,21.0,1.0,1.0,0.0,152.95,152.95,0.07692307692307693,1.0,0-3,0
51052,22.0,Mobile Phone,1,28.0,UPI,3.0,3,Grocery,4,4,0,16.0,,1.0,2.0,264.13,264.13,0.043478260869565216,,0-3,0
51053,23.0,Mobile Phone,1,23.0,Debit Card,2.0,4,Fashion,5,6,0,15.0,1.0,,11.0,232.69,,,,8-14,0
51054,0.0,Mobile Phone,3,8.0,Credit Card,,3,Mobile Phone,3,2,0,19.0,0.0,2.0,2.0,127.83,63.915,2.0,0.0,0-3,0
51055,7.0,Mobile Phone,1,9.0,Debit Card,3.0,3,Laptop & Accessory,4,2,0,12.0,7.0,7.0,9.0,154.33,22.04714285714286,0.875,1.0,8-14,0
51056,,Mobile Phone,1,13.0,Debit Card,3.0,3,Mobile Phone,4,3,0,11.0,0.0,1.0,3.0,120.13,120.13,,0.0,0-3,0
51057,22.0,Mobile Phone,1,12.0,Debit Card,2.0,4,Grocery,3,3,1,19.0,1.0,,12.0,239.66000000000005,,,,8-14,0
51058,9.0,Computer,1,6.0,Credit Card,2.0,4,Laptop & Accessory,3,1,0,15.0,1.0,1.0,2.0,143.74,143.74,0.1,1.0,0-3,0
51059,9.0,Mobile Phone,1,9.0,Debit Card,3.0,1,Laptop & Accessory,5,7,0,20.0,1.0,1.0,4.0,168.42,168.42,0.1,1.0,4-7,0
51060,27.0,Mobile Phone,1,28.0,Credit Card,3.0,3,Grocery,3,4,0,25.0,,4.0,7.0,274.26,68.565,0.14285714285714285,,4-7,0
51061,16.0,Mobile Phone,1,21.0,Debit Card,3.0,4,Grocery,3,2,0,24.0,,6.0,11.0,276.03,46.004999999999995,0.35294117647058826,,8-14,0
51062,0.0,Computer,3,18.0,UPI,2.0,3,Laptop & Accessory,1,4,1,24.0,3.0,6.0,7.0,145.81,24.301666666666666,6.0,0.5,4-7,1
51063,11.0,Computer,1,6.0,Debit Card,2.0,3,Laptop & Accessory,1,8,0,15.0,2.0,2.0,9.0,147.35,73.675,0.16666666666666666,1.0,8-14,0
51064,2.0,Mobile Phone,3,11.0,Credit Card,2.0,4,Laptop & Accessory,4,2,1,13.0,0.0,1.0,9.0,141.87,141.87,0.3333333333333333,0.0,8-14,0
51065,6.0,Mobile Phone,3,8.0,Credit Card,3.0,3,Laptop & Accessory,1,2,0,14.0,1.0,1.0,4.0,155.05,155.05,0.14285714285714285,1.0,4-7,0
51066,5.0,Mobile Phone,1,8.0,Credit Card,2.0,3,Laptop & Accessory,4,1,0,13.0,0.0,1.0,6.0,154.7,154.7,0.16666666666666666,0.0,4-7,0
51067,4.0,Mobile Phone,3,11.0,Debit Card,3.0,3,Laptop & Accessory,1,2,0,11.0,0.0,1.0,2.0,154.76,154.76,0.2,0.0,0-3,0
51068,22.0,Mobile Phone,1,,Credit Card,3.0,3,Mobile Phone,5,5,1,16.0,1.0,2.0,2.0,125.87,62.935,0.08695652173913043,0.5,0-3,0
51069,11.0,Computer,1,,Credit Card,2.0,4,Mobile Phone,4,2,0,22.0,1.0,3.0,3.0,124.4,41.46666666666667,0.25,0.3333333333333333,0-3,0
51070,20.0,Mobile Phone,3,8.0,Debit Card,2.0,1,Grocery,4,7,0,14.0,0.0,,2.0,259.72,,,,0-3,0
51071,22.0,Mobile Phone,1,6.0,Debit Card,2.0,3,Grocery,3,5,0,14.0,1.0,,0.0,253.79,,,,0-3,0
51072,14.0,Mobile Phone,3,29.0,Debit Card,3.0,3,Fashion,3,4,1,16.0,0.0,1.0,2.0,170.82,170.82,0.06666666666666667,0.0,0-3,0
51073,0.0,Mobile Phone,3,15.0,Debit Card,,3,Mobile Phone,5,2,0,11.0,0.0,1.0,2.0,127.28,127.28,1.0,0.0,0-3,0
51074,6.0,Computer,3,22.0,Debit Card,2.0,3,Laptop & Accessory,1,2,1,25.0,0.0,1.0,2.0,153.68,153.68,0.14285714285714285,0.0,0-3,0
51075,9.0,Mobile Phone,1,32.0,Debit Card,3.0,3,Laptop & Accessory,3,7,0,14.0,1.0,1.0,2.0,153.47,153.47,0.1,1.0,0-3,0
51076,17.0,Mobile Phone,2,6.0,Debit Card,2.0,3,Mobile Phone,1,5,1,18.0,2.0,2.0,2.0,131.95,65.975,0.1111111111111111,1.0,0-3,0
51077,0.0,Mobile Phone,1,14.0,Credit Card,3.0,4,Mobile Phone,3,2,1,11.0,1.0,1.0,2.0,139.89,139.89,1.0,1.0,0-3,1
51078,11.0,Mobile Phone,1,10.0,Credit Card,2.0,3,Mobile Phone,3,8,0,19.0,0.0,1.0,0.0,133.06,133.06,0.08333333333333333,0.0,0-3,0
51079,26.0,Mobile Phone,1,30.0,Credit Card,2.0,1,Fashion,1,4,0,15.0,0.0,1.0,2.0,170.05,170.05,0.037037037037037035,0.0,0-3,0
51080,11.0,Computer,3,,Credit Card,3.0,3,Mobile Phone,3,3,1,11.0,4.0,7.0,7.0,126.55,18.07857142857143,0.5833333333333334,0.5714285714285714,4-7,1
51081,,Mobile Phone,1,8.0,Debit Card,3.0,3,Mobile Phone,4,2,0,12.0,1.0,1.0,0.0,113.93,113.93,,1.0,0-3,1
51082,0.0,Computer,1,,Credit Card,3.0,3,Mobile Phone,1,2,0,20.0,5.0,5.0,7.0,125.7,25.14,5.0,1.0,4-7,0
51083,28.0,Mobile Phone,1,28.0,Cash on Delivery,3.0,4,Mobile Phone,4,6,0,12.0,1.0,1.0,2.0,135.37,135.37,0.034482758620689655,1.0,0-3,0
51084,7.0,Mobile Phone,1,11.0,Credit Card,2.0,4,Laptop & Accessory,1,2,0,14.0,4.0,4.0,13.0,139.86,34.965,0.5,1.0,8-14,0
51085,30.0,Mobile Phone,1,6.0,Credit Card,3.0,5,Fashion,1,4,0,20.0,0.0,1.0,0.0,208.83,208.83,0.03225806451612903,0.0,0-3,0
51086,,Mobile Phone,1,27.0,Credit Card,3.0,1,Mobile Phone,4,2,0,18.0,2.0,2.0,13.0,120.28,60.14,,1.0,8-14,0
51087,10.0,Computer,3,6.0,Credit Card,2.0,5,Laptop & Accessory,1,2,0,14.0,0.0,1.0,3.0,195.25,195.25,0.09090909090909091,0.0,0-3,0
51088,7.0,Mobile Phone,1,25.0,Debit Card,,4,Mobile Phone,1,2,0,12.0,3.0,8.0,7.0,129.29,16.16125,1.0,0.375,4-7,0
51089,,Mobile Phone,3,13.0,Debit Card,2.0,3,Mobile Phone,1,2,1,21.0,1.0,1.0,2.0,122.75,122.75,,1.0,0-3,1
51090,17.0,Mobile Phone,1,8.0,Debit Card,3.0,1,Fashion,1,2,1,19.0,6.0,6.0,7.0,178.79,29.798333333333332,0.3333333333333333,1.0,4-7,0
51091,8.0,Computer,1,8.0,Credit Card,3.0,4,Mobile Phone,1,1,1,14.0,1.0,1.0,4.0,149.3,149.3,0.1111111111111111,1.0,4-7,0
51092,16.0,Mobile Phone,3,8.0,Credit Card,3.0,3,Laptop & Accessory,1,2,1,17.0,0.0,8.0,8.0,178.47,22.30875,0.47058823529411764,0.0,8-14,0
51093,0.0,Mobile Phone,1,15.0,Credit Card,3.0,1,Mobile Phone,3,2,0,16.0,0.0,1.0,4.0,144.01,144.01,1.0,0.0,4-7,0
51094,14.0,Mobile Phone,3,12.0,E wallet,2.0,3,Fashion,3,2,0,12.0,6.0,8.0,7.0,192.41,24.05125,0.5333333333333333,0.75,4-7,0
51095,2.0,Mobile Phone,1,15.0,Credit Card,,3,Mobile Phone,3,10,0,17.0,1.0,1.0,2.0,129.74,129.74,0.3333333333333333,1.0,0-3,0
51096,9.0,Mobile Phone,3,8.0,Debit Card,2.0,3,Laptop & Accessory,1,4,0,15.0,3.0,6.0,7.0,145.02,24.17,0.6,0.5,4-7,0
51097,18.0,Computer,1,6.0,Debit Card,3.0,4,Fashion,3,4,0,23.0,3.0,14.0,4.0,207.48,14.819999999999999,0.7368421052631579,0.21428571428571427,4-7,0
51098,,Mobile Phone,2,28.0,UPI,2.0,5,Mobile Phone,3,2,0,11.0,0.0,1.0,0.0,115.55,115.55,,0.0,0-3,1
51099,10.0,Computer,3,15.0,Debit Card,2.0,5,Grocery,3,8,0,11.0,1.0,14.0,,229.36,16.382857142857144,1.2727272727272727,0.07142857142857142,,1
51100,,Mobile Phone,1,23.0,Credit Card,3.0,5,Mobile Phone,3,2,0,15.0,0.0,1.0,2.0,123.05,123.05,,0.0,0-3,0
51101,18.0,Mobile Phone,1,34.0,Cash on Delivery,2.0,4,Grocery,4,2,0,11.0,,8.0,6.0,267.04,33.38,0.42105263157894735,,4-7,0
51102,5.0,Computer,1,16.0,Debit Card,2.0,3,Mobile Phone,3,7,0,13.0,0.0,1.0,3.0,134.33,134.33,0.16666666666666666,0.0,0-3,0
51103,4.0,Mobile Phone,1,8.0,Debit Card,3.0,3,Mobile Phone,3,2,0,14.0,0.0,1.0,3.0,134.77,134.77,0.2,0.0,0-3,0
51104,14.0,Computer,2,10.0,UPI,2.0,5,Laptop & Accessory,4,7,0,19.0,0.0,1.0,2.0,164.3,164.3,0.06666666666666667,0.0,0-3,0
51105,13.0,Mobile Phone,1,14.0,Debit Card,3.0,3,Laptop & Accessory,5,3,1,16.0,0.0,1.0,0.0,165.16,165.16,0.07142857142857142,0.0,0-3,0
51106,0.0,Mobile Phone,1,35.0,Credit Card,3.0,3,Mobile Phone,5,2,0,13.0,1.0,1.0,2.0,139.07,139.07,1.0,1.0,0-3,0
51107,19.0,Mobile Phone,1,19.0,Debit Card,2.0,3,Laptop & Accessory,4,7,0,14.0,1.0,1.0,9.0,155.62,155.62,0.05,1.0,8-14,0
51108,8.0,Mobile Phone,1,33.0,Debit Card,2.0,3,Laptop & Accessory,3,3,0,16.0,0.0,1.0,7.0,168.83,168.83,0.1111111111111111,0.0,4-7,0
51109,3.0,Mobile Phone,1,22.0,Debit Card,,3,Mobile Phone,1,2,0,12.0,0.0,1.0,8.0,128.62,128.62,0.25,0.0,8-14,0
51110,20.0,Computer,3,8.0,E wallet,2.0,3,Laptop & Accessory,4,8,0,11.0,0.0,1.0,0.0,149.78,149.78,0.047619047619047616,0.0,0-3,0
51111,19.0,Mobile Phone,3,8.0,Debit Card,3.0,3,Fashion,1,5,1,12.0,0.0,1.0,3.0,203.68,203.68,0.05,0.0,0-3,0
51112,0.0,Mobile Phone,3,19.0,E wallet,3.0,4,Laptop & Accessory,5,6,1,13.0,2.0,2.0,2.0,161.34,80.67,2.0,1.0,0-3,1
51113,0.0,Mobile Phone,3,6.0,Debit Card,2.0,5,Laptop & Accessory,4,7,0,15.0,0.0,1.0,0.0,167.35,167.35,1.0,0.0,0-3,1
51114,0.0,Mobile Phone,1,10.0,Credit Card,2.0,3,Mobile Phone,4,2,0,13.0,1.0,1.0,2.0,132.95,132.95,1.0,1.0,0-3,0
51115,4.0,Computer,1,30.0,Cash on Delivery,1.0,3,Laptop & Accessory,1,3,0,20.0,1.0,1.0,4.0,152.38,152.38,0.2,1.0,4-7,0
51116,12.0,Computer,1,6.0,Debit Card,3.0,3,Laptop & Accessory,1,2,1,15.0,3.0,5.0,8.0,164.72,32.944,0.38461538461538464,0.6,8-14,0
51117,5.0,Mobile Phone,3,25.0,Debit Card,3.0,5,Fashion,3,4,0,13.0,1.0,1.0,2.0,196.1,196.1,0.16666666666666666,1.0,0-3,0
51118,13.0,Mobile Phone,3,13.0,Credit Card,2.0,3,Others,4,2,0,,1.0,12.0,8.0,298.33,24.860833333333332,0.8571428571428571,0.08333333333333333,8-14,0
51119,18.0,Mobile Phone,2,10.0,Debit Card,2.0,5,Fashion,3,5,0,21.0,1.0,1.0,3.0,197.56,197.56,0.05263157894736842,1.0,0-3,0
51120,3.0,Computer,1,8.0,Cash on Delivery,3.0,4,Mobile Phone,5,1,0,16.0,0.0,1.0,7.0,149.68,149.68,0.25,0.0,4-7,0
51121,,Computer,2,16.0,Credit Card,2.0,3,Mobile Phone,1,1,0,14.0,1.0,2.0,1.0,121.45,60.725,,0.5,0-3,0
51122,,Computer,2,14.0,UPI,3.0,4,Mobile Phone,1,7,0,11.0,1.0,1.0,2.0,121.8,121.8,,1.0,0-3,1
51123,4.0,Mobile Phone,3,11.0,Cash on Delivery,2.0,3,Laptop & Accessory,3,2,0,19.0,0.0,1.0,2.0,183.46,183.46,0.2,0.0,0-3,0
51124,0.0,Mobile Phone,1,14.0,Credit Card,3.0,3,Mobile Phone,1,2,0,11.0,1.0,1.0,4.0,134.45,134.45,1.0,1.0,4-7,0
51125,0.0,Mobile Phone,3,15.0,E wallet,,5,Mobile Phone,4,2,0,13.0,1.0,2.0,2.0,127.6,63.8,2.0,0.5,0-3,1
51126,2.0,Computer,1,6.0,Debit Card,3.0,1,Laptop & Accessory,3,9,1,12.0,0.0,1.0,2.0,162.94,162.94,0.3333333333333333,0.0,0-3,0
51127,3.0,Mobile Phone,3,21.0,E wallet,3.0,4,Fashion,5,3,0,11.0,0.0,1.0,7.0,171.4,171.4,0.25,0.0,4-7,0
51128,7.0,Mobile Phone,1,8.0,Credit Card,,1,Mobile Phone,1,1,1,14.0,0.0,1.0,2.0,129.32,129.32,0.125,0.0,0-3,0
51129,6.0,Computer,3,8.0,E wallet,3.0,3,Laptop & Accessory,4,9,0,15.0,0.0,1.0,7.0,151.47,151.47,0.14285714285714285,0.0,4-7,0
51130,22.0,Mobile Phone,3,17.0,E wallet,3.0,3,Laptop & Accessory,1,4,0,12.0,0.0,1.0,4.0,145.07,145.07,0.043478260869565216,0.0,4-7,0
51131,0.0,Mobile Phone,3,22.0,Debit Card,3.0,3,Fashion,5,3,1,20.0,0.0,1.0,0.0,185.64,185.64,1.0,0.0,0-3,1
51132,11.0,Computer,1,,Credit Card,3.0,4,Mobile Phone,4,5,0,14.0,0.0,1.0,5.0,124.68,124.68,0.08333333333333333,0.0,4-7,0
51133,0.0,Mobile Phone,3,22.0,E wallet,3.0,3,Fashion,3,3,0,13.0,1.0,1.0,0.0,181.61,181.61,1.0,1.0,0-3,1
51134,,Mobile Phone,1,10.0,Cash on Delivery,3.0,4,Mobile Phone,5,2,0,13.0,0.0,1.0,0.0,121.09,121.09,,0.0,0-3,0
51135,0.0,Mobile Phone,1,22.0,Debit Card,2.0,1,Laptop & Accessory,3,4,0,16.0,1.0,1.0,7.0,152.94,152.94,1.0,1.0,4-7,0
51136,5.0,Computer,1,11.0,Cash on Delivery,,3,Mobile Phone,4,3,0,14.0,1.0,1.0,7.0,127.18,127.18,0.16666666666666666,1.0,4-7,0
51137,11.0,Mobile Phone,1,24.0,Credit Card,2.0,5,Laptop & Accessory,1,4,1,16.0,0.0,1.0,0.0,158.11,158.11,0.08333333333333333,0.0,0-3,0
51138,6.0,Computer,1,,Cash on Delivery,2.0,4,Mobile Phone,3,10,1,16.0,1.0,1.0,0.0,124.37,124.37,0.14285714285714285,1.0,0-3,1
51139,15.0,Mobile Phone,1,18.0,Credit Card,,3,Mobile Phone,4,9,0,22.0,1.0,1.0,4.0,127.66,127.66,0.0625,1.0,4-7,0
51140,28.0,Mobile Phone,1,8.0,Credit Card,2.0,4,Others,5,9,0,12.0,,1.0,0.0,290.38,290.38,0.034482758620689655,,0-3,0
51141,6.0,Computer,1,10.0,Cash on Delivery,,3,Laptop & Accessory,4,6,0,15.0,0.0,1.0,7.0,130.55,130.55,0.14285714285714285,0.0,4-7,0
51142,,Mobile Phone,1,15.0,Debit Card,3.0,3,Mobile Phone,5,2,0,20.0,1.0,1.0,4.0,122.89,122.89,,1.0,4-7,0
51143,7.0,Computer,3,16.0,Debit Card,2.0,3,Laptop & Accessory,3,2,1,14.0,1.0,1.0,7.0,140.01,140.01,0.125,1.0,4-7,0
51144,26.0,Computer,1,6.0,Credit Card,2.0,4,Grocery,3,5,1,20.0,0.0,1.0,,229.65,229.65,0.037037037037037035,0.0,,0
51145,16.0,Mobile Phone,2,8.0,Debit Card,3.0,3,Mobile Phone,1,1,0,13.0,0.0,1.0,8.0,135.39,135.39,0.058823529411764705,0.0,8-14,0
51146,7.0,Mobile Phone,3,9.0,Debit Card,2.0,5,Laptop & Accessory,1,6,0,12.0,1.0,2.0,2.0,160.29,80.145,0.25,0.5,0-3,0
51147,0.0,Mobile Phone,3,13.0,E wallet,,3,Mobile Phone,4,2,0,13.0,1.0,1.0,0.0,126.79,126.79,1.0,1.0,0-3,1
51148,11.0,Mobile Phone,1,12.0,UPI,2.0,4,Mobile Phone,3,2,0,11.0,0.0,1.0,4.0,137.02,137.02,0.08333333333333333,0.0,4-7,0
51149,0.0,Mobile Phone,1,,Credit Card,3.0,3,Mobile Phone,5,2,1,17.0,0.0,1.0,0.0,123.98,123.98,1.0,0.0,0-3,1
51150,4.0,Mobile Phone,3,35.0,E wallet,3.0,4,Laptop & Accessory,1,2,0,14.0,2.0,5.0,7.0,154.68,30.936,1.0,0.4,4-7,0
51151,24.0,Mobile Phone,1,9.0,Cash on Delivery,2.0,3,Fashion,3,3,0,11.0,2.0,2.0,,231.16000000000005,115.58000000000003,0.08,1.0,,0
51152,10.0,Mobile Phone,3,15.0,E wallet,2.0,4,Laptop & Accessory,4,2,0,14.0,0.0,1.0,3.0,141.89,141.89,0.09090909090909091,0.0,0-3,0
51153,19.0,Mobile Phone,1,8.0,Credit Card,2.0,3,Others,1,8,1,,1.0,2.0,2.0,293.28,146.64,0.1,0.5,0-3,0
51154,9.0,Mobile Phone,1,16.0,Debit Card,2.0,3,Fashion,5,8,1,13.0,1.0,5.0,7.0,183.21,36.642,0.5,0.2,4-7,0
51155,7.0,Computer,1,,Credit Card,2.0,3,Mobile Phone,4,2,1,12.0,1.0,2.0,3.0,123.42,61.71,0.25,0.5,0-3,1
51156,10.0,Mobile Phone,2,14.0,UPI,2.0,3,Laptop & Accessory,4,3,0,13.0,4.0,4.0,7.0,140.71,35.1775,0.36363636363636365,1.0,4-7,0
51157,0.0,Mobile Phone,3,33.0,Debit Card,2.0,3,Laptop & Accessory,1,2,1,18.0,0.0,7.0,7.0,158.13,22.59,7.0,0.0,4-7,1
51158,6.0,Mobile Phone,1,14.0,Debit Card,,1,Mobile Phone,5,7,0,19.0,6.0,7.0,6.0,131.43,18.775714285714287,1.0,0.8571428571428571,4-7,0
51159,,Mobile Phone,1,6.0,Debit Card,2.0,3,Mobile Phone,1,2,0,11.0,0.0,1.0,3.0,120.44,120.44,,0.0,0-3,0
51160,12.0,Mobile Phone,1,16.0,Credit Card,3.0,3,Fashion,3,8,0,21.0,2.0,,2.0,234.64,,,,0-3,0
51161,19.0,Computer,3,32.0,Debit Card,3.0,4,Laptop & Accessory,4,9,0,15.0,2.0,2.0,2.0,179.91,89.955,0.1,1.0,0-3,0
51162,13.0,Mobile Phone,1,8.0,Debit Card,2.0,3,Mobile Phone,5,5,0,17.0,1.0,1.0,2.0,133.77,133.77,0.07142857142857142,1.0,0-3,0
51163,15.0,Mobile Phone,1,19.0,Credit Card,3.0,1,Laptop & Accessory,5,6,0,18.0,1.0,1.0,0.0,155.38,155.38,0.0625,1.0,0-3,0
51164,8.0,Computer,1,8.0,Credit Card,2.0,3,Laptop & Accessory,1,3,0,14.0,0.0,1.0,7.0,157.62,157.62,0.1111111111111111,0.0,4-7,0
51165,11.0,Computer,2,,UPI,3.0,3,Mobile Phone,4,6,0,13.0,3.0,3.0,8.0,125.92,41.973333333333336,0.25,1.0,8-14,0
51166,0.0,Computer,1,15.0,Debit Card,3.0,3,Laptop & Accessory,5,5,0,17.0,0.0,1.0,7.0,153.46,153.46,1.0,0.0,4-7,1
51167,0.0,Mobile Phone,1,16.0,Credit Card,2.0,3,Laptop & Accessory,5,2,0,15.0,0.0,1.0,8.0,142.13,142.13,1.0,0.0,8-14,1
51168,12.0,Computer,3,26.0,Debit Card,2.0,3,Laptop & Accessory,1,3,0,18.0,1.0,2.0,2.0,141.27,70.635,0.15384615384615385,0.5,0-3,0
51169,16.0,Computer,1,,Debit Card,2.0,3,Mobile Phone,3,5,0,13.0,0.0,1.0,2.0,124.38,124.38,0.058823529411764705,0.0,0-3,0
51170,14.0,Mobile Phone,1,11.0,Debit Card,2.0,1,Laptop & Accessory,4,4,0,12.0,1.0,1.0,2.0,168.7,168.7,0.06666666666666667,1.0,0-3,0
51171,14.0,Mobile Phone,3,10.0,E wallet,2.0,3,Fashion,3,1,1,13.0,0.0,13.0,5.0,204.47,15.728461538461538,0.8666666666666667,0.0,4-7,0
51172,3.0,Mobile Phone,1,16.0,Credit Card,3.0,3,Fashion,3,10,0,14.0,0.0,1.0,2.0,196.67,196.67,0.25,0.0,0-3,0
51173,,Mobile Phone,2,26.0,Credit Card,3.0,3,Mobile Phone,4,1,1,11.0,0.0,1.0,4.0,121.48,121.48,,0.0,4-7,1
51174,9.0,Mobile Phone,1,27.0,Credit Card,3.0,3,Laptop & Accessory,4,5,0,22.0,1.0,3.0,7.0,189.26,63.086666666666666,0.3,0.3333333333333333,4-7,1
51175,13.0,Mobile Phone,1,6.0,Debit Card,2.0,3,Laptop & Accessory,1,5,0,17.0,0.0,1.0,3.0,165.13,165.13,0.07142857142857142,0.0,0-3,0
51176,7.0,Mobile Phone,3,14.0,Cash on Delivery,3.0,1,Laptop & Accessory,3,2,0,21.0,0.0,4.0,8.0,167.99,41.9975,0.5,0.0,8-14,0
51177,30.0,Computer,3,8.0,Credit Card,2.0,3,Grocery,4,5,0,22.0,10.0,14.0,14.0,0.0,0.0,0.45161290322580644,0.7142857142857143,8-14,0
51178,8.0,Mobile Phone,1,29.0,Credit Card,,5,Mobile Phone,3,1,0,16.0,1.0,1.0,3.0,127.05,127.05,0.1111111111111111,1.0,0-3,0
51179,20.0,Mobile Phone,1,10.0,Debit Card,3.0,4,Fashion,4,9,1,12.0,2.0,14.0,10.0,203.33,14.52357142857143,0.6666666666666666,0.14285714285714285,8-14,0
51180,13.0,Mobile Phone,1,18.0,Debit Card,2.0,3,Laptop & Accessory,5,3,0,12.0,7.0,7.0,7.0,144.48,20.639999999999997,0.5,1.0,4-7,0
51181,27.0,Mobile Phone,1,13.0,Credit Card,3.0,3,Laptop & Accessory,1,5,0,15.0,1.0,1.0,7.0,168.54,168.54,0.03571428571428571,1.0,4-7,0
51182,4.0,Computer,3,13.0,E wallet,3.0,3,Fashion,5,3,0,14.0,2.0,2.0,2.0,196.37,98.185,0.4,1.0,0-3,0
51183,1.0,Mobile Phone,1,6.0,Credit Card,3.0,3,Mobile Phone,5,2,0,25.0,1.0,1.0,2.0,135.91,135.91,0.5,1.0,0-3,0
51184,11.0,Mobile Phone,3,8.0,E wallet,3.0,5,Laptop & Accessory,1,3,1,20.0,0.0,1.0,3.0,154.05,154.05,0.08333333333333333,0.0,0-3,0
51185,0.0,Mobile Phone,3,16.0,Credit Card,2.0,3,Laptop & Accessory,1,2,0,13.0,0.0,1.0,2.0,146.84,146.84,1.0,0.0,0-3,0
51186,30.0,Computer,1,21.0,Debit Card,2.0,3,Grocery,3,3,1,14.0,1.0,,2.0,257.87,,,,0-3,0
51187,,Computer,1,20.0,Credit Card,2.0,3,Mobile Phone,3,2,0,16.0,1.0,1.0,0.0,115.14,115.14,,1.0,0-3,0
51188,0.0,Mobile Phone,2,24.0,UPI,,1,Mobile Phone,5,1,0,17.0,1.0,1.0,0.0,129.56,129.56,1.0,1.0,0-3,1
51189,0.0,Mobile Phone,2,,UPI,2.0,4,Mobile Phone,5,5,1,15.0,1.0,2.0,0.0,123.35,61.675,2.0,0.5,0-3,1
51190,18.0,Computer,3,8.0,Debit Card,3.0,3,Laptop & Accessory,3,5,0,22.0,3.0,5.0,7.0,151.54,30.308,0.2631578947368421,0.6,4-7,0
51191,9.0,Mobile Phone,1,8.0,UPI,3.0,3,Laptop & Accessory,4,5,1,22.0,0.0,1.0,0.0,169.62,169.62,0.1,0.0,0-3,0
51192,16.0,Computer,3,8.0,Debit Card,3.0,3,Laptop & Accessory,1,2,0,20.0,5.0,7.0,7.0,156.75,22.392857142857142,0.4117647058823529,0.7142857142857143,4-7,0
51193,0.0,Computer,1,,Debit Card,2.0,3,Mobile Phone,1,1,1,14.0,1.0,1.0,2.0,123.79,123.79,1.0,1.0,0-3,0
51194,2.0,Computer,1,26.0,Credit Card,2.0,3,Mobile Phone,1,2,0,13.0,1.0,3.0,10.0,138.12,46.04,1.0,0.3333333333333333,8-14,0
51195,5.0,Computer,3,16.0,E wallet,3.0,3,Laptop & Accessory,1,9,0,13.0,1.0,1.0,0.0,146.48,146.48,0.16666666666666666,1.0,0-3,0
51196,15.0,Computer,1,16.0,Cash on Delivery,,3,Mobile Phone,3,4,0,22.0,1.0,3.0,3.0,129.36,43.120000000000005,0.1875,0.3333333333333333,0-3,0
51197,,Mobile Phone,1,15.0,Debit Card,3.0,3,Mobile Phone,3,5,0,12.0,1.0,2.0,0.0,121.05,60.525,,0.5,0-3,0
51198,19.0,Mobile Phone,1,8.0,Debit Card,2.0,3,Fashion,1,4,0,14.0,1.0,4.0,7.0,185.78,46.445,0.2,0.25,4-7,0
51199,1.0,Computer,2,6.0,Debit Card,,3,Mobile Phone,1,2,0,15.0,0.0,2.0,2.0,127.06,63.53,1.0,0.0,0-3,0
51200,2.0,Mobile Phone,1,35.0,Debit Card,3.0,5,Laptop & Accessory,3,9,0,17.0,1.0,1.0,6.0,163.84,163.84,0.3333333333333333,1.0,4-7,0
51201,15.0,Mobile Phone,1,14.0,Debit Card,2.0,3,Mobile Phone,3,5,0,13.0,1.0,1.0,0.0,139.68,139.68,0.0625,1.0,0-3,0
51202,0.0,Mobile Phone,3,8.0,E wallet,2.0,4,Laptop & Accessory,4,8,1,12.0,2.0,2.0,2.0,199.07,99.535,2.0,1.0,0-3,1
51203,19.0,Mobile Phone,3,9.0,Cash on Delivery,2.0,1,Grocery,5,3,0,12.0,1.0,,8.0,232.25,,,,8-14,0
51204,0.0,Mobile Phone,3,29.0,Credit Card,2.0,4,Laptop & Accessory,3,2,0,21.0,4.0,5.0,8.0,135.4,27.080000000000002,5.0,0.8,8-14,0
51205,2.0,Mobile Phone,2,12.0,Credit Card,,4,Mobile Phone,4,2,0,11.0,1.0,1.0,0.0,128.04,128.04,0.3333333333333333,1.0,0-3,0
51206,16.0,Mobile Phone,1,12.0,Credit Card,2.0,4,Others,3,8,0,,3.0,6.0,14.0,293.92,48.98666666666667,0.35294117647058826,0.5,8-14,0
51207,21.0,Mobile Phone,1,16.0,Debit Card,3.0,4,Others,4,5,0,,3.0,12.0,9.0,296.65,24.72083333333333,0.5454545454545454,0.25,8-14,0
51208,0.0,Computer,1,,Debit Card,3.0,4,Mobile Phone,1,2,1,24.0,1.0,1.0,0.0,124.39,124.39,1.0,1.0,0-3,1
51209,9.0,Mobile Phone,3,16.0,Debit Card,3.0,3,Fashion,4,6,0,21.0,0.0,1.0,7.0,173.14,173.14,0.1,0.0,4-7,1
51210,0.0,Computer,1,21.0,Debit Card,3.0,4,Mobile Phone,5,1,0,19.0,7.0,7.0,3.0,147.74,21.10571428571429,7.0,1.0,0-3,0
51211,12.0,Mobile Phone,1,25.0,UPI,2.0,3,Laptop & Accessory,1,9,0,14.0,1.0,2.0,2.0,139.02,69.51,0.15384615384615385,0.5,0-3,0
51212,28.0,Mobile Phone,1,8.0,Cash on Delivery,,4,Mobile Phone,1,9,0,20.0,0.0,1.0,4.0,126.62,126.62,0.034482758620689655,0.0,4-7,0
51213,1.0,Mobile Phone,3,9.0,Credit Card,,3,Mobile Phone,4,2,0,19.0,1.0,1.0,0.0,128.56,128.56,0.5,1.0,0-3,0
51214,0.0,Mobile Phone,3,15.0,Credit Card,2.0,3,Mobile Phone,1,2,0,13.0,0.0,1.0,0.0,110.81,110.81,1.0,0.0,0-3,1
51215,0.0,Mobile Phone,1,,Debit Card,3.0,3,Mobile Phone,4,2,1,23.0,1.0,1.0,0.0,124.72,124.72,1.0,1.0,0-3,1
51216,9.0,Mobile Phone,3,16.0,Cash on Delivery,3.0,4,Laptop & Accessory,3,2,1,13.0,1.0,1.0,7.0,156.73,156.73,0.1,1.0,4-7,0
51217,4.0,Mobile Phone,1,26.0,Debit Card,2.0,3,Laptop & Accessory,3,2,0,11.0,0.0,1.0,2.0,141.97,141.97,0.2,0.0,0-3,0
51218,7.0,Mobile Phone,3,10.0,Debit Card,3.0,3,Fashion,1,3,1,13.0,0.0,1.0,0.0,197.13,197.13,0.125,0.0,0-3,0
51219,,Mobile Phone,1,13.0,Debit Card,2.0,3,Mobile Phone,5,4,0,14.0,0.0,1.0,2.0,120.62,120.62,,0.0,0-3,0
51220,10.0,Mobile Phone,1,13.0,Credit Card,3.0,3,Laptop & Accessory,5,6,1,22.0,0.0,1.0,4.0,142.84,142.84,0.09090909090909091,0.0,4-7,0
51221,8.0,Mobile Phone,1,22.0,UPI,2.0,4,Laptop & Accessory,4,1,1,11.0,1.0,1.0,2.0,147.88,147.88,0.1111111111111111,1.0,0-3,0
51222,18.0,Mobile Phone,1,31.0,Debit Card,3.0,4,Laptop & Accessory,1,1,0,13.0,0.0,3.0,8.0,159.06,53.02,0.15789473684210525,0.0,8-14,0
51223,9.0,Computer,2,8.0,UPI,3.0,4,Laptop & Accessory,1,2,0,21.0,1.0,1.0,8.0,138.86,138.86,0.1,1.0,8-14,0
51224,13.0,Mobile Phone,1,6.0,Debit Card,3.0,3,Grocery,5,3,0,11.0,,11.0,16.0,268.23,24.384545454545457,0.7857142857142857,,15+,0
51225,0.0,Mobile Phone,1,6.0,Debit Card,,4,Mobile Phone,3,2,1,13.0,0.0,1.0,0.0,129.33,129.33,1.0,0.0,0-3,0
51226,0.0,Mobile Phone,3,8.0,Credit Card,2.0,1,Laptop & Accessory,3,1,0,14.0,0.0,1.0,7.0,165.0,165.0,1.0,0.0,4-7,0
51227,21.0,Computer,1,28.0,Credit Card,2.0,3,Grocery,1,4,0,11.0,,4.0,7.0,271.74,67.935,0.18181818181818182,,4-7,0
51228,17.0,Mobile Phone,1,6.0,Debit Card,3.0,1,Laptop & Accessory,5,3,0,15.0,2.0,2.0,2.0,150.33,75.165,0.1111111111111111,1.0,0-3,0
51229,,Computer,1,22.0,Cash on Delivery,2.0,5,Mobile Phone,5,2,1,23.0,3.0,3.0,0.0,123.07,41.02333333333333,,1.0,0-3,1
51230,19.0,Mobile Phone,1,,Debit Card,3.0,3,Mobile Phone,1,2,0,16.0,0.0,1.0,0.0,125.87,125.87,0.05,0.0,0-3,1
51231,9.0,Mobile Phone,3,23.0,E wallet,2.0,4,Laptop & Accessory,4,3,0,16.0,1.0,1.0,3.0,155.07,155.07,0.1,1.0,0-3,0
51232,14.0,Mobile Phone,3,14.0,E wallet,2.0,3,Laptop & Accessory,4,6,0,21.0,1.0,1.0,4.0,143.93,143.93,0.06666666666666667,1.0,4-7,0
51233,15.0,Mobile Phone,1,12.0,Credit Card,2.0,3,Fashion,5,10,0,13.0,3.0,,7.0,233.48,,,,4-7,0
51234,4.0,Mobile Phone,3,16.0,Credit Card,2.0,3,Laptop & Accessory,1,3,1,11.0,0.0,1.0,4.0,165.83,165.83,0.2,0.0,4-7,0
51235,7.0,Mobile Phone,3,9.0,Credit Card,3.0,4,Laptop & Accessory,1,4,1,12.0,0.0,1.0,1.0,181.03,181.03,0.125,0.0,0-3,0
51236,4.0,Mobile Phone,1,10.0,Credit Card,3.0,1,Mobile Phone,3,9,0,12.0,2.0,2.0,2.0,139.78,69.89,0.4,1.0,0-3,0
51237,0.0,Computer,1,,UPI,3.0,1,Mobile Phone,1,1,0,18.0,2.0,7.0,7.0,125.44,17.919999999999998,7.0,0.2857142857142857,4-7,0
51238,18.0,Computer,1,6.0,Credit Card,2.0,3,Laptop & Accessory,3,5,0,12.0,1.0,1.0,3.0,153.99,153.99,0.05263157894736842,1.0,0-3,0
51239,6.0,Mobile Phone,3,16.0,E wallet,2.0,3,Laptop & Accessory,3,2,0,14.0,0.0,1.0,9.0,154.87,154.87,0.14285714285714285,0.0,8-14,0
51240,1.0,Computer,3,6.0,Debit Card,2.0,4,Laptop & Accessory,1,2,1,12.0,0.0,1.0,7.0,168.34,168.34,0.5,0.0,4-7,0
51241,0.0,Computer,3,30.0,Cash on Delivery,2.0,1,Mobile Phone,5,2,0,17.0,1.0,1.0,0.0,110.91,110.91,1.0,1.0,0-3,1
51242,12.0,Computer,3,27.0,Debit Card,2.0,5,Laptop & Accessory,3,7,0,19.0,0.0,1.0,2.0,157.36,157.36,0.07692307692307693,0.0,0-3,0
51243,,Mobile Phone,1,8.0,Cash on Delivery,2.0,3,Mobile Phone,4,2,0,11.0,1.0,1.0,2.0,122.26,122.26,,1.0,0-3,0
51244,7.0,Computer,1,28.0,UPI,2.0,4,Laptop & Accessory,1,2,1,15.0,3.0,6.0,11.0,157.47,26.245,0.75,0.5,8-14,0
51245,0.0,Mobile Phone,3,19.0,E wallet,2.0,3,Laptop & Accessory,3,4,1,11.0,2.0,2.0,2.0,198.54,99.27,2.0,1.0,0-3,1
51246,20.0,Computer,1,20.0,Cash on Delivery,3.0,3,Laptop & Accessory,4,9,0,18.0,0.0,1.0,7.0,154.67,154.67,0.047619047619047616,0.0,4-7,0
51247,29.0,Mobile Phone,3,17.0,E wallet,2.0,4,Laptop & Accessory,5,5,0,16.0,0.0,1.0,0.0,153.8,153.8,0.03333333333333333,0.0,0-3,0
51248,12.0,Mobile Phone,1,15.0,Credit Card,2.0,3,Laptop & Accessory,5,2,0,25.0,4.0,7.0,9.0,151.51,21.64428571428571,0.5384615384615384,0.5714285714285714,8-14,0
51249,,Computer,1,14.0,Credit Card,2.0,4,Laptop & Accessory,4,2,1,16.0,1.0,1.0,7.0,121.33,121.33,,1.0,4-7,0
51250,30.0,Mobile Phone,3,27.0,Debit Card,3.0,3,Grocery,1,5,1,13.0,,1.0,0.0,278.75,278.75,0.03225806451612903,,0-3,0
51251,0.0,Computer,1,,Debit Card,2.0,1,Mobile Phone,3,4,1,14.0,0.0,1.0,3.0,124.32,124.32,1.0,0.0,0-3,1
51252,11.0,Mobile Phone,1,15.0,Debit Card,3.0,3,Mobile Phone,1,3,0,19.0,1.0,1.0,3.0,147.71,147.71,0.08333333333333333,1.0,0-3,0
51253,22.0,Computer,1,8.0,Debit Card,2.0,3,Others,1,4,0,15.0,,4.0,3.0,291.61,72.9025,0.17391304347826086,,0-3,0
51254,15.0,Mobile Phone,3,18.0,E wallet,3.0,3,Laptop & Accessory,1,4,1,12.0,0.0,1.0,0.0,150.87,150.87,0.0625,0.0,0-3,0
51255,0.0,Computer,2,28.0,UPI,,4,Mobile Phone,4,2,0,12.0,1.0,1.0,0.0,128.63,128.63,1.0,1.0,0-3,1
51256,8.0,Mobile Phone,3,24.0,Credit Card,3.0,3,Laptop & Accessory,5,1,0,16.0,0.0,1.0,4.0,0.0,0.0,0.1111111111111111,0.0,4-7,0
51257,,Computer,1,22.0,Credit Card,2.0,3,Mobile Phone,3,2,0,14.0,0.0,1.0,4.0,121.44,121.44,,0.0,4-7,0
51258,4.0,Computer,1,9.0,Credit Card,,3,Mobile Phone,5,2,1,13.0,0.0,2.0,3.0,130.65,65.325,0.4,0.0,0-3,0
51259,9.0,Computer,1,15.0,Debit Card,,1,Mobile Phone,4,2,0,22.0,1.0,1.0,2.0,128.1,128.1,0.1,1.0,0-3,0
51260,7.0,Mobile Phone,3,6.0,E wallet,2.0,3,Fashion,1,2,0,21.0,1.0,2.0,1.0,198.88,99.44,0.25,0.5,0-3,0
51261,7.0,Mobile Phone,3,19.0,Credit Card,2.0,3,Fashion,3,2,0,18.0,1.0,1.0,1.0,186.28,186.28,0.125,1.0,0-3,0
51262,0.0,Mobile Phone,1,6.0,Credit Card,,3,Mobile Phone,5,1,0,13.0,3.0,7.0,6.0,128.67,18.381428571428568,7.0,0.42857142857142855,4-7,0
51263,2.0,Mobile Phone,1,6.0,Debit Card,2.0,3,Laptop & Accessory,5,1,0,12.0,1.0,1.0,2.0,153.73,153.73,0.3333333333333333,1.0,0-3,0
51264,5.0,Computer,1,21.0,Credit Card,2.0,3,Laptop & Accessory,1,6,0,18.0,0.0,1.0,2.0,166.67,166.67,0.16666666666666666,0.0,0-3,0
51265,4.0,Computer,1,6.0,Debit Card,2.0,5,Laptop & Accessory,5,2,0,21.0,1.0,8.0,7.0,150.03,18.75375,1.6,0.125,4-7,0
51266,0.0,Mobile Phone,1,,Cash on Delivery,2.0,4,Mobile Phone,1,6,0,12.0,0.0,1.0,3.0,123.67,123.67,1.0,0.0,0-3,1
51267,11.0,Mobile Phone,3,6.0,Debit Card,,4,Mobile Phone,5,5,0,14.0,0.0,1.0,0.0,128.58,128.58,0.08333333333333333,0.0,0-3,0
51268,8.0,Mobile Phone,3,13.0,Debit Card,2.0,3,Laptop & Accessory,1,2,1,11.0,1.0,1.0,9.0,152.04,152.04,0.1111111111111111,1.0,8-14,0
51269,0.0,Mobile Phone,3,15.0,E wallet,2.0,3,Laptop & Accessory,1,2,0,14.0,0.0,1.0,7.0,141.05,141.05,1.0,0.0,4-7,0
51270,5.0,Mobile Phone,1,11.0,Debit Card,2.0,4,Laptop & Accessory,1,9,0,24.0,0.0,1.0,0.0,196.79,196.79,0.16666666666666666,0.0,0-3,0
51271,0.0,Computer,3,32.0,E wallet,3.0,3,Laptop & Accessory,1,2,1,11.0,0.0,1.0,8.0,156.17,156.17,1.0,0.0,8-14,1
51272,16.0,Mobile Phone,3,30.0,Debit Card,3.0,3,Fashion,5,7,1,13.0,2.0,2.0,2.0,204.48,102.24,0.11764705882352941,1.0,0-3,1
51273,27.0,Mobile Phone,1,15.0,Debit Card,,3,Laptop & Accessory,3,4,0,11.0,0.0,2.0,3.0,128.97,64.485,0.07142857142857142,0.0,0-3,0
51274,6.0,Computer,1,13.0,Debit Card,2.0,3,Laptop & Accessory,3,2,0,20.0,2.0,2.0,8.0,159.68,79.84,0.2857142857142857,1.0,8-14,0
51275,16.0,Mobile Phone,1,17.0,Debit Card,1.0,3,Fashion,3,2,0,17.0,1.0,1.0,9.0,175.1,175.1,0.058823529411764705,1.0,8-14,0
51276,11.0,Computer,2,6.0,UPI,,3,Mobile Phone,4,1,1,11.0,1.0,1.0,2.0,129.91,129.91,0.08333333333333333,1.0,0-3,0
51277,28.0,Mobile Phone,2,32.0,UPI,3.0,1,Others,4,5,1,,1.0,1.0,4.0,296.36,296.36,0.034482758620689655,1.0,4-7,0
51278,4.0,Mobile Phone,1,8.0,Credit Card,2.0,5,Mobile Phone,1,2,1,11.0,1.0,1.0,0.0,111.29,111.29,0.2,1.0,0-3,0
51279,12.0,Mobile Phone,3,21.0,E wallet,3.0,3,Grocery,5,1,0,12.0,4.0,,10.0,233.41000000000005,,,,8-14,0
51280,15.0,Computer,1,29.0,Debit Card,2.0,4,Laptop & Accessory,3,2,0,12.0,2.0,3.0,7.0,143.32,47.77333333333333,0.1875,0.6666666666666666,4-7,0
51281,4.0,Computer,1,16.0,Credit Card,2.0,3,Fashion,3,5,0,20.0,3.0,4.0,,210.31,52.5775,0.8,0.75,,0
51282,27.0,Mobile Phone,1,16.0,Credit Card,3.0,3,Laptop & Accessory,5,7,1,19.0,0.0,1.0,4.0,144.4,144.4,0.03571428571428571,0.0,4-7,0
51283,0.0,Mobile Phone,1,6.0,Debit Card,2.0,4,Laptop & Accessory,3,2,0,12.0,1.0,1.0,2.0,146.17,146.17,1.0,1.0,0-3,0
51284,0.0,Mobile Phone,1,,UPI,3.0,3,Mobile Phone,1,2,0,13.0,1.0,1.0,4.0,126.47,126.47,1.0,1.0,4-7,0
51285,13.0,Computer,1,17.0,Cash on Delivery,3.0,3,Laptop & Accessory,3,2,0,11.0,2.0,9.0,4.0,163.23,18.136666666666667,0.6428571428571429,0.2222222222222222,4-7,0
51286,13.0,Mobile Phone,3,8.0,E wallet,3.0,3,Laptop & Accessory,4,4,0,14.0,1.0,5.0,10.0,156.77,31.354000000000003,0.35714285714285715,0.2,8-14,0
51287,,Mobile Phone,2,8.0,UPI,2.0,3,Mobile Phone,4,5,0,14.0,0.0,1.0,2.0,121.87,121.87,,0.0,0-3,0
51288,3.0,Mobile Phone,1,6.0,Credit Card,3.0,3,Mobile Phone,4,2,0,13.0,0.0,1.0,7.0,137.48,137.48,0.25,0.0,4-7,0
51289,0.0,Mobile Phone,1,8.0,UPI,2.0,3,Mobile Phone,3,7,1,19.0,0.0,1.0,2.0,139.77,139.77,1.0,0.0,0-3,0
51290,20.0,Mobile Phone,1,31.0,Credit Card,2.0,3,Fashion,3,3,0,23.0,1.0,12.0,11.0,186.33,15.527500000000002,0.5714285714285714,0.08333333333333333,8-14,0
51291,,Computer,1,6.0,Credit Card,2.0,4,Mobile Phone,3,2,0,12.0,0.0,1.0,0.0,120.08,120.08,,0.0,0-3,0
51292,11.0,Mobile Phone,3,6.0,Debit Card,2.0,3,Laptop & Accessory,4,1,0,15.0,4.0,5.0,8.0,144.4,28.880000000000003,0.4166666666666667,0.8,8-14,0
51293,4.0,Mobile Phone,3,8.0,Debit Card,,3,Mobile Phone,3,1,0,19.0,1.0,1.0,2.0,130.67,130.67,0.2,1.0,0-3,0
51294,11.0,Computer,1,12.0,Debit Card,3.0,4,Laptop & Accessory,3,3,0,11.0,2.0,7.0,7.0,153.21,21.88714285714286,0.5833333333333334,0.2857142857142857,4-7,0
51295,15.0,Mobile Phone,1,24.0,Debit Card,2.0,3,Laptop & Accessory,5,7,1,17.0,0.0,1.0,2.0,154.1,154.1,0.0625,0.0,0-3,0
51296,14.0,Mobile Phone,1,6.0,Debit Card,,3,Mobile Phone,1,4,0,22.0,0.0,1.0,0.0,127.82,127.82,0.06666666666666667,0.0,0-3,0
51297,20.0,Computer,1,6.0,Credit Card,3.0,3,Fashion,4,1,0,18.0,0.0,5.0,,219.57,43.914,0.23809523809523808,0.0,,0
51298,8.0,Mobile Phone,1,17.0,Credit Card,2.0,3,Mobile Phone,3,8,1,11.0,0.0,2.0,2.0,126.6,63.3,0.2222222222222222,0.0,0-3,0
51299,0.0,Mobile Phone,1,6.0,Debit Card,3.0,3,Mobile Phone,3,1,0,12.0,0.0,1.0,2.0,133.75,133.75,1.0,0.0,0-3,0
51300,8.0,Mobile Phone,1,15.0,Credit Card,2.0,3,Laptop & Accessory,3,2,0,19.0,0.0,1.0,8.0,150.98,150.98,0.1111111111111111,0.0,8-14,0
51301,6.0,Mobile Phone,1,21.0,Credit Card,3.0,3,Laptop & Accessory,1,1,1,13.0,5.0,8.0,1.0,12.0,1.5,1.1428571428571428,0.625,0-3,0
51302,5.0,Mobile Phone,1,35.0,Debit Card,,4,Mobile Phone,4,2,0,13.0,3.0,4.0,1.0,128.37,32.0925,0.6666666666666666,0.75,0-3,0
51303,13.0,Mobile Phone,1,,Debit Card,2.0,3,Mobile Phone,1,9,0,19.0,0.0,1.0,0.0,124.06,124.06,0.07142857142857142,0.0,0-3,0
51304,,Mobile Phone,3,6.0,Credit Card,3.0,4,Mobile Phone,4,1,0,14.0,0.0,2.0,2.0,122.69,61.345,,0.0,0-3,0
51305,12.0,Mobile Phone,1,30.0,Debit Card,2.0,3,Laptop & Accessory,1,8,0,13.0,1.0,1.0,7.0,141.08,141.08,0.07692307692307693,1.0,4-7,0
51306,11.0,Mobile Phone,1,16.0,Credit Card,2.0,5,Fashion,3,4,0,12.0,1.0,,11.0,232.06,,,,8-14,0
51307,5.0,Mobile Phone,3,6.0,E wallet,2.0,3,Fashion,1,2,0,19.0,3.0,5.0,7.0,204.22,40.844,0.8333333333333334,0.6,4-7,0
51308,10.0,Mobile Phone,1,16.0,Debit Card,2.0,1,Fashion,1,2,1,25.0,0.0,,8.0,237.44,,,,8-14,0
51309,0.0,Mobile Phone,3,14.0,UPI,2.0,3,Laptop & Accessory,3,1,1,22.0,1.0,1.0,4.0,149.07,149.07,1.0,1.0,4-7,0
51310,25.0,Computer,3,126.0,Debit Card,2.0,3,Mobile Phone,1,3,0,15.0,1.0,1.0,0.0,134.82,134.82,0.038461538461538464,1.0,0-3,0
51311,17.0,Mobile Phone,1,,Credit Card,2.0,3,Mobile Phone,1,7,1,12.0,0.0,1.0,2.0,124.36,124.36,0.05555555555555555,0.0,0-3,0
51312,0.0,Mobile Phone,3,,Credit Card,2.0,3,Mobile Phone,5,2,1,11.0,1.0,1.0,2.0,123.8,123.8,1.0,1.0,0-3,0
51313,12.0,Computer,1,15.0,Debit Card,2.0,3,Others,1,3,0,,0.0,1.0,3.0,294.31,294.31,0.07692307692307693,0.0,0-3,0
51314,,Computer,3,15.0,E wallet,2.0,3,Mobile Phone,5,2,0,19.0,1.0,1.0,0.0,117.9,117.9,,1.0,0-3,1
51315,9.0,Mobile Phone,3,9.0,Credit Card,3.0,4,Fashion,1,1,0,19.0,3.0,3.0,4.0,176.44,58.81333333333333,0.3,1.0,4-7,0
51316,9.0,Computer,1,10.0,Debit Card,3.0,3,Laptop & Accessory,4,8,0,13.0,1.0,1.0,2.0,151.31,151.31,0.1,1.0,0-3,0
51317,29.0,Computer,1,6.0,Debit Card,2.0,3,Laptop & Accessory,3,2,0,21.0,0.0,1.0,9.0,163.06,163.06,0.03333333333333333,0.0,8-14,0
51318,0.0,Mobile Phone,1,6.0,Credit Card,2.0,3,Mobile Phone,1,10,1,14.0,2.0,2.0,2.0,147.87,73.935,2.0,1.0,0-3,1
51319,15.0,Mobile Phone,1,8.0,Debit Card,2.0,3,Others,3,6,0,11.0,,4.0,14.0,288.8,72.2,0.25,,8-14,0
51320,19.0,Mobile Phone,1,,Cash on Delivery,3.0,3,Mobile Phone,3,9,0,11.0,6.0,9.0,8.0,123.39,13.71,0.45,0.6666666666666666,8-14,1
51321,14.0,Mobile Phone,1,34.0,Debit Card,2.0,4,Grocery,4,1,0,23.0,1.0,,10.0,235.7,,,,8-14,0
51322,7.0,Mobile Phone,3,34.0,E wallet,3.0,4,Laptop & Accessory,3,2,0,21.0,1.0,1.0,7.0,167.12,167.12,0.125,1.0,4-7,0
51323,9.0,Computer,3,21.0,E wallet,2.0,5,Laptop & Accessory,1,2,0,24.0,4.0,11.0,11.0,154.06,14.005454545454546,1.1,0.36363636363636365,8-14,0
51324,14.0,Mobile Phone,3,9.0,Debit Card,2.0,4,Laptop & Accessory,4,3,0,11.0,0.0,1.0,4.0,189.38,189.38,0.06666666666666667,0.0,4-7,0
51325,5.0,Mobile Phone,1,,Cash on Delivery,3.0,3,Mobile Phone,5,2,0,14.0,1.0,1.0,2.0,124.39,124.39,0.16666666666666666,1.0,0-3,0
51326,8.0,Mobile Phone,2,32.0,Debit Card,2.0,3,Fashion,1,2,1,16.0,1.0,1.0,7.0,188.37,188.37,0.1111111111111111,1.0,4-7,0
51327,11.0,Mobile Phone,3,16.0,Debit Card,3.0,3,Laptop & Accessory,1,2,0,11.0,0.0,1.0,9.0,153.43,153.43,0.08333333333333333,0.0,8-14,0
51328,13.0,Computer,3,6.0,Debit Card,3.0,3,Laptop & Accessory,3,8,0,12.0,1.0,1.0,1.0,167.28,167.28,0.07142857142857142,1.0,0-3,1
51329,9.0,Mobile Phone,3,17.0,E wallet,3.0,4,Laptop & Accessory,1,5,0,13.0,1.0,1.0,0.0,166.52,166.52,0.1,1.0,0-3,0
51330,18.0,Mobile Phone,3,26.0,Debit Card,2.0,3,Laptop & Accessory,3,9,0,15.0,1.0,1.0,1.0,148.5,148.5,0.05263157894736842,1.0,0-3,0
51331,13.0,Mobile Phone,1,8.0,Debit Card,,4,Mobile Phone,3,3,0,14.0,0.0,2.0,2.0,128.09,64.045,0.14285714285714285,0.0,0-3,0
51332,8.0,Computer,1,24.0,Debit Card,3.0,3,Laptop & Accessory,3,2,1,14.0,1.0,1.0,2.0,156.89,156.89,0.1111111111111111,1.0,0-3,0
51333,,Mobile Phone,1,8.0,Credit Card,3.0,3,Mobile Phone,3,3,0,14.0,1.0,1.0,2.0,120.01,120.01,,1.0,0-3,0
51334,8.0,Mobile Phone,1,6.0,Debit Card,,5,Mobile Phone,1,2,0,12.0,0.0,1.0,1.0,129.77,129.77,0.1111111111111111,0.0,0-3,0
51335,2.0,Mobile Phone,1,19.0,UPI,2.0,4,Laptop & Accessory,4,5,1,13.0,1.0,1.0,3.0,140.25,140.25,0.3333333333333333,1.0,0-3,0
51336,2.0,Mobile Phone,1,34.0,Credit Card,3.0,4,Mobile Phone,5,2,0,14.0,0.0,1.0,4.0,137.85,137.85,0.3333333333333333,0.0,4-7,0
51337,13.0,Mobile Phone,3,34.0,E wallet,2.0,4,Fashion,5,5,1,13.0,0.0,2.0,0.0,208.54,104.27,0.14285714285714285,0.0,0-3,1
51338,12.0,Mobile Phone,3,30.0,E wallet,2.0,4,Grocery,1,1,0,11.0,1.0,9.0,,220.31,24.47888888888889,0.6923076923076923,0.1111111111111111,,0
51339,4.0,Computer,1,11.0,Credit Card,3.0,3,Laptop & Accessory,5,1,0,19.0,0.0,1.0,7.0,199.36,199.36,0.2,0.0,4-7,0
51340,0.0,Mobile Phone,3,11.0,UPI,,4,Mobile Phone,3,1,0,18.0,0.0,1.0,0.0,129.66,129.66,1.0,0.0,0-3,0
51341,9.0,Computer,1,,Credit Card,2.0,1,Laptop & Accessory,1,5,0,17.0,0.0,1.0,3.0,125.71,125.71,0.1,0.0,0-3,0
51342,12.0,Mobile Phone,1,12.0,Credit Card,2.0,4,Fashion,5,5,0,15.0,1.0,1.0,7.0,199.91,199.91,0.07692307692307693,1.0,4-7,0
51343,0.0,Mobile Phone,1,10.0,Debit Card,2.0,1,Laptop & Accessory,4,2,1,20.0,1.0,1.0,3.0,161.42,161.42,1.0,1.0,0-3,0
51344,22.0,Computer,3,8.0,Credit Card,3.0,4,Laptop & Accessory,4,3,0,14.0,1.0,1.0,8.0,153.9,153.9,0.043478260869565216,1.0,8-14,0
51345,7.0,Mobile Phone,1,14.0,Credit Card,2.0,1,Laptop & Accessory,3,3,0,12.0,0.0,1.0,2.0,144.04,144.04,0.125,0.0,0-3,0
51346,4.0,Mobile Phone,3,6.0,Debit Card,3.0,3,Laptop & Accessory,1,9,1,11.0,0.0,1.0,5.0,159.93,159.93,0.2,0.0,4-7,1
51347,22.0,Computer,1,14.0,Debit Card,3.0,4,Laptop & Accessory,4,2,0,23.0,0.0,1.0,7.0,151.3,151.3,0.043478260869565216,0.0,4-7,0
51349,6.0,Computer,1,9.0,Debit Card,,3,Mobile Phone,3,2,1,11.0,2.0,3.0,0.0,129.09,43.03,0.42857142857142855,0.6666666666666666,0-3,0
51350,0.0,Mobile Phone,1,8.0,Credit Card,2.0,3,Mobile Phone,4,10,0,12.0,1.0,2.0,2.0,134.68,67.34,2.0,0.5,0-3,0
51351,5.0,Computer,1,8.0,Debit Card,,3,Mobile Phone,1,1,0,13.0,1.0,3.0,6.0,130.68,43.56,0.5,0.3333333333333333,4-7,0
51352,30.0,Mobile Phone,1,9.0,Credit Card,,1,Mobile Phone,5,5,1,20.0,0.0,1.0,0.0,126.7,126.7,0.03225806451612903,0.0,0-3,0
51353,3.0,Mobile Phone,1,30.0,Debit Card,,3,Mobile Phone,3,2,0,22.0,1.0,1.0,0.0,126.93,126.93,0.25,1.0,0-3,0
51354,11.0,Computer,1,29.0,Debit Card,2.0,4,Fashion,3,1,0,21.0,1.0,1.0,8.0,195.26,195.26,0.08333333333333333,1.0,8-14,0
51355,9.0,Mobile Phone,1,33.0,Credit Card,3.0,3,Laptop & Accessory,3,7,0,13.0,0.0,7.0,7.0,152.37,21.767142857142858,0.7,0.0,4-7,0
51356,8.0,Mobile Phone,1,,Credit Card,2.0,1,Mobile Phone,4,1,0,13.0,1.0,1.0,3.0,124.26,124.26,0.1111111111111111,1.0,0-3,0
51357,2.0,Mobile Phone,1,21.0,Debit Card,2.0,4,Laptop & Accessory,3,1,1,12.0,1.0,1.0,8.0,141.93,141.93,0.3333333333333333,1.0,8-14,0
51358,4.0,Mobile Phone,1,32.0,Debit Card,,3,Mobile Phone,3,2,0,17.0,3.0,4.0,3.0,129.11,32.2775,0.8,0.75,0-3,0
51359,7.0,Mobile Phone,1,25.0,Credit Card,3.0,3,Mobile Phone,1,1,0,11.0,0.0,1.0,2.0,126.61,126.61,0.125,0.0,0-3,0
51361,2.0,Mobile Phone,1,27.0,Debit Card,2.0,1,Fashion,5,2,0,11.0,6.0,8.0,8.0,199.8,24.975,2.6666666666666665,0.75,8-14,0
51362,5.0,Mobile Phone,1,11.0,Debit Card,3.0,1,Mobile Phone,4,1,1,12.0,1.0,1.0,5.0,132.98,132.98,0.16666666666666666,1.0,4-7,0
51363,0.0,Computer,1,22.0,Credit Card,,1,Mobile Phone,1,2,1,13.0,0.0,1.0,0.0,129.35,129.35,1.0,0.0,0-3,0
51364,26.0,Mobile Phone,3,8.0,Debit Card,3.0,4,Grocery,1,3,0,16.0,0.0,,7.0,254.27,,,,4-7,0
51365,11.0,Mobile Phone,1,8.0,Debit Card,2.0,3,Mobile Phone,1,6,1,11.0,0.0,1.0,2.0,139.44,139.44,0.08333333333333333,0.0,0-3,0
51366,0.0,Computer,1,17.0,UPI,3.0,1,Laptop & Accessory,3,1,0,18.0,0.0,1.0,3.0,140.11,140.11,1.0,0.0,0-3,0
51367,0.0,Mobile Phone,3,15.0,Debit Card,2.0,4,Mobile Phone,5,8,0,23.0,0.0,1.0,3.0,134.07,134.07,1.0,0.0,0-3,1
51368,7.0,Mobile Phone,1,13.0,Debit Card,2.0,3,Fashion,4,1,0,11.0,0.0,2.0,,219.94,109.97,0.25,0.0,,0
51369,,Mobile Phone,1,21.0,Debit Card,3.0,3,Mobile Phone,1,2,0,14.0,1.0,1.0,0.0,112.32,112.32,,1.0,0-3,0
51370,0.0,Mobile Phone,1,12.0,Credit Card,,3,Mobile Phone,5,3,0,11.0,0.0,1.0,3.0,129.6,129.6,1.0,0.0,0-3,1
51371,26.0,Mobile Phone,1,11.0,UPI,2.0,3,Others,3,5,0,11.0,,4.0,8.0,290.94,72.735,0.14814814814814814,,8-14,0
51372,0.0,Computer,1,22.0,Debit Card,3.0,5,Mobile Phone,5,2,1,22.0,0.0,6.0,7.0,139.19,23.198333333333334,6.0,0.0,4-7,1
51373,15.0,Mobile Phone,3,14.0,E wallet,2.0,3,Laptop & Accessory,4,1,0,11.0,2.0,4.0,2.0,168.25,42.0625,0.25,0.5,0-3,0
51374,17.0,Mobile Phone,1,13.0,Credit Card,2.0,4,Fashion,1,4,0,14.0,0.0,5.0,17.0,202.48,40.495999999999995,0.2777777777777778,0.0,15+,0
51375,19.0,Mobile Phone,3,8.0,E wallet,2.0,3,Others,5,4,0,12.0,,2.0,1.0,289.47,144.735,0.1,,0-3,0
51376,6.0,Mobile Phone,1,,Credit Card,3.0,3,Mobile Phone,1,5,0,11.0,0.0,1.0,0.0,124.96,124.96,0.14285714285714285,0.0,0-3,0
51377,17.0,Mobile Phone,1,16.0,UPI,2.0,3,Laptop & Accessory,1,3,1,13.0,0.0,1.0,3.0,164.65,164.65,0.05555555555555555,0.0,0-3,0
51378,,Mobile Phone,1,15.0,Credit Card,2.0,4,Mobile Phone,3,2,0,13.0,0.0,1.0,8.0,122.06,122.06,,0.0,8-14,0
51379,,Mobile Phone,3,11.0,Cash on Delivery,2.0,3,Laptop & Accessory,1,4,0,14.0,0.0,1.0,0.0,120.86,120.86,,0.0,0-3,1
51380,,Mobile Phone,1,6.0,Credit Card,3.0,3,Mobile Phone,1,3,1,16.0,0.0,2.0,0.0,122.93,61.465,,0.0,0-3,1
51381,16.0,Mobile Phone,1,,Credit Card,3.0,1,Mobile Phone,3,2,0,12.0,1.0,1.0,4.0,126.45,126.45,0.058823529411764705,1.0,4-7,0
51382,13.0,Mobile Phone,3,9.0,E wallet,,4,Mobile Phone,3,2,1,14.0,1.0,1.0,2.0,126.83,126.83,0.07142857142857142,1.0,0-3,1
51383,,Mobile Phone,3,8.0,E wallet,3.0,3,Mobile Phone,1,2,0,13.0,2.0,2.0,2.0,120.14,60.07,,1.0,0-3,0
51384,9.0,Mobile Phone,1,11.0,Debit Card,2.0,4,Mobile Phone,5,10,1,14.0,1.0,1.0,0.0,134.19,134.19,0.1,1.0,0-3,0
51385,6.0,Computer,3,6.0,Debit Card,2.0,1,Laptop & Accessory,5,3,0,19.0,0.0,1.0,3.0,153.76,153.76,0.14285714285714285,0.0,0-3,0
51386,,Mobile Phone,1,10.0,UPI,3.0,3,Mobile Phone,1,2,0,12.0,1.0,1.0,0.0,119.51,119.51,,1.0,0-3,0
51387,0.0,Mobile Phone,1,,Debit Card,2.0,3,Mobile Phone,5,2,0,13.0,1.0,1.0,0.0,123.41,123.41,1.0,1.0,0-3,0
51388,,Mobile Phone,1,31.0,Debit Card,2.0,5,Mobile Phone,3,2,0,12.0,0.0,1.0,1.0,122.93,122.93,,0.0,0-3,1
51389,0.0,Computer,3,14.0,Debit Card,2.0,3,Fashion,3,2,0,15.0,1.0,1.0,7.0,187.26,187.26,1.0,1.0,4-7,0
51390,3.0,Computer,1,6.0,Credit Card,2.0,3,Laptop & Accessory,1,2,0,23.0,1.0,3.0,7.0,140.11,46.70333333333334,0.75,0.3333333333333333,4-7,0
51391,4.0,Mobile Phone,1,18.0,Cash on Delivery,2.0,3,Others,3,2,0,,1.0,15.0,8.0,295.45,19.696666666666665,3.0,0.06666666666666667,8-14,1
51392,7.0,Computer,3,29.0,E wallet,3.0,3,Laptop & Accessory,3,1,0,20.0,0.0,8.0,7.0,145.68,18.21,1.0,0.0,4-7,0
51393,10.0,Mobile Phone,1,25.0,Debit Card,,3,Mobile Phone,4,5,0,21.0,0.0,1.0,0.0,130.22,130.22,0.09090909090909091,0.0,0-3,0
51394,19.0,Computer,3,11.0,E wallet,3.0,3,Laptop & Accessory,1,5,1,21.0,1.0,1.0,8.0,157.72,157.72,0.05,1.0,8-14,0
51395,,Mobile Phone,1,14.0,Debit Card,2.0,1,Mobile Phone,1,2,0,19.0,1.0,1.0,1.0,122.69,122.69,,1.0,0-3,0
51397,0.0,Mobile Phone,1,11.0,Cash on Delivery,2.0,3,Mobile Phone,3,2,1,13.0,0.0,2.0,2.0,134.41,67.205,2.0,0.0,0-3,1
51398,17.0,Mobile Phone,3,6.0,E wallet,3.0,3,Laptop & Accessory,5,6,1,21.0,1.0,1.0,3.0,154.54,154.54,0.05555555555555555,1.0,0-3,0
51399,8.0,Computer,1,17.0,Credit Card,3.0,4,Fashion,5,3,1,13.0,1.0,2.0,3.0,198.84,99.42,0.2222222222222222,0.5,0-3,0
51400,0.0,Mobile Phone,3,29.0,E wallet,2.0,4,Laptop & Accessory,1,8,1,19.0,0.0,1.0,0.0,141.57,141.57,1.0,0.0,0-3,0
51401,6.0,Computer,1,29.0,Debit Card,3.0,3,Fashion,1,2,1,12.0,3.0,,12.0,234.58,,,,8-14,0
51402,8.0,Computer,3,5.0,Debit Card,3.0,3,Fashion,5,2,0,22.0,0.0,1.0,8.0,190.69,190.69,0.1111111111111111,0.0,8-14,0
51403,8.0,Mobile Phone,1,29.0,Credit Card,1.0,3,Mobile Phone,5,4,1,15.0,0.0,2.0,2.0,140.14,70.07,0.2222222222222222,0.0,0-3,0
51404,4.0,Mobile Phone,1,13.0,Debit Card,2.0,3,Laptop & Accessory,1,4,0,22.0,0.0,1.0,7.0,159.15,159.15,0.2,0.0,4-7,0
51405,10.0,Mobile Phone,1,6.0,Debit Card,2.0,4,Laptop & Accessory,3,2,0,18.0,0.0,1.0,7.0,159.93,159.93,0.09090909090909091,0.0,4-7,0
51406,5.0,Mobile Phone,1,6.0,Credit Card,2.0,3,Laptop & Accessory,1,2,1,22.0,5.0,7.0,8.0,161.62,23.08857142857143,1.1666666666666667,0.7142857142857143,8-14,0
51407,11.0,Computer,1,,Debit Card,2.0,3,Laptop & Accessory,1,2,0,11.0,6.0,9.0,9.0,124.06,13.784444444444444,0.75,0.6666666666666666,8-14,0
51408,23.0,Mobile Phone,1,13.0,Credit Card,2.0,4,Others,3,6,1,12.0,,13.0,8.0,287.4,22.107692307692307,0.5416666666666666,,8-14,0
51409,30.0,Mobile Phone,3,31.0,Debit Card,4.0,3,Fashion,5,8,0,11.0,6.0,7.0,9.0,176.37,25.195714285714285,0.22580645161290322,0.8571428571428571,8-14,0
51410,9.0,Mobile Phone,1,14.0,Cash on Delivery,2.0,3,Fashion,3,2,0,13.0,7.0,12.0,8.0,200.96,16.746666666666666,1.2,0.5833333333333334,8-14,0
51411,28.0,Mobile Phone,1,14.0,Credit Card,2.0,3,Grocery,3,3,1,14.0,1.0,,2.0,247.56,,,,0-3,0
51412,9.0,Computer,1,17.0,Debit Card,3.0,4,Laptop & Accessory,4,2,0,13.0,1.0,1.0,3.0,164.99,164.99,0.1,1.0,0-3,0
51413,18.0,Mobile Phone,1,13.0,Debit Card,2.0,3,Fashion,5,3,0,17.0,0.0,1.0,0.0,197.24,197.24,0.05263157894736842,0.0,0-3,0
51414,,Computer,1,6.0,Credit Card,3.0,3,Mobile Phone,5,5,0,13.0,0.0,1.0,2.0,121.94,121.94,,0.0,0-3,0
51415,0.0,Mobile Phone,1,15.0,Credit Card,3.0,4,Mobile Phone,3,1,1,17.0,1.0,1.0,0.0,133.88,133.88,1.0,1.0,0-3,1
51416,30.0,Computer,3,6.0,Debit Card,2.0,4,Laptop & Accessory,3,8,0,11.0,1.0,1.0,3.0,154.73,154.73,0.03225806451612903,1.0,0-3,0
51417,2.0,Mobile Phone,1,8.0,Debit Card,,3,Mobile Phone,4,1,0,23.0,1.0,1.0,4.0,127.03,127.03,0.3333333333333333,1.0,4-7,0
51418,4.0,Mobile Phone,1,,Credit Card,2.0,3,Mobile Phone,4,2,0,17.0,1.0,1.0,0.0,125.01,125.01,0.2,1.0,0-3,0
51419,5.0,Mobile Phone,1,6.0,Debit Card,3.0,3,Laptop & Accessory,4,2,0,17.0,1.0,1.0,9.0,162.2,162.2,0.16666666666666666,1.0,8-14,0
51420,9.0,Mobile Phone,1,12.0,Debit Card,,1,Mobile Phone,1,4,0,12.0,0.0,1.0,0.0,130.38,130.38,0.1,0.0,0-3,0
51421,4.0,Mobile Phone,1,14.0,Debit Card,3.0,3,Laptop & Accessory,1,2,0,23.0,1.0,1.0,8.0,144.24,144.24,0.2,1.0,8-14,0
51422,8.0,Mobile Phone,3,6.0,E wallet,2.0,4,Laptop & Accessory,5,1,0,14.0,1.0,2.0,8.0,143.12,71.56,0.2222222222222222,0.5,8-14,0
51423,18.0,Mobile Phone,1,12.0,UPI,2.0,3,Fashion,5,5,1,14.0,1.0,,0.0,232.45,,,,0-3,0
51424,10.0,Mobile Phone,1,13.0,Credit Card,1.0,3,Fashion,3,5,0,13.0,0.0,,2.0,236.64,,,,0-3,0
51425,19.0,Mobile Phone,2,11.0,Credit Card,3.0,3,Laptop & Accessory,4,2,1,22.0,1.0,1.0,2.0,150.21,150.21,0.05,1.0,0-3,0
51426,3.0,Mobile Phone,1,6.0,Debit Card,2.0,4,Laptop & Accessory,1,2,1,12.0,1.0,3.0,0.0,151.26,50.419999999999995,0.75,0.3333333333333333,0-3,0
51427,8.0,Mobile Phone,1,6.0,Credit Card,,4,Mobile Phone,3,2,0,18.0,1.0,1.0,4.0,128.59,128.59,0.1111111111111111,1.0,4-7,0
51428,28.0,Mobile Phone,3,6.0,Debit Card,3.0,3,Fashion,1,4,0,14.0,0.0,1.0,0.0,202.39,202.39,0.034482758620689655,0.0,0-3,0
51429,11.0,Computer,1,12.0,Credit Card,3.0,5,Laptop & Accessory,1,8,1,12.0,0.0,1.0,9.0,153.29,153.29,0.08333333333333333,0.0,8-14,0
51430,7.0,Mobile Phone,1,6.0,Credit Card,3.0,3,Laptop & Accessory,4,2,0,15.0,1.0,1.0,3.0,143.25,143.25,0.125,1.0,0-3,0
51431,29.0,Mobile Phone,1,13.0,Debit Card,2.0,5,Fashion,1,5,0,11.0,0.0,1.0,2.0,172.6,172.6,0.03333333333333333,0.0,0-3,0
51432,0.0,Mobile Phone,3,,Cash on Delivery,3.0,3,Mobile Phone,5,4,0,13.0,1.0,1.0,0.0,123.22,123.22,1.0,1.0,0-3,0
51433,,Mobile Phone,1,15.0,Debit Card,3.0,3,Mobile Phone,1,4,0,23.0,1.0,1.0,3.0,120.75,120.75,,1.0,0-3,0
51434,3.0,Mobile Phone,1,8.0,Debit Card,4.0,4,Laptop & Accessory,1,2,0,19.0,3.0,10.0,8.0,141.52,14.152000000000001,2.5,0.3,8-14,0
51435,9.0,Mobile Phone,3,15.0,Credit Card,3.0,4,Fashion,1,2,0,16.0,3.0,4.0,7.0,196.19,49.0475,0.4,0.75,4-7,1
51436,13.0,Computer,1,6.0,Debit Card,3.0,4,Grocery,4,2,0,22.0,5.0,,11.0,235.03,,,,8-14,0
51437,24.0,Mobile Phone,3,27.0,E wallet,3.0,3,Laptop & Accessory,1,1,1,22.0,0.0,1.0,0.0,154.41,154.41,0.04,0.0,0-3,0
51438,3.0,Mobile Phone,3,10.0,Credit Card,3.0,4,Laptop & Accessory,4,2,1,12.0,2.0,2.0,7.0,152.09,76.045,0.5,1.0,4-7,0
51439,19.0,Computer,1,6.0,Credit Card,2.0,4,Fashion,5,3,1,13.0,4.0,9.0,5.0,206.73,22.97,0.45,0.4444444444444444,4-7,0
51440,5.0,Mobile Phone,3,12.0,Credit Card,2.0,3,Laptop & Accessory,3,2,0,16.0,5.0,5.0,7.0,150.1,30.02,0.8333333333333334,1.0,4-7,0
51441,27.0,Mobile Phone,1,8.0,Cash on Delivery,2.0,3,Fashion,3,10,0,12.0,0.0,,3.0,235.49,,,,0-3,0
51442,0.0,Mobile Phone,3,9.0,UPI,2.0,3,Laptop & Accessory,3,1,0,21.0,0.0,1.0,2.0,149.99,149.99,1.0,0.0,0-3,0
51443,1.0,Computer,3,10.0,Credit Card,2.0,3,Laptop & Accessory,3,2,0,15.0,0.0,1.0,4.0,142.21,142.21,0.5,0.0,4-7,0
51444,30.0,Mobile Phone,3,16.0,Credit Card,2.0,3,Grocery,3,1,0,13.0,0.0,,8.0,238.72000000000003,,,,8-14,0
51445,,Computer,1,29.0,Credit Card,3.0,3,Laptop & Accessory,4,5,0,12.0,0.0,1.0,2.0,120.42,120.42,,0.0,0-3,0
51446,,Mobile Phone,2,12.0,UPI,3.0,3,Mobile Phone,5,5,1,22.0,0.0,1.0,2.0,120.73,120.73,,0.0,0-3,1
51447,5.0,Mobile Phone,1,6.0,Debit Card,,3,Mobile Phone,5,2,0,13.0,0.0,1.0,0.0,129.56,129.56,0.16666666666666666,0.0,0-3,0
51448,0.0,Computer,1,12.0,Debit Card,,4,Mobile Phone,1,2,1,18.0,0.0,1.0,0.0,129.26,129.26,1.0,0.0,0-3,1
51449,7.0,Mobile Phone,1,12.0,UPI,2.0,3,Laptop & Accessory,3,2,0,14.0,0.0,2.0,10.0,148.09,74.045,0.25,0.0,8-14,0
51450,10.0,Computer,1,8.0,Debit Card,3.0,4,Laptop & Accessory,1,6,0,14.0,1.0,1.0,0.0,151.63,151.63,0.09090909090909091,1.0,0-3,0
51451,30.0,Computer,2,8.0,UPI,2.0,4,Others,1,10,0,21.0,,2.0,2.0,288.44,144.22,0.06451612903225806,,0-3,0
51452,23.0,Computer,1,6.0,Debit Card,3.0,3,Others,4,4,1,19.0,,1.0,7.0,281.72,281.72,0.041666666666666664,,4-7,0
51453,0.0,Mobile Phone,3,11.0,E wallet,2.0,4,Laptop & Accessory,3,2,1,11.0,0.0,1.0,3.0,157.44,157.44,1.0,0.0,0-3,1
51454,0.0,Mobile Phone,1,13.0,Credit Card,,4,Mobile Phone,1,2,0,11.0,0.0,2.0,1.0,128.89,64.445,2.0,0.0,0-3,0
51455,0.0,Mobile Phone,1,21.0,Credit Card,,3,Mobile Phone,1,2,0,15.0,1.0,1.0,0.0,128.71,128.71,1.0,1.0,0-3,0
51456,24.0,Computer,1,6.0,Credit Card,1.0,4,Fashion,5,4,0,20.0,4.0,12.0,8.0,174.84,14.57,0.48,0.3333333333333333,8-14,0
51458,27.0,Computer,2,32.0,UPI,1.0,1,Grocery,1,3,1,12.0,,4.0,4.0,273.28,68.32,0.14285714285714285,,4-7,0
51459,0.0,Mobile Phone,1,24.0,Debit Card,,3,Mobile Phone,3,1,0,12.0,0.0,1.0,2.0,127.74,127.74,1.0,0.0,0-3,0
51460,7.0,Mobile Phone,1,12.0,Debit Card,2.0,4,Laptop & Accessory,4,7,0,15.0,1.0,1.0,0.0,145.05,145.05,0.125,1.0,0-3,0
51461,10.0,Mobile Phone,3,9.0,Debit Card,2.0,3,Fashion,1,3,0,12.0,0.0,1.0,3.0,174.28,174.28,0.09090909090909091,0.0,0-3,0
51462,7.0,Mobile Phone,1,11.0,Credit Card,2.0,4,Fashion,5,3,0,12.0,2.0,5.0,,216.31,43.262,0.625,0.4,,0
51463,9.0,Computer,3,17.0,Cash on Delivery,3.0,3,Fashion,1,1,0,14.0,0.0,2.0,8.0,197.38,98.69,0.2,0.0,8-14,0
51464,9.0,Mobile Phone,1,9.0,Debit Card,,3,Mobile Phone,1,6,0,22.0,0.0,1.0,0.0,128.35,128.35,0.1,0.0,0-3,0
51465,16.0,Computer,3,32.0,Debit Card,3.0,3,Grocery,1,2,1,12.0,,4.0,12.0,269.59,67.3975,0.23529411764705882,,8-14,0
51466,3.0,Computer,1,,Debit Card,3.0,5,Mobile Phone,3,2,0,25.0,0.0,1.0,9.0,126.13,126.13,0.25,0.0,8-14,0
51467,6.0,Computer,3,28.0,E wallet,3.0,3,Laptop & Accessory,4,1,0,13.0,0.0,1.0,7.0,161.46,161.46,0.14285714285714285,0.0,4-7,0
51468,19.0,Mobile Phone,1,20.0,Debit Card,3.0,3,Mobile Phone,4,10,1,18.0,3.0,4.0,3.0,149.63,37.4075,0.2,0.75,0-3,1
51469,24.0,Mobile Phone,1,12.0,Debit Card,2.0,3,Others,3,8,0,,8.0,15.0,15.0,295.37,19.691333333333333,0.6,0.5333333333333333,15+,0
51470,0.0,Mobile Phone,3,12.0,Debit Card,3.0,5,Laptop & Accessory,3,5,1,18.0,0.0,7.0,7.0,161.72,23.102857142857143,7.0,0.0,4-7,1
51471,0.0,Mobile Phone,1,,UPI,2.0,4,Mobile Phone,4,2,0,19.0,2.0,4.0,3.0,123.68,30.92,4.0,0.5,0-3,0
51472,20.0,Mobile Phone,1,29.0,Credit Card,3.0,3,Fashion,1,2,0,12.0,7.0,15.0,6.0,203.12,13.541333333333334,0.7142857142857143,0.4666666666666667,4-7,1
51473,,Mobile Phone,3,28.0,E wallet,2.0,3,Mobile Phone,3,2,1,19.0,1.0,1.0,0.0,116.75,116.75,,1.0,0-3,1
51474,0.0,Mobile Phone,1,,Cash on Delivery,3.0,3,Mobile Phone,1,1,0,14.0,2.0,2.0,1.0,125.23,62.615,2.0,1.0,0-3,0
51475,22.0,Mobile Phone,1,26.0,Credit Card,3.0,3,Laptop & Accessory,5,2,0,14.0,5.0,5.0,11.0,165.67,33.134,0.21739130434782608,1.0,8-14,0
51476,16.0,Computer,1,34.0,Credit Card,3.0,1,Mobile Phone,3,5,0,12.0,0.0,1.0,2.0,147.39,147.39,0.058823529411764705,0.0,0-3,0
51477,23.0,Computer,3,18.0,E wallet,3.0,3,Fashion,1,5,0,11.0,1.0,2.0,1.0,192.08,96.04,0.08333333333333333,0.5,0-3,0
51478,0.0,Mobile Phone,3,26.0,Debit Card,3.0,5,Laptop & Accessory,3,4,1,11.0,0.0,2.0,2.0,145.59,72.795,2.0,0.0,0-3,1
51479,14.0,Mobile Phone,3,15.0,Debit Card,3.0,3,Fashion,3,4,1,13.0,0.0,1.0,7.0,181.89,181.89,0.06666666666666667,0.0,4-7,0
51480,0.0,Mobile Phone,2,31.0,Debit Card,,3,Mobile Phone,3,2,0,23.0,2.0,5.0,7.0,129.42,25.883999999999997,5.0,0.4,4-7,0
51481,9.0,Mobile Phone,1,12.0,Credit Card,2.0,3,Laptop & Accessory,4,7,0,20.0,0.0,1.0,1.0,149.41,149.41,0.1,0.0,0-3,0
51482,14.0,Computer,1,14.0,Debit Card,2.0,5,Fashion,1,3,0,15.0,1.0,1.0,3.0,206.5,206.5,0.06666666666666667,1.0,0-3,1
51483,12.0,Mobile Phone,3,10.0,Debit Card,2.0,4,Laptop & Accessory,3,5,0,14.0,5.0,5.0,9.0,159.02,31.804000000000002,0.38461538461538464,1.0,8-14,0
51484,0.0,Mobile Phone,3,34.0,Debit Card,2.0,4,Laptop & Accessory,3,3,0,18.0,1.0,2.0,2.0,186.39,93.195,2.0,0.5,0-3,0
51485,3.0,Mobile Phone,2,15.0,UPI,2.0,3,Laptop & Accessory,1,1,1,19.0,4.0,4.0,7.0,163.47,40.8675,1.0,1.0,4-7,0
51487,18.0,Mobile Phone,1,35.0,Credit Card,2.0,3,Mobile Phone,1,6,0,13.0,1.0,1.0,3.0,134.52,134.52,0.05263157894736842,1.0,0-3,0
51488,11.0,Mobile Phone,1,9.0,Cash on Delivery,2.0,3,Laptop & Accessory,3,4,1,20.0,2.0,2.0,2.0,143.17,71.585,0.16666666666666666,1.0,0-3,0
51489,3.0,Mobile Phone,1,,Debit Card,3.0,3,Mobile Phone,3,2,0,14.0,1.0,1.0,4.0,126.32,126.32,0.25,1.0,4-7,0
51490,5.0,Computer,3,15.0,Credit Card,2.0,5,Laptop & Accessory,1,1,0,17.0,0.0,1.0,7.0,146.68,146.68,0.16666666666666666,0.0,4-7,0
51491,3.0,Mobile Phone,1,11.0,Cash on Delivery,2.0,3,Mobile Phone,5,6,0,14.0,0.0,2.0,30.0,132.04,66.02,0.5,0.0,15+,0
51492,3.0,Mobile Phone,1,8.0,Credit Card,,4,Mobile Phone,1,1,0,13.0,0.0,1.0,2.0,127.2,127.2,0.25,0.0,0-3,0
51493,14.0,Computer,1,16.0,Debit Card,3.0,4,Grocery,5,5,0,13.0,,7.0,7.0,271.81,38.83,0.4666666666666667,,4-7,0
51494,,Mobile Phone,1,15.0,Debit Card,3.0,3,Mobile Phone,5,3,0,21.0,0.0,1.0,4.0,122.38,122.38,,0.0,4-7,0
51495,,Mobile Phone,1,9.0,Credit Card,3.0,3,Mobile Phone,4,2,0,14.0,1.0,1.0,0.0,114.83,114.83,,1.0,0-3,0
51496,13.0,Computer,1,32.0,Credit Card,2.0,3,Laptop & Accessory,4,2,0,11.0,0.0,2.0,13.0,156.05,78.025,0.14285714285714285,0.0,8-14,0
51497,8.0,Mobile Phone,3,6.0,E wallet,3.0,3,Fashion,4,2,0,13.0,0.0,1.0,6.0,172.95,172.95,0.1111111111111111,0.0,4-7,0
51498,,Mobile Phone,3,12.0,E wallet,2.0,3,Laptop & Accessory,3,3,1,20.0,0.0,4.0,5.0,123.06,30.765,,0.0,4-7,0
51500,5.0,Computer,3,14.0,E wallet,2.0,3,Fashion,1,2,0,14.0,2.0,3.0,7.0,189.98,63.32666666666666,0.5,0.6666666666666666,4-7,0
51501,2.0,Computer,1,6.0,Cash on Delivery,2.0,3,Laptop & Accessory,3,2,0,13.0,0.0,1.0,9.0,143.19,143.19,0.3333333333333333,0.0,8-14,0
51502,24.0,Mobile Phone,1,13.0,Credit Card,2.0,4,Laptop & Accessory,3,3,0,17.0,1.0,1.0,0.0,161.32,161.32,0.04,1.0,0-3,0
51503,30.0,Mobile Phone,1,15.0,Credit Card,3.0,4,Mobile Phone,4,5,1,20.0,1.0,1.0,0.0,133.46,133.46,0.03225806451612903,1.0,0-3,0
51504,13.0,Mobile Phone,3,10.0,E wallet,3.0,4,Fashion,1,8,0,11.0,1.0,2.0,11.0,208.55,104.275,0.14285714285714285,0.5,8-14,0
51505,,Computer,3,8.0,E wallet,3.0,3,Mobile Phone,3,7,0,18.0,0.0,1.0,2.0,122.31,122.31,,0.0,0-3,0
51506,0.0,Mobile Phone,1,,Credit Card,3.0,3,Mobile Phone,1,2,0,24.0,2.0,2.0,2.0,123.23,61.615,2.0,1.0,0-3,0
51507,,Computer,1,15.0,Credit Card,2.0,3,Mobile Phone,4,7,0,18.0,2.0,2.0,2.0,120.24,60.12,,1.0,0-3,0
51508,1.0,Mobile Phone,1,27.0,Credit Card,,3,Mobile Phone,1,2,0,11.0,0.0,1.0,2.0,127.13,127.13,0.5,0.0,0-3,0
51509,30.0,Mobile Phone,1,30.0,Debit Card,2.0,1,Fashion,1,4,1,16.0,1.0,1.0,4.0,194.39,194.39,0.03225806451612903,1.0,4-7,0
51511,23.0,Mobile Phone,1,17.0,Debit Card,2.0,3,Others,4,4,0,,0.0,4.0,4.0,299.26,74.815,0.16666666666666666,0.0,4-7,0
51513,3.0,Mobile Phone,3,11.0,Debit Card,2.0,3,Fashion,1,3,0,12.0,1.0,7.0,4.0,194.19,27.74142857142857,1.75,0.14285714285714285,4-7,0
51514,11.0,Mobile Phone,3,6.0,Debit Card,2.0,4,Laptop & Accessory,1,5,0,22.0,0.0,1.0,7.0,186.86,186.86,0.08333333333333333,0.0,4-7,0
51516,0.0,Mobile Phone,1,23.0,Cash on Delivery,,3,Mobile Phone,4,1,1,16.0,0.0,1.0,1.0,130.58,130.58,1.0,0.0,0-3,0
51518,,Computer,1,9.0,Credit Card,1.0,3,Mobile Phone,4,5,0,12.0,2.0,7.0,2.0,120.88,17.268571428571427,,0.2857142857142857,0-3,0
51519,3.0,Computer,1,15.0,Credit Card,,3,Laptop & Accessory,5,2,0,11.0,5.0,6.0,10.0,130.72,21.786666666666665,1.5,0.8333333333333334,8-14,0
51521,29.0,Mobile Phone,1,14.0,Debit Card,3.0,3,Mobile Phone,5,5,1,18.0,2.0,2.0,2.0,142.57,71.285,0.06666666666666667,1.0,0-3,0
51522,6.0,Mobile Phone,1,,Debit Card,2.0,3,Mobile Phone,1,1,0,14.0,1.0,1.0,2.0,125.0,125.0,0.14285714285714285,1.0,0-3,0
51523,0.0,Mobile Phone,1,8.0,Debit Card,2.0,4,Mobile Phone,1,2,0,22.0,1.0,1.0,0.0,111.02,111.02,1.0,1.0,0-3,1
51524,19.0,Mobile Phone,3,6.0,E wallet,3.0,3,Fashion,5,2,0,25.0,8.0,15.0,7.0,204.53,13.635333333333334,0.75,0.5333333333333333,4-7,0
51525,,Mobile Phone,1,15.0,Debit Card,3.0,3,Mobile Phone,1,2,0,12.0,1.0,2.0,1.0,122.88,61.44,,0.5,0-3,0
51526,4.0,Mobile Phone,1,18.0,Credit Card,3.0,3,Mobile Phone,1,9,1,23.0,1.0,1.0,2.0,139.29,139.29,0.2,1.0,0-3,0
51527,,Mobile Phone,1,33.0,Credit Card,3.0,3,Mobile Phone,4,3,0,15.0,0.0,1.0,2.0,123.11,123.11,,0.0,0-3,0
51529,23.0,Mobile Phone,1,6.0,Credit Card,2.0,4,Mobile Phone,3,3,0,15.0,1.0,1.0,2.0,136.9,136.9,0.041666666666666664,1.0,0-3,0
51530,26.0,Mobile Phone,1,19.0,Credit Card,2.0,1,Laptop & Accessory,5,2,0,11.0,1.0,1.0,3.0,144.5,144.5,0.037037037037037035,1.0,0-3,0
51531,6.0,Mobile Phone,1,20.0,Credit Card,,3,Mobile Phone,4,2,0,13.0,1.0,1.0,6.0,127.56,127.56,0.14285714285714285,1.0,4-7,0
51532,13.0,Mobile Phone,1,10.0,Credit Card,2.0,3,Others,3,2,0,14.0,,9.0,9.0,290.33,32.25888888888889,0.6428571428571429,,8-14,0
51533,28.0,Mobile Phone,1,20.0,Credit Card,3.0,1,Others,4,9,0,11.0,,2.0,15.0,287.22,143.61,0.06896551724137931,,15+,0
51534,7.0,Computer,1,8.0,Debit Card,2.0,4,Laptop & Accessory,3,2,0,17.0,0.0,1.0,9.0,195.47,195.47,0.125,0.0,8-14,0
51535,24.0,Mobile Phone,1,9.0,Credit Card,3.0,3,Grocery,4,4,0,18.0,1.0,,0.0,237.34,,,,0-3,0
51536,25.0,Mobile Phone,1,6.0,Debit Card,3.0,4,Others,3,1,0,,7.0,11.0,9.0,299.99,27.271818181818183,0.4230769230769231,0.6363636363636364,8-14,0
51537,,Mobile Phone,1,15.0,Credit Card,4.0,3,Mobile Phone,4,2,0,16.0,0.0,1.0,3.0,122.79,122.79,,0.0,0-3,0
51538,0.0,Mobile Phone,1,29.0,Debit Card,2.0,4,Laptop & Accessory,3,4,1,13.0,1.0,1.0,1.0,159.16,159.16,1.0,1.0,0-3,1
51539,,Computer,1,13.0,Credit Card,2.0,1,Mobile Phone,1,5,0,14.0,1.0,2.0,2.0,120.89,60.445,,0.5,0-3,0
51540,18.0,Computer,1,8.0,Credit Card,3.0,4,Grocery,1,10,0,23.0,,11.0,8.0,267.92,24.35636363636364,0.5789473684210527,,8-14,0
51541,10.0,Mobile Phone,1,27.0,Debit Card,3.0,1,Mobile Phone,5,2,1,12.0,1.0,1.0,7.0,135.64,135.64,0.09090909090909091,1.0,4-7,0
51542,8.0,Computer,1,8.0,Credit Card,2.0,3,Laptop & Accessory,4,6,0,11.0,0.0,1.0,2.0,144.25,144.25,0.1111111111111111,0.0,0-3,0
51544,11.0,Mobile Phone,1,8.0,Debit Card,2.0,3,Laptop & Accessory,3,10,0,14.0,1.0,1.0,0.0,165.53,165.53,0.08333333333333333,1.0,0-3,0
51545,11.0,Mobile Phone,1,35.0,Cash on Delivery,2.0,3,Laptop & Accessory,1,4,0,18.0,0.0,1.0,7.0,162.61,162.61,0.08333333333333333,0.0,4-7,0
51546,0.0,Computer,1,6.0,Cash on Delivery,2.0,4,Laptop & Accessory,5,6,0,19.0,2.0,2.0,0.0,142.98,71.49,2.0,1.0,0-3,0
51547,22.0,Computer,1,24.0,Debit Card,3.0,3,Laptop & Accessory,1,2,1,15.0,0.0,1.0,7.0,168.04,168.04,0.043478260869565216,0.0,4-7,0
51549,13.0,Mobile Phone,1,25.0,Credit Card,,3,Laptop & Accessory,1,9,1,15.0,3.0,3.0,7.0,127.41,42.47,0.21428571428571427,1.0,4-7,0
51550,1.0,Mobile Phone,1,35.0,Credit Card,3.0,3,Laptop & Accessory,5,8,1,19.0,1.0,1.0,0.0,166.73,166.73,0.5,1.0,0-3,1
51551,0.0,Mobile Phone,3,33.0,E wallet,2.0,3,Fashion,1,2,0,22.0,0.0,1.0,9.0,176.39,176.39,1.0,0.0,8-14,1
51552,0.0,Mobile Phone,1,,Debit Card,2.0,1,Mobile Phone,4,2,1,16.0,2.0,2.0,2.0,123.28,61.64,2.0,1.0,0-3,0
51553,,Computer,1,24.0,Credit Card,3.0,3,Mobile Phone,1,2,0,13.0,0.0,1.0,7.0,121.53,121.53,,0.0,4-7,0
51554,13.0,Computer,1,15.0,Debit Card,3.0,4,Laptop & Accessory,1,10,0,14.0,0.0,1.0,2.0,148.76,148.76,0.07142857142857142,0.0,0-3,0
51556,0.0,Mobile Phone,3,10.0,Credit Card,2.0,5,Fashion,1,2,0,11.0,6.0,9.0,8.0,204.0,22.666666666666668,9.0,0.6666666666666666,8-14,1
51557,3.0,Computer,1,6.0,Debit Card,2.0,4,Fashion,3,2,0,22.0,4.0,5.0,8.0,184.74,36.948,1.25,0.8,8-14,0
51559,24.0,Mobile Phone,1,14.0,Debit Card,2.0,4,Fashion,4,6,0,16.0,2.0,4.0,,224.9,56.225,0.16,0.5,,0
51560,0.0,Mobile Phone,1,,Cash on Delivery,2.0,3,Mobile Phone,5,6,1,11.0,0.0,1.0,4.0,126.57,126.57,1.0,0.0,4-7,1
51561,14.0,Mobile Phone,3,12.0,Debit Card,3.0,3,Fashion,1,4,1,18.0,0.0,,0.0,235.91000000000005,,,,0-3,0
51562,0.0,Computer,3,32.0,E wallet,2.0,4,Laptop & Accessory,5,6,0,15.0,1.0,1.0,1.0,166.96,166.96,1.0,1.0,0-3,1
51564,18.0,Computer,3,12.0,Credit Card,2.0,4,Fashion,1,7,0,12.0,5.0,12.0,8.0,188.65,15.720833333333333,0.631578947368421,0.4166666666666667,8-14,0
51565,27.0,Mobile Phone,3,9.0,E wallet,2.0,3,Laptop & Accessory,5,3,0,14.0,1.0,1.0,5.0,159.4,159.4,0.03571428571428571,1.0,4-7,0
51566,9.0,Mobile Phone,1,11.0,Debit Card,3.0,3,Laptop & Accessory,4,9,0,16.0,2.0,3.0,7.0,159.14,53.04666666666666,0.3,0.6666666666666666,4-7,0
51567,6.0,Mobile Phone,1,,Credit Card,2.0,4,Mobile Phone,4,7,0,21.0,0.0,1.0,1.0,126.22,126.22,0.14285714285714285,0.0,0-3,0
51568,10.0,Computer,1,17.0,UPI,2.0,3,Fashion,1,2,1,14.0,1.0,1.0,,221.85,221.85,0.09090909090909091,1.0,,0
51570,4.0,Computer,1,6.0,Credit Card,2.0,5,Laptop & Accessory,3,1,0,12.0,0.0,1.0,4.0,143.45,143.45,0.2,0.0,4-7,0
51571,,Mobile Phone,1,9.0,Debit Card,3.0,4,Mobile Phone,1,4,0,17.0,0.0,1.0,0.0,121.77,121.77,,0.0,0-3,0
51572,10.0,Computer,3,10.0,E wallet,,3,Mobile Phone,1,5,0,17.0,3.0,5.0,8.0,127.93,25.586000000000002,0.45454545454545453,0.6,8-14,0
51573,2.0,Computer,3,6.0,Credit Card,2.0,3,Fashion,1,2,0,14.0,4.0,4.0,1.0,179.18,44.795,1.3333333333333333,1.0,0-3,0
51575,0.0,Mobile Phone,1,,Credit Card,2.0,4,Mobile Phone,1,2,1,13.0,0.0,1.0,1.0,123.89,123.89,1.0,0.0,0-3,1
51576,25.0,Mobile Phone,1,8.0,Debit Card,2.0,4,Mobile Phone,1,8,0,15.0,2.0,2.0,2.0,132.12,66.06,0.07692307692307693,1.0,0-3,0
51577,15.0,Mobile Phone,1,10.0,Cash on Delivery,2.0,3,Others,1,2,0,,0.0,11.0,15.0,292.32,26.574545454545454,0.6875,0.0,15+,0
51578,,Mobile Phone,2,12.0,Credit Card,2.0,3,Mobile Phone,3,9,0,17.0,0.0,2.0,2.0,122.67,61.335,,0.0,0-3,0
51579,23.0,Mobile Phone,3,6.0,Credit Card,3.0,3,Others,1,4,0,,1.0,1.0,6.0,295.17,295.17,0.041666666666666664,1.0,4-7,0
51580,0.0,Mobile Phone,1,,Credit Card,2.0,3,Mobile Phone,1,6,1,13.0,1.0,1.0,4.0,124.36,124.36,1.0,1.0,4-7,1
51581,16.0,Mobile Phone,3,22.0,E wallet,3.0,3,Grocery,1,6,1,22.0,0.0,,9.0,260.64,,,,8-14,0
51582,0.0,Mobile Phone,1,8.0,Debit Card,,3,Mobile Phone,5,8,0,20.0,1.0,1.0,7.0,127.07,127.07,1.0,1.0,4-7,1
51584,5.0,Mobile Phone,3,10.0,Debit Card,2.0,3,Mobile Phone,4,3,0,11.0,1.0,1.0,2.0,139.31,139.31,0.16666666666666666,1.0,0-3,0
51585,0.0,Mobile Phone,1,6.0,Debit Card,3.0,4,Mobile Phone,3,1,1,14.0,0.0,1.0,2.0,137.3,137.3,1.0,0.0,0-3,1
51586,,Mobile Phone,1,6.0,Credit Card,3.0,3,Mobile Phone,3,8,0,14.0,1.0,1.0,2.0,122.32,122.32,,1.0,0-3,0
51587,5.0,Computer,3,32.0,E wallet,3.0,3,Laptop & Accessory,1,1,0,18.0,2.0,2.0,2.0,144.65,72.325,0.3333333333333333,1.0,0-3,0
51588,14.0,Mobile Phone,1,25.0,Debit Card,,3,Laptop & Accessory,5,3,0,16.0,0.0,1.0,0.0,130.72,130.72,0.06666666666666667,0.0,0-3,0
51589,13.0,Mobile Phone,1,30.0,Cash on Delivery,3.0,3,Laptop & Accessory,1,2,0,17.0,2.0,4.0,7.0,133.19,33.2975,0.2857142857142857,0.5,4-7,0
51590,18.0,Mobile Phone,1,6.0,UPI,3.0,1,Others,1,1,0,,1.0,1.0,7.0,292.02,292.02,0.05263157894736842,1.0,4-7,0
51591,4.0,Computer,1,9.0,Credit Card,3.0,3,Fashion,3,10,0,12.0,2.0,,2.0,236.75,,,,0-3,0
51592,6.0,Mobile Phone,1,11.0,Debit Card,,4,Mobile Phone,1,2,0,13.0,0.0,1.0,2.0,129.11,129.11,0.14285714285714285,0.0,0-3,0
51593,7.0,Mobile Phone,1,8.0,Debit Card,2.0,4,Laptop & Accessory,5,7,0,13.0,0.0,5.0,9.0,159.57,31.913999999999998,0.625,0.0,8-14,0
51594,10.0,Mobile Phone,1,6.0,Credit Card,2.0,4,Mobile Phone,5,3,0,14.0,0.0,1.0,2.0,139.2,139.2,0.09090909090909091,0.0,0-3,0
51595,18.0,Computer,1,13.0,Debit Card,3.0,1,Laptop & Accessory,3,5,0,17.0,1.0,1.0,2.0,164.34,164.34,0.05263157894736842,1.0,0-3,0
51596,0.0,Computer,1,16.0,Credit Card,3.0,3,Fashion,3,7,0,11.0,0.0,1.0,0.0,200.48,200.48,1.0,0.0,0-3,1
51597,12.0,Computer,1,8.0,Cash on Delivery,3.0,3,Fashion,3,1,0,25.0,6.0,11.0,,209.38,19.034545454545455,0.8461538461538461,0.5454545454545454,,0
51598,2.0,Mobile Phone,1,,Debit Card,2.0,3,Mobile Phone,1,2,0,19.0,1.0,1.0,5.0,123.4,123.4,0.3333333333333333,1.0,4-7,0
51599,15.0,Mobile Phone,1,23.0,Debit Card,2.0,1,Laptop & Accessory,5,4,1,13.0,1.0,1.0,2.0,165.45,165.45,0.0625,1.0,0-3,0
51600,2.0,Mobile Phone,3,26.0,E wallet,2.0,3,Laptop & Accessory,1,3,0,14.0,1.0,1.0,2.0,169.31,169.31,0.3333333333333333,1.0,0-3,0
51601,0.0,Mobile Phone,1,6.0,Debit Card,3.0,3,Laptop & Accessory,3,1,0,12.0,1.0,1.0,2.0,148.98,148.98,1.0,1.0,0-3,0
51602,15.0,Mobile Phone,1,,Credit Card,2.0,4,Mobile Phone,5,1,1,11.0,7.0,7.0,8.0,125.93,17.990000000000002,0.4375,1.0,8-14,0
51603,13.0,Mobile Phone,1,8.0,Credit Card,2.0,3,Others,3,1,0,,3.0,3.0,9.0,294.36,98.12,0.21428571428571427,1.0,8-14,0
51604,24.0,Mobile Phone,1,6.0,Debit Card,,3,Mobile Phone,1,2,0,11.0,1.0,1.0,0.0,127.23,127.23,0.04,1.0,0-3,0
51605,0.0,Computer,1,35.0,Credit Card,3.0,4,Mobile Phone,4,1,0,11.0,0.0,1.0,4.0,134.79,134.79,1.0,0.0,4-7,1
51606,5.0,Computer,1,13.0,Debit Card,,1,Mobile Phone,4,2,0,20.0,0.0,1.0,3.0,127.94,127.94,0.16666666666666666,0.0,0-3,0
51607,11.0,Computer,3,8.0,Debit Card,2.0,4,Laptop & Accessory,1,4,0,18.0,1.0,7.0,5.0,152.49,21.784285714285716,0.5833333333333334,0.14285714285714285,4-7,0
51609,19.0,Mobile Phone,3,8.0,Cash on Delivery,3.0,5,Grocery,4,4,1,12.0,,7.0,7.0,268.72,38.38857142857143,0.35,,4-7,0
51610,0.0,Mobile Phone,1,8.0,Debit Card,3.0,3,Mobile Phone,3,3,0,11.0,0.0,1.0,0.0,134.85,134.85,1.0,0.0,0-3,1
51611,2.0,Mobile Phone,3,8.0,Credit Card,3.0,4,Laptop & Accessory,4,3,0,19.0,1.0,1.0,0.0,166.44,166.44,0.3333333333333333,1.0,0-3,0
51612,4.0,Mobile Phone,1,29.0,Credit Card,3.0,4,Laptop & Accessory,1,1,0,21.0,0.0,7.0,8.0,155.82,22.259999999999998,1.4,0.0,8-14,0
51613,0.0,Computer,1,11.0,Debit Card,2.0,1,Laptop & Accessory,5,2,0,12.0,1.0,1.0,5.0,140.0,140.0,1.0,1.0,4-7,0
51614,18.0,Mobile Phone,1,26.0,Credit Card,3.0,3,Grocery,1,1,1,14.0,2.0,,10.0,234.96,,,,8-14,0
51615,9.0,Mobile Phone,1,12.0,Debit Card,2.0,3,Mobile Phone,1,1,0,11.0,1.0,10.0,11.0,132.1,13.209999999999999,1.0,0.1,8-14,0
51617,10.0,Computer,1,35.0,Debit Card,2.0,3,Fashion,4,2,1,12.0,4.0,9.0,,218.49,24.276666666666667,0.8181818181818182,0.4444444444444444,,1
51618,,Mobile Phone,1,15.0,Credit Card,3.0,3,Mobile Phone,1,2,0,23.0,1.0,1.0,4.0,120.7,120.7,,1.0,4-7,0
51619,10.0,Mobile Phone,3,12.0,Credit Card,3.0,3,Laptop & Accessory,1,5,0,14.0,1.0,1.0,1.0,165.02,165.02,0.09090909090909091,1.0,0-3,0
51621,10.0,Computer,1,6.0,Credit Card,3.0,3,Fashion,1,3,1,18.0,0.0,,2.0,236.03,,,,0-3,0
51622,8.0,Mobile Phone,1,28.0,Debit Card,3.0,1,Fashion,4,8,0,18.0,5.0,6.0,,219.96,36.660000000000004,0.6666666666666666,0.8333333333333334,,0
51623,11.0,Mobile Phone,3,13.0,Credit Card,2.0,1,Laptop & Accessory,5,2,1,24.0,4.0,7.0,7.0,156.05,22.292857142857144,0.5833333333333334,0.5714285714285714,4-7,0
51624,0.0,Computer,1,6.0,Debit Card,2.0,3,Laptop & Accessory,4,2,0,20.0,1.0,1.0,4.0,163.97,163.97,1.0,1.0,4-7,0
51626,26.0,Mobile Phone,1,9.0,Credit Card,2.0,3,Grocery,3,4,1,16.0,,1.0,3.0,275.84,275.84,0.037037037037037035,,0-3,0
51627,15.0,Mobile Phone,3,6.0,Debit Card,1.0,3,Laptop & Accessory,3,2,0,25.0,6.0,11.0,6.0,149.07,13.55181818181818,0.6875,0.5454545454545454,4-7,0
51628,2.0,Computer,3,8.0,Debit Card,2.0,3,Laptop & Accessory,1,2,0,18.0,0.0,1.0,9.0,145.54,145.54,0.3333333333333333,0.0,8-14,0
51629,28.0,Mobile Phone,1,26.0,Cash on Delivery,2.0,3,Laptop & Accessory,1,4,1,19.0,0.0,1.0,8.0,154.15,154.15,0.034482758620689655,0.0,8-14,0
51630,0.0,Computer,1,17.0,Credit Card,2.0,3,Laptop & Accessory,5,2,1,13.0,1.0,3.0,3.0,147.41,49.13666666666666,3.0,0.3333333333333333,0-3,0
51631,,Mobile Phone,1,6.0,Debit Card,2.0,3,Mobile Phone,1,2,0,12.0,1.0,5.0,7.0,121.15,24.23,,0.2,4-7,0
51633,11.0,Mobile Phone,1,29.0,Debit Card,2.0,3,Laptop & Accessory,1,10,0,14.0,0.0,1.0,2.0,157.45,157.45,0.08333333333333333,0.0,0-3,0
51635,1.0,Mobile Phone,1,14.0,Debit Card,3.0,3,Mobile Phone,1,2,0,21.0,1.0,1.0,2.0,133.1,133.1,0.5,1.0,0-3,0
51637,9.0,Mobile Phone,1,9.0,Cash on Delivery,1.0,3,Laptop & Accessory,4,5,0,12.0,2.0,7.0,7.0,144.85,20.692857142857143,0.7,0.2857142857142857,4-7,0
51639,0.0,Mobile Phone,3,10.0,E wallet,2.0,4,Laptop & Accessory,1,2,1,12.0,4.0,7.0,4.0,158.28,22.611428571428572,7.0,0.5714285714285714,4-7,1
51640,10.0,Computer,1,,Credit Card,2.0,3,Mobile Phone,1,2,1,12.0,0.0,1.0,2.0,123.26,123.26,0.09090909090909091,0.0,0-3,0
51641,15.0,Computer,3,32.0,E wallet,3.0,3,Grocery,4,6,0,14.0,3.0,,8.0,235.25,,,,8-14,0
51642,,Mobile Phone,1,9.0,Debit Card,2.0,3,Mobile Phone,3,2,0,13.0,1.0,1.0,0.0,114.2,114.2,,1.0,0-3,1
51643,8.0,Mobile Phone,3,22.0,E wallet,3.0,3,Fashion,4,1,0,15.0,3.0,6.0,9.0,180.2,30.03333333333333,0.6666666666666666,0.5,8-14,0
51644,9.0,Computer,1,24.0,Debit Card,2.0,1,Mobile Phone,1,5,0,18.0,1.0,1.0,0.0,136.88,136.88,0.1,1.0,0-3,0
51647,,Mobile Phone,3,16.0,Credit Card,3.0,4,Mobile Phone,3,2,0,12.0,0.0,1.0,0.0,112.0,112.0,,0.0,0-3,0
51648,1.0,Mobile Phone,1,22.0,Credit Card,3.0,1,Laptop & Accessory,5,1,0,19.0,0.0,1.0,7.0,156.61,156.61,0.5,0.0,4-7,0
51649,4.0,Mobile Phone,3,13.0,Cash on Delivery,3.0,1,Laptop & Accessory,1,5,0,11.0,3.0,7.0,7.0,169.29,24.184285714285714,1.4,0.42857142857142855,4-7,0
51650,12.0,Mobile Phone,1,6.0,Credit Card,2.0,1,Fashion,1,1,0,17.0,1.0,3.0,7.0,196.13,65.37666666666667,0.23076923076923078,0.3333333333333333,4-7,0
51651,9.0,Computer,1,30.0,Debit Card,2.0,3,Laptop & Accessory,4,8,0,15.0,1.0,1.0,8.0,156.74,156.74,0.1,1.0,8-14,0
51652,5.0,Mobile Phone,3,13.0,Debit Card,3.0,4,Laptop & Accessory,3,2,0,14.0,3.0,4.0,8.0,154.84,38.71,0.6666666666666666,0.75,8-14,0
51653,11.0,Mobile Phone,1,31.0,Debit Card,2.0,4,Fashion,4,4,0,17.0,0.0,1.0,,220.61,220.61,0.08333333333333333,0.0,,0
51655,4.0,Mobile Phone,1,11.0,Cash on Delivery,2.0,3,Mobile Phone,1,1,1,12.0,1.0,1.0,3.0,148.21,148.21,0.2,1.0,0-3,0
51656,4.0,Mobile Phone,2,8.0,UPI,3.0,4,Laptop & Accessory,5,4,0,12.0,0.0,1.0,0.0,164.1,164.1,0.2,0.0,0-3,0
51657,18.0,Computer,1,13.0,Debit Card,3.0,3,Fashion,5,2,0,18.0,2.0,9.0,11.0,152.1,16.9,0.47368421052631576,0.2222222222222222,8-14,0
51658,4.0,Mobile Phone,1,8.0,Debit Card,,3,Mobile Phone,1,1,1,18.0,2.0,2.0,2.0,126.95,63.475,0.4,1.0,0-3,0
51659,6.0,Computer,1,11.0,Debit Card,3.0,3,Fashion,4,7,0,11.0,7.0,8.0,,218.78,27.3475,1.1428571428571428,0.875,,0
51660,0.0,Mobile Phone,1,16.0,Credit Card,3.0,3,Grocery,5,2,1,14.0,,11.0,10.0,270.68,24.60727272727273,11.0,,8-14,0
51661,16.0,Computer,1,,Debit Card,2.0,3,Mobile Phone,1,1,0,19.0,0.0,1.0,7.0,124.55,124.55,0.058823529411764705,0.0,4-7,0
51662,22.0,Mobile Phone,1,6.0,Cash on Delivery,2.0,4,Grocery,3,8,1,12.0,0.0,,7.0,239.64,,,,4-7,0
51663,15.0,Mobile Phone,1,14.0,Credit Card,2.0,4,Laptop & Accessory,4,3,0,15.0,7.0,7.0,7.0,149.41,21.344285714285714,0.4375,1.0,4-7,1
51665,5.0,Mobile Phone,3,14.0,Cash on Delivery,3.0,4,Laptop & Accessory,4,2,1,11.0,11.0,11.0,9.0,152.28,13.843636363636364,1.8333333333333333,1.0,8-14,0
51666,0.0,Mobile Phone,3,8.0,Debit Card,3.0,3,Laptop & Accessory,3,2,1,11.0,0.0,1.0,4.0,144.78,144.78,1.0,0.0,4-7,0
51667,4.0,Mobile Phone,3,13.0,E wallet,3.0,3,Laptop & Accessory,1,5,0,12.0,0.0,1.0,7.0,175.47,175.47,0.2,0.0,4-7,0
51668,5.0,Mobile Phone,1,8.0,Credit Card,3.0,1,Laptop & Accessory,1,8,0,16.0,0.0,1.0,7.0,150.55,150.55,0.16666666666666666,0.0,4-7,0
51669,0.0,Mobile Phone,1,8.0,Credit Card,2.0,5,Mobile Phone,1,6,1,13.0,1.0,2.0,2.0,134.64,67.32,2.0,0.5,0-3,1
51670,3.0,Mobile Phone,1,34.0,Credit Card,3.0,3,Laptop & Accessory,1,2,0,13.0,1.0,1.0,9.0,157.75,157.75,0.25,1.0,8-14,0
51671,4.0,Computer,1,13.0,Debit Card,2.0,4,Fashion,3,2,0,24.0,7.0,8.0,9.0,189.43,23.67875,1.6,0.875,8-14,0
51672,12.0,Computer,1,13.0,Credit Card,2.0,4,Others,1,2,0,,6.0,13.0,3.0,292.72,22.516923076923078,1.0,0.46153846153846156,0-3,0
51673,2.0,Mobile Phone,3,9.0,Credit Card,2.0,3,Laptop & Accessory,3,5,1,18.0,1.0,1.0,0.0,152.38,152.38,0.3333333333333333,1.0,0-3,1
51674,6.0,Computer,3,16.0,E wallet,2.0,4,Laptop & Accessory,1,4,0,14.0,1.0,1.0,1.0,146.82,146.82,0.14285714285714285,1.0,0-3,0
51675,20.0,Mobile Phone,1,11.0,Debit Card,2.0,3,Others,3,5,0,11.0,,1.0,1.0,283.0,283.0,0.047619047619047616,,0-3,0
51676,16.0,Computer,1,16.0,Debit Card,2.0,4,Laptop & Accessory,3,2,0,11.0,1.0,1.0,0.0,152.57,152.57,0.058823529411764705,1.0,0-3,0
51677,0.0,Computer,3,6.0,E wallet,3.0,3,Laptop & Accessory,4,1,1,13.0,0.0,1.0,4.0,163.49,163.49,1.0,0.0,4-7,0
51678,27.0,Computer,1,26.0,Debit Card,2.0,3,Laptop & Accessory,3,4,0,12.0,0.0,1.0,3.0,148.69,148.69,0.03571428571428571,0.0,0-3,0
51679,16.0,Mobile Phone,1,13.0,Debit Card,2.0,3,Fashion,5,9,0,16.0,1.0,1.0,0.0,199.85,199.85,0.058823529411764705,1.0,0-3,0
51680,18.0,Mobile Phone,1,14.0,UPI,3.0,3,Laptop & Accessory,1,10,0,14.0,8.0,9.0,8.0,136.97,15.21888888888889,0.47368421052631576,0.8888888888888888,8-14,0
51681,13.0,Mobile Phone,3,6.0,Credit Card,2.0,5,Laptop & Accessory,1,3,1,22.0,1.0,1.0,2.0,174.57,174.57,0.07142857142857142,1.0,0-3,0
51682,,Mobile Phone,1,14.0,UPI,3.0,5,Mobile Phone,5,2,1,11.0,0.0,1.0,7.0,121.19,121.19,,0.0,4-7,1
51683,2.0,Mobile Phone,1,15.0,UPI,1.0,4,Mobile Phone,1,1,0,17.0,1.0,2.0,2.0,139.83,69.915,0.6666666666666666,0.5,0-3,0
51684,3.0,Mobile Phone,3,11.0,E wallet,1.0,4,Laptop & Accessory,3,2,0,13.0,1.0,1.0,2.0,161.18,161.18,0.25,1.0,0-3,0
51685,0.0,Mobile Phone,3,14.0,E wallet,2.0,3,Laptop & Accessory,4,2,0,18.0,0.0,1.0,7.0,162.14,162.14,1.0,0.0,4-7,0
51686,10.0,Mobile Phone,1,11.0,Credit Card,3.0,3,Laptop & Accessory,1,8,0,16.0,1.0,1.0,4.0,163.47,163.47,0.09090909090909091,1.0,4-7,0
51687,11.0,Mobile Phone,1,21.0,Debit Card,3.0,4,Fashion,1,1,1,14.0,2.0,2.0,,215.1,107.55,0.16666666666666666,1.0,,0
51688,4.0,Mobile Phone,1,13.0,Credit Card,2.0,3,Fashion,1,2,1,14.0,4.0,4.0,10.0,171.43,42.8575,0.8,1.0,8-14,0
51689,2.0,Mobile Phone,3,16.0,E wallet,2.0,4,Laptop & Accessory,4,2,1,14.0,1.0,1.0,7.0,182.68,182.68,0.3333333333333333,1.0,4-7,0
51690,8.0,Mobile Phone,1,11.0,Cash on Delivery,3.0,3,Fashion,4,1,0,13.0,1.0,1.0,13.0,180.95,180.95,0.1111111111111111,1.0,8-14,0
51691,0.0,Mobile Phone,1,32.0,Debit Card,,3,Mobile Phone,1,2,0,12.0,0.0,1.0,2.0,129.04,129.04,1.0,0.0,0-3,0
51694,15.0,Mobile Phone,1,29.0,Debit Card,2.0,3,Grocery,1,3,0,14.0,0.0,,0.0,259.92,,,,0-3,0
51695,2.0,Computer,3,8.0,Debit Card,3.0,3,Laptop & Accessory,3,2,0,14.0,1.0,1.0,2.0,146.49,146.49,0.3333333333333333,1.0,0-3,0
51697,5.0,Mobile Phone,1,,Credit Card,3.0,3,Mobile Phone,4,2,0,13.0,0.0,1.0,7.0,123.7,123.7,0.16666666666666666,0.0,4-7,0
51698,21.0,Mobile Phone,3,35.0,Credit Card,3.0,3,Fashion,3,4,0,21.0,0.0,1.0,,225.04,225.04,0.045454545454545456,0.0,,0
51699,10.0,Mobile Phone,1,12.0,Credit Card,2.0,1,Laptop & Accessory,5,5,1,13.0,6.0,6.0,7.0,159.74,26.623333333333335,0.5454545454545454,1.0,4-7,0
51700,3.0,Computer,3,31.0,Cash on Delivery,2.0,3,Laptop & Accessory,3,8,1,12.0,2.0,2.0,2.0,147.36,73.68,0.5,1.0,0-3,0
51701,0.0,Mobile Phone,3,6.0,Debit Card,2.0,3,Laptop & Accessory,3,2,0,17.0,0.0,7.0,7.0,152.96,21.851428571428574,7.0,0.0,4-7,0
51702,15.0,Mobile Phone,1,8.0,UPI,3.0,4,Laptop & Accessory,1,4,0,23.0,1.0,1.0,0.0,167.81,167.81,0.0625,1.0,0-3,0
51703,,Computer,3,6.0,Cash on Delivery,3.0,4,Mobile Phone,4,2,1,11.0,1.0,1.0,2.0,121.74,121.74,,1.0,0-3,1
51704,9.0,Computer,3,6.0,Credit Card,2.0,3,Laptop & Accessory,1,5,0,15.0,1.0,1.0,0.0,166.53,166.53,0.1,1.0,0-3,0
51705,9.0,Computer,3,9.0,Credit Card,2.0,4,Fashion,1,5,0,11.0,0.0,1.0,12.0,196.99,196.99,0.1,0.0,8-14,0
51706,30.0,Mobile Phone,1,6.0,Credit Card,2.0,3,Laptop & Accessory,3,3,0,11.0,0.0,1.0,2.0,167.55,167.55,0.03225806451612903,0.0,0-3,0
51707,,Mobile Phone,1,16.0,Debit Card,2.0,1,Mobile Phone,3,4,1,13.0,0.0,1.0,7.0,122.13,122.13,,0.0,4-7,0
51708,0.0,Computer,3,,Credit Card,2.0,3,Mobile Phone,1,2,0,24.0,2.0,2.0,2.0,126.1,63.05,2.0,1.0,0-3,0
51709,0.0,Mobile Phone,3,11.0,E wallet,,3,Mobile Phone,3,2,1,13.0,0.0,1.0,0.0,128.51,128.51,1.0,0.0,0-3,1
51710,10.0,Mobile Phone,1,16.0,Credit Card,3.0,3,Mobile Phone,5,7,0,20.0,1.0,1.0,3.0,134.52,134.52,0.09090909090909091,1.0,0-3,0
51711,19.0,Computer,1,13.0,Credit Card,1.0,3,Laptop & Accessory,3,3,0,14.0,1.0,1.0,0.0,152.58,152.58,0.05,1.0,0-3,0
51712,4.0,Computer,3,10.0,E wallet,2.0,3,Laptop & Accessory,4,2,0,18.0,4.0,7.0,7.0,193.55,27.650000000000002,1.4,0.5714285714285714,4-7,1
51713,23.0,Mobile Phone,1,16.0,Cash on Delivery,3.0,4,Fashion,1,7,0,15.0,1.0,1.0,3.0,204.96,204.96,0.041666666666666664,1.0,0-3,0
51714,3.0,Mobile Phone,3,28.0,E wallet,3.0,4,Laptop & Accessory,3,3,1,12.0,1.0,1.0,0.0,163.8,163.8,0.25,1.0,0-3,1
51715,4.0,Mobile Phone,1,,Debit Card,2.0,4,Mobile Phone,4,1,1,16.0,2.0,2.0,2.0,126.57,63.285,0.4,1.0,0-3,0
51716,0.0,Mobile Phone,3,18.0,Debit Card,,1,Mobile Phone,4,2,0,15.0,0.0,1.0,0.0,127.16,127.16,1.0,0.0,0-3,1
51717,,Mobile Phone,1,29.0,Debit Card,2.0,3,Mobile Phone,1,10,0,16.0,0.0,1.0,2.0,122.01,122.01,,0.0,0-3,0
51718,8.0,Mobile Phone,1,15.0,Debit Card,3.0,4,Laptop & Accessory,4,10,0,19.0,0.0,1.0,0.0,165.4,165.4,0.1111111111111111,0.0,0-3,0
51720,1.0,Mobile Phone,3,15.0,Debit Card,3.0,3,Laptop & Accessory,1,2,0,16.0,1.0,1.0,7.0,152.53,152.53,0.5,1.0,4-7,0
51721,22.0,Mobile Phone,1,13.0,UPI,2.0,4,Fashion,3,9,0,24.0,1.0,1.0,,209.65,209.65,0.043478260869565216,1.0,,0
51722,24.0,Mobile Phone,3,20.0,Debit Card,2.0,3,Laptop & Accessory,1,5,0,11.0,1.0,1.0,7.0,149.36,149.36,0.04,1.0,4-7,0
51723,9.0,Mobile Phone,1,,Debit Card,3.0,3,Mobile Phone,3,5,0,13.0,2.0,2.0,2.0,125.43,62.715,0.2,1.0,0-3,0
51724,0.0,Computer,3,25.0,E wallet,3.0,1,Laptop & Accessory,1,9,1,13.0,0.0,1.0,4.0,153.04,153.04,1.0,0.0,4-7,1
51725,28.0,Mobile Phone,1,8.0,Debit Card,3.0,3,Grocery,1,3,1,13.0,,1.0,2.0,266.59,266.59,0.034482758620689655,,0-3,0
51727,3.0,Mobile Phone,3,,Cash on Delivery,3.0,3,Mobile Phone,4,2,0,18.0,1.0,1.0,0.0,124.76,124.76,0.25,1.0,0-3,0
51729,,Mobile Phone,1,17.0,Credit Card,2.0,3,Mobile Phone,4,2,0,13.0,1.0,1.0,2.0,122.44,122.44,,1.0,0-3,0
51730,9.0,Mobile Phone,3,8.0,Credit Card,3.0,4,Fashion,3,2,0,13.0,8.0,9.0,0.0,175.96,19.551111111111112,0.9,0.8888888888888888,0-3,0
51731,,Computer,1,10.0,Cash on Delivery,2.0,3,Mobile Phone,1,10,1,23.0,1.0,1.0,0.0,122.85,122.85,,1.0,0-3,1
51732,10.0,Mobile Phone,1,20.0,Debit Card,,3,Mobile Phone,5,2,0,12.0,10.0,12.0,17.0,130.34,10.861666666666666,1.0909090909090908,0.8333333333333334,15+,0
51734,15.0,Mobile Phone,1,,Debit Card,3.0,3,Mobile Phone,5,4,0,16.0,0.0,1.0,2.0,125.76,125.76,0.0625,0.0,0-3,0
51736,16.0,Mobile Phone,1,18.0,Debit Card,2.0,4,Grocery,4,2,0,11.0,3.0,,9.0,243.36,,,,8-14,0
51737,13.0,Mobile Phone,1,8.0,Credit Card,3.0,4,Laptop & Accessory,3,7,0,22.0,1.0,1.0,0.0,134.48,134.48,0.07142857142857142,1.0,0-3,0
51738,27.0,Mobile Phone,1,11.0,Credit Card,2.0,3,Others,5,5,0,,1.0,1.0,2.0,294.06,294.06,0.03571428571428571,1.0,0-3,0
51739,7.0,Computer,3,10.0,E wallet,3.0,3,Laptop & Accessory,3,10,0,15.0,0.0,1.0,2.0,165.38,165.38,0.125,0.0,0-3,0
51740,4.0,Mobile Phone,1,13.0,Credit Card,2.0,3,Laptop & Accessory,5,2,0,12.0,3.0,3.0,12.0,143.06,47.68666666666667,0.6,1.0,8-14,0
51741,,Computer,1,27.0,Credit Card,3.0,3,Mobile Phone,1,8,0,20.0,1.0,1.0,2.0,122.58,122.58,,1.0,0-3,0
51742,16.0,Mobile Phone,1,14.0,UPI,3.0,3,Laptop & Accessory,3,5,1,14.0,1.0,1.0,2.0,145.22,145.22,0.058823529411764705,1.0,0-3,0
51743,0.0,Mobile Phone,3,10.0,Debit Card,3.0,4,Laptop & Accessory,1,2,1,11.0,0.0,1.0,3.0,144.87,144.87,1.0,0.0,0-3,0
51744,10.0,Computer,1,31.0,Credit Card,3.0,3,Laptop & Accessory,3,4,1,15.0,4.0,10.0,7.0,144.49,14.449000000000002,0.9090909090909091,0.4,4-7,0
51745,,Mobile Phone,1,6.0,Debit Card,3.0,4,Mobile Phone,5,2,0,12.0,3.0,3.0,2.0,122.18,40.72666666666667,,1.0,0-3,0
51747,29.0,Computer,3,12.0,Debit Card,2.0,1,Grocery,5,10,0,11.0,6.0,,7.0,232.12,,,,4-7,0
51749,14.0,Mobile Phone,3,6.0,E wallet,2.0,1,Fashion,5,2,0,16.0,1.0,1.0,7.0,183.92,183.92,0.06666666666666667,1.0,4-7,0
51751,0.0,Mobile Phone,1,9.0,Credit Card,3.0,3,Mobile Phone,5,6,0,13.0,1.0,1.0,2.0,140.31,140.31,1.0,1.0,0-3,1
51752,25.0,Mobile Phone,1,9.0,Credit Card,2.0,4,Fashion,3,3,1,14.0,1.0,1.0,4.0,179.69,179.69,0.038461538461538464,1.0,4-7,0
51753,18.0,Mobile Phone,1,,Debit Card,3.0,3,Mobile Phone,1,4,0,21.0,0.0,1.0,2.0,126.54,126.54,0.05263157894736842,0.0,0-3,0
51754,25.0,Mobile Phone,1,10.0,Debit Card,1.0,3,Grocery,1,3,0,13.0,,1.0,4.0,265.55,265.55,0.038461538461538464,,4-7,0
51756,3.0,Mobile Phone,1,8.0,Debit Card,2.0,5,Laptop & Accessory,1,3,0,20.0,1.0,1.0,2.0,160.91,160.91,0.25,1.0,0-3,0
51757,30.0,Mobile Phone,1,13.0,Debit Card,2.0,3,Others,5,6,0,,1.0,11.0,10.0,295.66,26.87818181818182,0.3548387096774194,0.09090909090909091,8-14,0
51758,19.0,Mobile Phone,1,24.0,Credit Card,2.0,3,Laptop & Accessory,3,3,0,14.0,1.0,1.0,8.0,148.1,148.1,0.05,1.0,8-14,0
51759,15.0,Computer,1,34.0,Cash on Delivery,2.0,4,Laptop & Accessory,1,1,0,11.0,0.0,1.0,4.0,145.23,145.23,0.0625,0.0,4-7,0
51760,0.0,Mobile Phone,3,6.0,Cash on Delivery,3.0,3,Mobile Phone,4,2,1,16.0,0.0,1.0,4.0,132.02,132.02,1.0,0.0,4-7,1
51761,0.0,Computer,3,,E wallet,2.0,5,Mobile Phone,3,1,0,16.0,0.0,1.0,0.0,123.51,123.51,1.0,0.0,0-3,1
51762,,Computer,1,8.0,Debit Card,2.0,3,Mobile Phone,1,2,1,23.0,1.0,1.0,0.0,117.02,117.02,,1.0,0-3,0
51763,13.0,Mobile Phone,3,8.0,Debit Card,3.0,3,Others,3,1,0,14.0,,1.0,12.0,280.41,280.41,0.07142857142857142,,8-14,0
51764,0.0,Mobile Phone,1,29.0,Debit Card,,3,Mobile Phone,1,2,0,22.0,0.0,1.0,2.0,128.86,128.86,1.0,0.0,0-3,0
51765,,Computer,1,9.0,Debit Card,2.0,3,Mobile Phone,1,5,0,15.0,1.0,1.0,4.0,120.97,120.97,,1.0,4-7,0
51766,2.0,Mobile Phone,1,9.0,Credit Card,3.0,4,Fashion,3,2,0,18.0,0.0,1.0,,219.35,219.35,0.3333333333333333,0.0,,0
51767,0.0,Mobile Phone,1,,Cash on Delivery,3.0,4,Mobile Phone,4,6,0,16.0,1.0,1.0,1.0,125.46,125.46,1.0,1.0,0-3,1
51768,0.0,Mobile Phone,2,,Cash on Delivery,2.0,4,Mobile Phone,1,2,0,12.0,0.0,1.0,0.0,125.64,125.64,1.0,0.0,0-3,1
51769,3.0,Computer,3,28.0,UPI,3.0,3,Fashion,5,1,0,11.0,3.0,7.0,8.0,184.12,26.302857142857142,1.75,0.42857142857142855,8-14,0
51770,30.0,Mobile Phone,3,35.0,E wallet,2.0,4,Grocery,1,4,0,12.0,1.0,,0.0,241.18,,,,0-3,0
51771,23.0,Mobile Phone,1,35.0,Debit Card,2.0,4,Grocery,3,1,0,15.0,,15.0,7.0,270.46,18.030666666666665,0.625,,4-7,0
51772,3.0,Computer,1,,Credit Card,2.0,3,Mobile Phone,1,1,0,14.0,1.0,6.0,7.0,125.64,20.94,1.5,0.16666666666666666,4-7,0
51773,30.0,Computer,3,34.0,E wallet,3.0,4,Fashion,5,5,0,19.0,3.0,13.0,11.0,202.66,15.589230769230769,0.41935483870967744,0.23076923076923078,8-14,0
51774,20.0,Mobile Phone,1,8.0,Credit Card,3.0,3,Laptop & Accessory,1,6,0,13.0,0.0,1.0,4.0,150.7,150.7,0.047619047619047616,0.0,4-7,0
51775,19.0,Mobile Phone,1,8.0,Debit Card,2.0,3,Grocery,3,7,0,13.0,,1.0,1.0,278.61,278.61,0.05,,0-3,0
51776,8.0,Mobile Phone,1,28.0,Debit Card,2.0,5,Mobile Phone,3,1,0,15.0,1.0,4.0,3.0,142.3,35.575,0.4444444444444444,0.25,0-3,0
51777,27.0,Mobile Phone,1,5.0,Debit Card,2.0,3,Laptop & Accessory,3,8,0,11.0,0.0,1.0,0.0,137.8,137.8,0.03571428571428571,0.0,0-3,0
51778,7.0,Mobile Phone,1,8.0,Debit Card,,4,Mobile Phone,3,4,0,12.0,3.0,5.0,7.0,127.68,25.536,0.625,0.6,4-7,0
51779,5.0,Mobile Phone,3,16.0,E wallet,3.0,4,Fashion,1,3,1,19.0,0.0,1.0,2.0,190.71,190.71,0.16666666666666666,0.0,0-3,0
51780,4.0,Mobile Phone,1,15.0,Debit Card,2.0,3,Fashion,4,2,0,25.0,0.0,1.0,8.0,206.48,206.48,0.2,0.0,8-14,0
51781,0.0,Mobile Phone,1,21.0,Credit Card,2.0,3,Fashion,3,8,1,12.0,3.0,,7.0,236.1,,,,4-7,1
51782,0.0,Mobile Phone,1,16.0,Credit Card,2.0,5,Mobile Phone,1,8,0,13.0,0.0,1.0,3.0,134.08,134.08,1.0,0.0,0-3,1
51783,3.0,Mobile Phone,3,13.0,E wallet,,3,Mobile Phone,4,1,0,14.0,0.0,1.0,2.0,129.83,129.83,0.25,0.0,0-3,0
51784,8.0,Mobile Phone,1,22.0,Debit Card,3.0,3,Fashion,3,5,1,12.0,0.0,1.0,0.0,176.32,176.32,0.1111111111111111,0.0,0-3,0
51785,0.0,Computer,1,26.0,Debit Card,3.0,3,Fashion,3,4,0,12.0,1.0,1.0,0.0,198.24,198.24,1.0,1.0,0-3,1
51787,,Computer,1,11.0,UPI,3.0,3,Mobile Phone,3,5,0,17.0,0.0,2.0,0.0,120.93,60.465,,0.0,0-3,0
51788,9.0,Computer,3,16.0,Credit Card,2.0,3,Fashion,1,2,0,14.0,8.0,9.0,7.0,199.8,22.200000000000003,0.9,0.8888888888888888,4-7,0
51789,0.0,Computer,1,10.0,Cash on Delivery,3.0,4,Mobile Phone,3,6,0,16.0,0.0,1.0,2.0,138.94,138.94,1.0,0.0,0-3,1
51790,21.0,Mobile Phone,3,8.0,E wallet,2.0,3,Laptop & Accessory,1,3,0,14.0,6.0,6.0,7.0,140.51,23.418333333333333,0.2727272727272727,1.0,4-7,0
51791,28.0,Mobile Phone,3,24.0,Debit Card,2.0,3,Grocery,4,4,0,23.0,,7.0,8.0,268.35,38.33571428571429,0.2413793103448276,,8-14,0
51792,14.0,Computer,3,16.0,Debit Card,2.0,3,Laptop & Accessory,1,8,0,14.0,0.0,1.0,10.0,162.3,162.3,0.06666666666666667,0.0,8-14,0
51793,8.0,Mobile Phone,3,6.0,E wallet,2.0,3,Laptop & Accessory,3,10,0,11.0,0.0,6.0,9.0,147.17,24.528333333333332,0.6666666666666666,0.0,8-14,0
51795,12.0,Computer,1,14.0,Debit Card,2.0,3,Mobile Phone,3,2,0,11.0,1.0,1.0,7.0,137.55,137.55,0.07692307692307693,1.0,4-7,0
51796,4.0,Mobile Phone,3,8.0,Debit Card,3.0,3,Laptop & Accessory,1,5,1,13.0,1.0,1.0,5.0,165.82,165.82,0.2,1.0,4-7,0
51797,15.0,Mobile Phone,1,30.0,Credit Card,2.0,3,Fashion,5,2,1,21.0,5.0,5.0,8.0,174.06,34.812,0.3125,1.0,8-14,0
51798,18.0,Mobile Phone,3,8.0,UPI,3.0,3,Laptop & Accessory,4,1,0,19.0,3.0,3.0,7.0,148.05,49.35,0.15789473684210525,1.0,4-7,0
51800,2.0,Mobile Phone,1,25.0,Cash on Delivery,2.0,3,Laptop & Accessory,1,5,0,12.0,1.0,1.0,2.0,142.62,142.62,0.3333333333333333,1.0,0-3,0
51801,6.0,Mobile Phone,1,6.0,Credit Card,3.0,1,Grocery,3,5,0,19.0,,1.0,5.0,261.84,261.84,0.14285714285714285,,4-7,0
51802,4.0,Mobile Phone,3,13.0,Debit Card,2.0,4,Fashion,1,10,0,21.0,1.0,1.0,,215.57,215.57,0.2,1.0,,0
51804,13.0,Computer,3,34.0,UPI,2.0,5,Fashion,5,4,0,15.0,0.0,1.0,,209.32,209.32,0.07142857142857142,0.0,,0
51806,0.0,Mobile Phone,3,35.0,Credit Card,2.0,3,Laptop & Accessory,3,6,0,12.0,0.0,1.0,0.0,143.06,143.06,1.0,0.0,0-3,0
51807,8.0,Mobile Phone,3,6.0,Credit Card,3.0,3,Laptop & Accessory,3,2,0,16.0,1.0,1.0,3.0,148.59,148.59,0.1111111111111111,1.0,0-3,0
51808,7.0,Mobile Phone,3,27.0,Debit Card,3.0,1,Laptop & Accessory,1,2,0,12.0,0.0,5.0,7.0,153.37,30.674,0.625,0.0,4-7,0
51809,0.0,Mobile Phone,1,,Cash on Delivery,3.0,5,Mobile Phone,1,2,1,18.0,0.0,1.0,0.0,123.4,123.4,1.0,0.0,0-3,1
51810,10.0,Mobile Phone,1,6.0,Cash on Delivery,2.0,3,Fashion,1,5,0,17.0,1.0,1.0,2.0,174.91,174.91,0.09090909090909091,1.0,0-3,0
51811,19.0,Computer,1,24.0,Credit Card,2.0,3,Fashion,3,6,0,11.0,0.0,1.0,2.0,205.27,205.27,0.05,0.0,0-3,0
51812,14.0,Mobile Phone,3,8.0,Debit Card,3.0,3,Grocery,5,8,0,16.0,,11.0,8.0,265.95,24.177272727272726,0.7333333333333333,,8-14,0
51813,10.0,Computer,3,15.0,Credit Card,3.0,3,Fashion,4,2,0,13.0,1.0,7.0,7.0,188.34,26.905714285714286,0.6363636363636364,0.14285714285714285,4-7,0
51815,0.0,Computer,3,17.0,UPI,2.0,1,Laptop & Accessory,3,9,0,12.0,1.0,1.0,2.0,147.07,147.07,1.0,1.0,0-3,1
51816,0.0,Computer,3,,Credit Card,2.0,3,Mobile Phone,1,1,0,13.0,1.0,2.0,1.0,124.0,62.0,2.0,0.5,0-3,0
51817,11.0,Mobile Phone,1,16.0,Credit Card,3.0,3,Laptop & Accessory,3,4,0,19.0,0.0,1.0,0.0,198.24,198.24,0.08333333333333333,0.0,0-3,0
51818,10.0,Mobile Phone,1,6.0,Debit Card,3.0,3,Laptop & Accessory,4,7,0,12.0,4.0,4.0,3.0,164.47,41.1175,0.36363636363636365,1.0,0-3,0
51819,22.0,Mobile Phone,1,24.0,Debit Card,2.0,4,Others,3,2,1,,1.0,1.0,9.0,295.02,295.02,0.043478260869565216,1.0,8-14,0
51820,0.0,Mobile Phone,1,29.0,Credit Card,,1,Mobile Phone,1,2,1,11.0,0.0,1.0,4.0,127.25,127.25,1.0,0.0,4-7,0
51821,0.0,Mobile Phone,3,34.0,E wallet,3.0,3,Laptop & Accessory,4,2,0,20.0,0.0,1.0,4.0,162.72,162.72,1.0,0.0,4-7,0
51822,,Mobile Phone,1,23.0,UPI,3.0,4,Mobile Phone,4,2,0,21.0,1.0,1.0,0.0,121.27,121.27,,1.0,0-3,0
51823,23.0,Computer,2,9.0,Credit Card,3.0,3,Others,4,2,0,11.0,,10.0,7.0,282.0,28.2,0.4166666666666667,,4-7,0
51824,,Mobile Phone,3,19.0,Credit Card,2.0,3,Mobile Phone,3,2,0,11.0,1.0,1.0,6.0,120.96,120.96,,1.0,4-7,0
51825,0.0,Computer,1,13.0,Debit Card,,3,Mobile Phone,3,2,1,16.0,0.0,1.0,2.0,128.86,128.86,1.0,0.0,0-3,1
51826,,Computer,3,18.0,Debit Card,3.0,4,Mobile Phone,5,2,0,18.0,1.0,1.0,0.0,120.33,120.33,,1.0,0-3,1
51827,7.0,Mobile Phone,1,6.0,Debit Card,2.0,4,Mobile Phone,1,2,1,13.0,1.0,1.0,3.0,136.22,136.22,0.125,1.0,0-3,0
51829,8.0,Mobile Phone,1,31.0,UPI,2.0,4,Laptop & Accessory,1,5,0,14.0,1.0,1.0,2.0,136.81,136.81,0.1111111111111111,1.0,0-3,0
51830,4.0,Mobile Phone,3,12.0,Credit Card,3.0,1,Laptop & Accessory,1,5,0,22.0,5.0,5.0,7.0,154.6,30.919999999999998,1.0,1.0,4-7,0
51831,,Mobile Phone,1,12.0,Credit Card,3.0,4,Mobile Phone,3,1,0,12.0,0.0,1.0,3.0,121.87,121.87,,0.0,0-3,0
51832,10.0,Mobile Phone,3,8.0,E wallet,3.0,3,Laptop & Accessory,3,5,1,11.0,0.0,1.0,0.0,196.02,196.02,0.09090909090909091,0.0,0-3,0
51833,0.0,Mobile Phone,1,6.0,Debit Card,,4,Mobile Phone,4,2,0,13.0,0.0,1.0,0.0,128.36,128.36,1.0,0.0,0-3,0
51834,15.0,Mobile Phone,1,8.0,Debit Card,2.0,3,Laptop & Accessory,1,2,0,13.0,0.0,2.0,2.0,140.89,70.445,0.125,0.0,0-3,0
51835,16.0,Mobile Phone,1,12.0,UPI,2.0,4,Grocery,1,5,1,14.0,,1.0,0.0,266.27,266.27,0.058823529411764705,,0-3,0
51836,11.0,Mobile Phone,1,,Debit Card,2.0,3,Mobile Phone,5,4,0,17.0,0.0,1.0,0.0,126.19,126.19,0.08333333333333333,0.0,0-3,0
51837,16.0,Computer,1,15.0,Credit Card,3.0,3,Laptop & Accessory,3,4,1,13.0,1.0,4.0,7.0,156.79,39.1975,0.23529411764705882,0.25,4-7,0
51838,21.0,Mobile Phone,1,6.0,Debit Card,2.0,4,Grocery,5,8,0,11.0,0.0,,2.0,254.02,,,,0-3,0
51841,0.0,Mobile Phone,3,8.0,E wallet,,3,Mobile Phone,5,1,0,11.0,1.0,1.0,2.0,130.41,130.41,1.0,1.0,0-3,1
51842,0.0,Mobile Phone,3,28.0,Cash on Delivery,2.0,3,Mobile Phone,3,2,0,11.0,0.0,1.0,2.0,134.47,134.47,1.0,0.0,0-3,0
51843,17.0,Mobile Phone,1,9.0,UPI,2.0,3,Others,1,5,1,,0.0,1.0,1.0,295.13,295.13,0.05555555555555555,0.0,0-3,0
51844,0.0,Mobile Phone,1,12.0,Credit Card,,3,Mobile Phone,3,1,0,20.0,1.0,2.0,2.0,127.73,63.865,2.0,0.5,0-3,0
51845,6.0,Mobile Phone,3,14.0,E wallet,2.0,3,Laptop & Accessory,3,1,0,12.0,0.0,1.0,2.0,171.04,171.04,0.14285714285714285,0.0,0-3,0
51846,5.0,Mobile Phone,1,15.0,Debit Card,3.0,3,Laptop & Accessory,1,2,1,12.0,1.0,1.0,5.0,163.22,163.22,0.16666666666666666,1.0,4-7,0
51848,26.0,Mobile Phone,3,6.0,Credit Card,2.0,3,Laptop & Accessory,5,8,0,20.0,4.0,8.0,10.0,183.81,22.97625,0.2962962962962963,0.5,8-14,0
51849,7.0,Mobile Phone,1,6.0,Debit Card,,3,Mobile Phone,1,2,0,12.0,1.0,8.0,8.0,126.91,15.86375,1.0,0.125,8-14,0
51850,8.0,Computer,3,32.0,Debit Card,3.0,3,Laptop & Accessory,5,3,0,14.0,0.0,1.0,0.0,142.86,142.86,0.1111111111111111,0.0,0-3,1
51851,0.0,Mobile Phone,1,12.0,Debit Card,3.0,3,Mobile Phone,1,2,1,13.0,0.0,1.0,2.0,56.0,56.0,1.0,0.0,0-3,0
51852,10.0,Mobile Phone,1,9.0,UPI,2.0,3,Fashion,3,2,0,15.0,7.0,7.0,8.0,194.34,27.762857142857143,0.6363636363636364,1.0,8-14,0
51853,2.0,Mobile Phone,3,9.0,Credit Card,3.0,3,Laptop & Accessory,3,2,0,14.0,0.0,1.0,2.0,155.61,155.61,0.3333333333333333,0.0,0-3,0
51854,8.0,Mobile Phone,1,12.0,Debit Card,2.0,5,Laptop & Accessory,1,2,0,13.0,0.0,11.0,8.0,166.46,15.132727272727273,1.2222222222222223,0.0,8-14,0
51855,6.0,Computer,1,12.0,Debit Card,1.0,3,Laptop & Accessory,1,4,0,23.0,3.0,4.0,7.0,177.25,44.3125,0.5714285714285714,0.75,4-7,0
51856,27.0,Mobile Phone,2,25.0,Credit Card,2.0,3,Fashion,4,3,0,15.0,2.0,7.0,1.0,207.25,29.607142857142858,0.25,0.2857142857142857,0-3,0
51857,9.0,Mobile Phone,1,15.0,Credit Card,2.0,4,Laptop & Accessory,4,3,1,11.0,0.0,1.0,2.0,188.47,188.47,0.1,0.0,0-3,0
51858,,Mobile Phone,1,9.0,Credit Card,2.0,4,Mobile Phone,1,1,0,13.0,1.0,1.0,1.0,120.45,120.45,,1.0,0-3,0
51859,0.0,Mobile Phone,1,16.0,Credit Card,2.0,3,Mobile Phone,3,2,1,11.0,1.0,1.0,1.0,110.09,110.09,1.0,1.0,0-3,1
51860,0.0,Computer,1,9.0,Debit Card,3.0,3,Mobile Phone,5,2,1,11.0,5.0,9.0,7.0,133.48,14.83111111111111,9.0,0.5555555555555556,4-7,1
51861,,Computer,1,9.0,Debit Card,2.0,4,Mobile Phone,3,2,0,18.0,1.0,1.0,0.0,112.81,112.81,,1.0,0-3,0
51862,0.0,Mobile Phone,1,10.0,Credit Card,,1,Mobile Phone,5,3,0,16.0,0.0,1.0,2.0,128.19,128.19,1.0,0.0,0-3,0
51863,0.0,Mobile Phone,3,14.0,Debit Card,2.0,1,Laptop & Accessory,4,1,0,22.0,1.0,1.0,2.0,148.51,148.51,1.0,1.0,0-3,0
51864,11.0,Mobile Phone,3,13.0,E wallet,2.0,4,Laptop & Accessory,1,1,0,20.0,1.0,1.0,5.0,140.28,140.28,0.08333333333333333,1.0,4-7,0
51865,2.0,Computer,1,6.0,Debit Card,,5,Mobile Phone,1,2,0,18.0,0.0,2.0,8.0,127.2,63.6,0.6666666666666666,0.0,8-14,0
51866,21.0,Mobile Phone,3,8.0,E wallet,2.0,1,Laptop & Accessory,4,4,0,12.0,0.0,2.0,2.0,181.2,90.6,0.09090909090909091,0.0,0-3,0
51867,0.0,Computer,3,9.0,Credit Card,3.0,1,Laptop & Accessory,1,2,1,20.0,1.0,1.0,4.0,146.47,146.47,1.0,1.0,4-7,0
51868,10.0,Mobile Phone,1,16.0,Debit Card,3.0,1,Mobile Phone,1,4,0,17.0,1.0,1.0,0.0,146.8,146.8,0.09090909090909091,1.0,0-3,0
51869,23.0,Mobile Phone,1,34.0,Credit Card,3.0,1,Mobile Phone,3,2,1,11.0,0.0,3.0,8.0,132.21,44.07,0.125,0.0,8-14,0
51872,12.0,Mobile Phone,1,8.0,Cash on Delivery,3.0,4,Laptop & Accessory,3,2,0,11.0,1.0,11.0,10.0,145.53,13.23,0.8461538461538461,0.09090909090909091,8-14,0
51873,5.0,Mobile Phone,3,16.0,E wallet,2.0,3,Laptop & Accessory,1,2,0,12.0,1.0,1.0,8.0,153.96,153.96,0.16666666666666666,1.0,8-14,0
51874,13.0,Computer,3,14.0,Cash on Delivery,2.0,3,Laptop & Accessory,3,4,1,14.0,0.0,1.0,3.0,167.96,167.96,0.07142857142857142,0.0,0-3,1
51875,11.0,Mobile Phone,1,6.0,Debit Card,2.0,1,Laptop & Accessory,1,1,0,13.0,0.0,1.0,8.0,176.25,176.25,0.08333333333333333,0.0,8-14,0
51876,0.0,Mobile Phone,1,6.0,Debit Card,3.0,3,Fashion,5,2,0,11.0,0.0,1.0,7.0,174.12,174.12,1.0,0.0,4-7,0
51877,5.0,Mobile Phone,1,9.0,Debit Card,2.0,3,Fashion,1,4,0,15.0,6.0,7.0,,211.59,30.22714285714286,1.1666666666666667,0.8571428571428571,,0
51878,20.0,Mobile Phone,3,20.0,E wallet,2.0,3,Laptop & Accessory,5,3,0,12.0,1.0,1.0,7.0,149.6,149.6,0.047619047619047616,1.0,4-7,0
51879,13.0,Computer,3,11.0,Debit Card,2.0,4,Fashion,5,6,1,21.0,0.0,1.0,12.0,204.75,204.75,0.07142857142857142,0.0,8-14,0
51880,26.0,Mobile Phone,1,13.0,Debit Card,2.0,1,Grocery,3,4,0,19.0,0.0,,3.0,248.14,,,,0-3,0
51881,14.0,Mobile Phone,2,16.0,UPI,3.0,4,Others,1,4,0,15.0,,12.0,6.0,291.41,24.284166666666668,0.8,,4-7,0
51882,30.0,Mobile Phone,3,22.0,E wallet,2.0,3,Laptop & Accessory,5,9,0,14.0,2.0,2.0,2.0,154.05,77.025,0.06451612903225806,1.0,0-3,0
51883,0.0,Computer,1,16.0,Debit Card,2.0,3,Fashion,5,2,0,21.0,0.0,1.0,7.0,187.93,187.93,1.0,0.0,4-7,0
51884,14.0,Mobile Phone,2,6.0,UPI,2.0,4,Others,3,2,0,12.0,,2.0,10.0,291.89,145.945,0.13333333333333333,,8-14,0
51885,23.0,Mobile Phone,3,14.0,E wallet,2.0,3,Mobile Phone,4,8,0,15.0,0.0,2.0,2.0,138.75,69.375,0.08333333333333333,0.0,0-3,0
51887,9.0,Computer,1,14.0,Debit Card,3.0,1,Fashion,5,10,0,14.0,0.0,1.0,,217.13,217.13,0.1,0.0,,0
51890,20.0,Computer,3,9.0,Credit Card,2.0,3,Grocery,3,10,1,12.0,1.0,,13.0,237.7,,,,8-14,0
51891,3.0,Mobile Phone,3,33.0,E wallet,3.0,3,Laptop & Accessory,1,8,0,23.0,2.0,7.0,7.0,153.04,21.86285714285714,1.75,0.2857142857142857,4-7,0
51892,2.0,Mobile Phone,3,,Debit Card,3.0,3,Mobile Phone,3,2,0,11.0,1.0,1.0,0.0,126.42,126.42,0.3333333333333333,1.0,0-3,0
51893,5.0,Computer,1,25.0,Credit Card,,1,Mobile Phone,3,7,1,12.0,0.0,2.0,2.0,127.59,63.795,0.3333333333333333,0.0,0-3,1
51894,16.0,Computer,3,21.0,Debit Card,2.0,4,Laptop & Accessory,1,4,0,18.0,1.0,2.0,2.0,168.04,84.02,0.11764705882352941,0.5,0-3,0
51895,7.0,Mobile Phone,1,14.0,Credit Card,3.0,3,Laptop & Accessory,3,4,0,11.0,0.0,4.0,3.0,161.42,40.355,0.5,0.0,0-3,0
51896,0.0,Mobile Phone,1,,Credit Card,2.0,3,Mobile Phone,5,2,0,14.0,1.0,1.0,2.0,125.0,125.0,1.0,1.0,0-3,0
51897,12.0,Mobile Phone,2,9.0,UPI,2.0,1,Laptop & Accessory,4,10,0,15.0,0.0,3.0,6.0,163.89,54.629999999999995,0.23076923076923078,0.0,4-7,0
51898,29.0,Mobile Phone,1,15.0,Credit Card,2.0,3,Grocery,1,8,0,11.0,0.0,1.0,,211.03,211.03,0.03333333333333333,0.0,,0
51899,13.0,Mobile Phone,1,,Credit Card,2.0,4,Mobile Phone,1,1,1,20.0,0.0,2.0,3.0,123.42,61.71,0.14285714285714285,0.0,0-3,0
51901,,Mobile Phone,3,16.0,E wallet,2.0,3,Mobile Phone,4,2,0,14.0,2.0,2.0,2.0,122.97,61.485,,1.0,0-3,0
51902,26.0,Mobile Phone,1,,Debit Card,2.0,3,Laptop & Accessory,1,3,0,17.0,2.0,2.0,2.0,124.5,62.25,0.07407407407407407,1.0,0-3,0
51903,8.0,Computer,1,8.0,Debit Card,3.0,3,Laptop & Accessory,5,3,0,11.0,1.0,1.0,0.0,150.93,150.93,0.1111111111111111,1.0,0-3,0
51904,5.0,Computer,1,30.0,Debit Card,3.0,3,Laptop & Accessory,1,2,0,15.0,1.0,4.0,7.0,153.09,38.2725,0.6666666666666666,0.25,4-7,0
51905,11.0,Mobile Phone,1,8.0,Credit Card,,3,Mobile Phone,3,7,1,13.0,0.0,1.0,1.0,130.57,130.57,0.08333333333333333,0.0,0-3,0
51907,25.0,Mobile Phone,3,9.0,E wallet,2.0,4,Grocery,5,2,0,11.0,,1.0,16.0,268.56,268.56,0.038461538461538464,,15+,0
51908,0.0,Mobile Phone,1,6.0,UPI,,3,Mobile Phone,1,2,1,13.0,6.0,7.0,8.0,126.86,18.122857142857143,7.0,0.8571428571428571,8-14,1
51909,0.0,Mobile Phone,3,32.0,Credit Card,2.0,3,Laptop & Accessory,1,2,0,23.0,0.0,1.0,4.0,161.8,161.8,1.0,0.0,4-7,0
51910,18.0,Mobile Phone,3,8.0,Cash on Delivery,2.0,5,Laptop & Accessory,3,1,0,13.0,1.0,3.0,1.0,166.32,55.44,0.15789473684210525,0.3333333333333333,0-3,0
51911,0.0,Mobile Phone,1,16.0,Credit Card,3.0,1,Mobile Phone,3,2,0,18.0,0.0,1.0,2.0,135.05,135.05,1.0,0.0,0-3,0
51912,10.0,Computer,3,33.0,Debit Card,3.0,1,Laptop & Accessory,3,5,1,12.0,0.0,1.0,3.0,163.97,163.97,0.09090909090909091,0.0,0-3,1
51913,7.0,Mobile Phone,3,8.0,UPI,2.0,3,Laptop & Accessory,1,2,0,22.0,0.0,1.0,4.0,162.74,162.74,0.125,0.0,4-7,0
51914,18.0,Mobile Phone,1,8.0,Credit Card,3.0,3,Others,5,6,1,,1.0,1.0,4.0,298.59,298.59,0.05263157894736842,1.0,4-7,1
51916,25.0,Computer,1,25.0,Credit Card,2.0,3,Mobile Phone,1,1,0,18.0,1.0,1.0,2.0,142.58,142.58,0.038461538461538464,1.0,0-3,0
51917,0.0,Computer,1,6.0,Debit Card,3.0,5,Mobile Phone,1,4,0,14.0,2.0,2.0,0.0,143.64,71.82,2.0,1.0,0-3,0
51918,2.0,Mobile Phone,1,33.0,Credit Card,3.0,3,Laptop & Accessory,3,5,0,12.0,0.0,1.0,1.0,143.35,143.35,0.3333333333333333,0.0,0-3,0
51919,0.0,Mobile Phone,3,14.0,Cash on Delivery,2.0,4,Laptop & Accessory,5,7,0,17.0,0.0,1.0,2.0,153.26,153.26,1.0,0.0,0-3,1
51920,7.0,Mobile Phone,1,6.0,Debit Card,3.0,1,Mobile Phone,1,3,0,16.0,1.0,1.0,3.0,132.8,132.8,0.125,1.0,0-3,0
51922,0.0,Computer,3,14.0,E wallet,2.0,3,Laptop & Accessory,1,1,0,19.0,1.0,1.0,1.0,143.42,143.42,1.0,1.0,0-3,0
51923,10.0,Mobile Phone,1,16.0,Debit Card,,3,Mobile Phone,5,1,1,13.0,4.0,4.0,3.0,127.82,31.955,0.36363636363636365,1.0,0-3,0
51924,11.0,Computer,1,8.0,Debit Card,3.0,1,Laptop & Accessory,5,7,1,12.0,0.0,4.0,12.0,159.8,39.95,0.3333333333333333,0.0,8-14,0
51926,8.0,Mobile Phone,3,,Debit Card,3.0,3,Mobile Phone,1,2,0,16.0,1.0,1.0,2.0,125.72,125.72,0.1111111111111111,1.0,0-3,0
51927,3.0,Mobile Phone,1,6.0,Debit Card,2.0,5,Mobile Phone,3,4,0,21.0,1.0,1.0,2.0,138.33,138.33,0.25,1.0,0-3,0
51928,13.0,Computer,1,8.0,Credit Card,2.0,1,Laptop & Accessory,4,2,0,24.0,0.0,3.0,7.0,142.44,47.48,0.21428571428571427,0.0,4-7,0
51929,7.0,Mobile Phone,3,14.0,Debit Card,3.0,3,Laptop & Accessory,5,6,0,17.0,1.0,1.0,2.0,165.0,165.0,0.125,1.0,0-3,0
51930,15.0,Computer,1,14.0,Debit Card,3.0,3,Others,1,2,0,13.0,,14.0,9.0,284.3,20.307142857142857,0.875,,8-14,0
51931,,Mobile Phone,1,12.0,Debit Card,3.0,1,Mobile Phone,5,2,1,21.0,0.0,1.0,0.0,116.01,116.01,,0.0,0-3,1
51932,0.0,Computer,1,15.0,Debit Card,,4,Mobile Phone,4,2,0,11.0,0.0,1.0,0.0,126.94,126.94,1.0,0.0,0-3,0
51933,25.0,Mobile Phone,1,17.0,Debit Card,,3,Laptop & Accessory,3,9,0,20.0,1.0,1.0,4.0,131.49,131.49,0.038461538461538464,1.0,4-7,0
51934,23.0,Mobile Phone,1,8.0,Credit Card,3.0,3,Grocery,3,6,0,16.0,,1.0,3.0,276.39,276.39,0.041666666666666664,,0-3,0
51935,0.0,Mobile Phone,1,,Debit Card,2.0,4,Mobile Phone,5,2,1,11.0,0.0,1.0,0.0,123.19,123.19,1.0,0.0,0-3,1
51936,6.0,Mobile Phone,1,13.0,Credit Card,2.0,3,Fashion,3,1,0,11.0,1.0,3.0,,216.91000000000005,72.30333333333336,0.42857142857142855,0.3333333333333333,,0
51938,20.0,Mobile Phone,1,8.0,UPI,2.0,3,Grocery,1,2,1,11.0,,3.0,0.0,267.52,89.17333333333333,0.14285714285714285,,0-3,0
51939,9.0,Mobile Phone,1,6.0,UPI,2.0,3,Laptop & Accessory,4,1,0,15.0,1.0,1.0,5.0,152.28,152.28,0.1,1.0,4-7,0
51940,2.0,Mobile Phone,1,29.0,Debit Card,,1,Mobile Phone,3,2,0,24.0,1.0,1.0,7.0,127.0,127.0,0.3333333333333333,1.0,4-7,0
51941,20.0,Mobile Phone,1,8.0,Debit Card,2.0,3,Others,4,8,1,,7.0,13.0,8.0,292.46,22.496923076923075,0.6190476190476191,0.5384615384615384,8-14,1
51942,8.0,Mobile Phone,1,,Debit Card,2.0,1,Mobile Phone,3,4,0,13.0,2.0,2.0,2.0,125.06,62.53,0.2222222222222222,1.0,0-3,0
51943,15.0,Mobile Phone,1,6.0,Debit Card,2.0,4,Laptop & Accessory,1,10,1,13.0,0.0,1.0,2.0,160.62,160.62,0.0625,0.0,0-3,0
51944,0.0,Mobile Phone,1,8.0,Credit Card,2.0,3,Mobile Phone,3,7,0,17.0,2.0,2.0,1.0,143.82,71.91,2.0,1.0,0-3,1
51945,,Mobile Phone,2,19.0,UPI,2.0,3,Mobile Phone,4,5,0,13.0,1.0,1.0,4.0,121.43,121.43,,1.0,4-7,0
51946,5.0,Mobile Phone,1,10.0,Debit Card,3.0,4,Laptop & Accessory,3,2,0,12.0,5.0,6.0,8.0,161.62,26.936666666666667,1.0,0.8333333333333334,8-14,0
51947,13.0,Computer,1,22.0,Credit Card,2.0,4,Laptop & Accessory,3,7,0,14.0,0.0,1.0,0.0,150.94,150.94,0.07142857142857142,0.0,0-3,0
51948,3.0,Mobile Phone,1,8.0,Credit Card,2.0,4,Laptop & Accessory,1,6,1,24.0,1.0,1.0,0.0,168.77,168.77,0.25,1.0,0-3,0
51950,15.0,Mobile Phone,1,35.0,Debit Card,3.0,3,Laptop & Accessory,4,2,0,13.0,5.0,7.0,8.0,144.34,20.62,0.4375,0.7142857142857143,8-14,0
51951,11.0,Computer,1,18.0,Debit Card,0.0,4,Laptop & Accessory,5,3,0,15.0,1.0,1.0,2.0,162.88,162.88,0.08333333333333333,1.0,0-3,0
51952,7.0,Computer,1,,Debit Card,3.0,4,Mobile Phone,1,2,0,16.0,1.0,1.0,3.0,125.53,125.53,0.125,1.0,0-3,0
51953,12.0,Mobile Phone,3,17.0,E wallet,2.0,3,Fashion,1,2,0,18.0,0.0,7.0,7.0,176.54,25.22,0.5384615384615384,0.0,4-7,1
51954,18.0,Mobile Phone,3,8.0,Credit Card,2.0,3,Laptop & Accessory,1,5,0,16.0,1.0,7.0,3.0,151.6,21.657142857142855,0.3684210526315789,0.14285714285714285,0-3,1
51955,16.0,Mobile Phone,1,20.0,Debit Card,3.0,3,Grocery,5,7,0,24.0,,1.0,0.0,271.59,271.59,0.058823529411764705,,0-3,0
51956,0.0,Mobile Phone,1,11.0,Cash on Delivery,2.0,4,Fashion,1,2,1,16.0,1.0,1.0,,228.08,228.08,1.0,1.0,,0
51958,1.0,Mobile Phone,3,8.0,E wallet,2.0,3,Laptop & Accessory,4,2,1,20.0,6.0,7.0,5.0,147.79,21.11285714285714,3.5,0.8571428571428571,4-7,0
51959,7.0,Mobile Phone,2,9.0,UPI,2.0,3,Mobile Phone,1,1,0,19.0,1.0,1.0,2.0,137.37,137.37,0.125,1.0,0-3,0
51960,0.0,Computer,1,,Credit Card,2.0,4,Mobile Phone,3,2,1,14.0,0.0,1.0,7.0,123.66,123.66,1.0,0.0,4-7,1
51961,,Computer,1,9.0,Credit Card,2.0,3,Mobile Phone,1,2,0,11.0,0.0,1.0,0.0,117.06,117.06,,0.0,0-3,0
51962,24.0,Mobile Phone,3,32.0,E wallet,3.0,3,Grocery,3,3,0,14.0,,4.0,17.0,263.07,65.7675,0.16,,15+,0
51964,0.0,Mobile Phone,1,8.0,Credit Card,3.0,1,Mobile Phone,5,8,0,13.0,0.0,1.0,1.0,134.24,134.24,1.0,0.0,0-3,0
51966,8.0,Mobile Phone,1,,Credit Card,2.0,4,Mobile Phone,5,2,0,11.0,0.0,1.0,1.0,125.59,125.59,0.1111111111111111,0.0,0-3,0
51967,9.0,Mobile Phone,3,6.0,Debit Card,2.0,3,Laptop & Accessory,1,2,1,14.0,3.0,4.0,11.0,162.01,40.5025,0.4,0.75,8-14,0
51968,5.0,Mobile Phone,3,19.0,Debit Card,3.0,3,Laptop & Accessory,1,3,0,11.0,0.0,1.0,3.0,144.03,144.03,0.16666666666666666,0.0,0-3,0
51969,3.0,Computer,1,11.0,Debit Card,3.0,4,Mobile Phone,1,10,0,12.0,0.0,1.0,3.0,137.61,137.61,0.25,0.0,0-3,0
51970,26.0,Mobile Phone,3,13.0,E wallet,3.0,4,Fashion,1,8,1,18.0,0.0,1.0,,209.34,209.34,0.037037037037037035,0.0,,0
51971,18.0,Mobile Phone,3,15.0,E wallet,3.0,3,Fashion,5,5,1,12.0,0.0,1.0,2.0,207.61,207.61,0.05263157894736842,0.0,0-3,0
51972,5.0,Mobile Phone,1,14.0,Credit Card,3.0,1,Laptop & Accessory,3,6,0,12.0,1.0,1.0,3.0,151.75,151.75,0.16666666666666666,1.0,0-3,0
51973,25.0,Computer,1,31.0,Credit Card,2.0,4,Grocery,1,4,0,22.0,0.0,,0.0,238.26,,,,0-3,0
51975,1.0,Mobile Phone,2,14.0,Credit Card,3.0,4,Mobile Phone,1,2,0,13.0,1.0,1.0,4.0,149.36,149.36,0.5,1.0,4-7,0
51976,0.0,Mobile Phone,1,6.0,Debit Card,2.0,4,Laptop & Accessory,1,7,0,22.0,2.0,2.0,2.0,147.75,73.875,2.0,1.0,0-3,0
51977,17.0,Mobile Phone,1,14.0,Debit Card,,1,Mobile Phone,1,3,1,24.0,1.0,1.0,2.0,128.18,128.18,0.05555555555555555,1.0,0-3,0
51978,15.0,Computer,1,,Credit Card,2.0,3,Mobile Phone,1,6,1,14.0,1.0,2.0,2.0,125.15,62.575,0.125,0.5,0-3,0
51979,9.0,Mobile Phone,2,,Debit Card,3.0,4,Mobile Phone,5,1,0,21.0,0.0,1.0,3.0,123.42,123.42,0.1,0.0,0-3,0
51980,0.0,Mobile Phone,3,9.0,UPI,3.0,3,Laptop & Accessory,5,2,1,18.0,0.0,1.0,3.0,141.94,141.94,1.0,0.0,0-3,0
51981,8.0,Mobile Phone,1,15.0,Debit Card,3.0,4,Fashion,3,2,1,20.0,3.0,5.0,15.0,206.85,41.37,0.5555555555555556,0.6,15+,0
51982,,Computer,1,31.0,Debit Card,3.0,3,Mobile Phone,4,2,1,19.0,6.0,7.0,8.0,120.22,17.174285714285713,,0.8571428571428571,8-14,1
51983,5.0,Computer,1,6.0,Debit Card,3.0,3,Mobile Phone,1,1,0,12.0,1.0,1.0,2.0,123.14,123.14,0.16666666666666666,1.0,0-3,0
51984,0.0,Mobile Phone,3,10.0,E wallet,2.0,4,Laptop & Accessory,5,2,0,12.0,1.0,1.0,3.0,142.56,142.56,1.0,1.0,0-3,0
51985,22.0,Mobile Phone,1,6.0,Cash on Delivery,2.0,3,Mobile Phone,5,3,0,16.0,0.0,1.0,2.0,135.8,135.8,0.043478260869565216,0.0,0-3,0
51986,0.0,Computer,1,10.0,Debit Card,2.0,4,Mobile Phone,1,1,0,17.0,0.0,3.0,4.0,131.62,43.873333333333335,3.0,0.0,4-7,0
51987,5.0,Computer,3,11.0,Debit Card,2.0,3,Laptop & Accessory,4,2,0,14.0,2.0,5.0,3.0,165.24,33.048,0.8333333333333334,0.4,0-3,0
51988,11.0,Mobile Phone,3,15.0,E wallet,,4,Mobile Phone,4,1,0,19.0,0.0,1.0,2.0,128.99,128.99,0.08333333333333333,0.0,0-3,0
51989,15.0,Mobile Phone,1,9.0,Debit Card,3.0,1,Laptop & Accessory,1,3,1,13.0,1.0,1.0,3.0,152.31,152.31,0.0625,1.0,0-3,0
51990,4.0,Mobile Phone,1,,Debit Card,2.0,3,Mobile Phone,1,4,1,19.0,0.0,1.0,2.0,123.56,123.56,0.2,0.0,0-3,0
51991,0.0,Mobile Phone,3,6.0,Credit Card,,4,Mobile Phone,3,7,1,19.0,1.0,1.0,2.0,128.0,128.0,1.0,1.0,0-3,1
51992,26.0,Mobile Phone,3,14.0,E wallet,3.0,3,Grocery,1,6,0,14.0,2.0,2.0,,218.36,109.18,0.07407407407407407,1.0,,0
51993,8.0,Mobile Phone,1,31.0,Cash on Delivery,3.0,4,Fashion,4,4,0,16.0,2.0,4.0,8.0,209.03,52.2575,0.4444444444444444,0.5,8-14,0
51994,10.0,Computer,3,27.0,Credit Card,,3,Mobile Phone,1,6,0,15.0,1.0,1.0,0.0,129.73,129.73,0.09090909090909091,1.0,0-3,0
51995,26.0,Mobile Phone,1,29.0,Debit Card,3.0,3,Grocery,1,7,0,18.0,3.0,,8.0,242.75,,,,8-14,0
51996,16.0,Computer,1,6.0,Debit Card,2.0,3,Laptop & Accessory,1,5,0,13.0,1.0,2.0,2.0,155.62,77.81,0.11764705882352941,0.5,0-3,0
51997,20.0,Mobile Phone,3,8.0,E wallet,2.0,3,Laptop & Accessory,1,1,1,22.0,3.0,7.0,7.0,145.37,20.767142857142858,0.3333333333333333,0.42857142857142855,4-7,0
52000,12.0,Mobile Phone,2,8.0,Debit Card,2.0,4,Laptop & Accessory,1,9,0,11.0,1.0,1.0,4.0,152.04,152.04,0.07692307692307693,1.0,4-7,0
52002,0.0,Mobile Phone,1,31.0,Debit Card,,3,Mobile Phone,1,2,1,24.0,0.0,1.0,1.0,127.95,127.95,1.0,0.0,0-3,1
52003,2.0,Mobile Phone,1,,Credit Card,3.0,4,Mobile Phone,1,7,0,14.0,1.0,1.0,3.0,125.32,125.32,0.3333333333333333,1.0,0-3,0
52004,17.0,Mobile Phone,1,,Debit Card,3.0,3,Mobile Phone,5,2,1,13.0,5.0,7.0,1.0,125.59,17.94142857142857,0.3888888888888889,0.7142857142857143,0-3,0
52005,1.0,Mobile Phone,3,11.0,Credit Card,3.0,3,Laptop & Accessory,1,2,0,14.0,0.0,1.0,2.0,149.08,149.08,0.5,0.0,0-3,0
52006,20.0,Computer,1,,Debit Card,2.0,4,Mobile Phone,1,10,1,14.0,1.0,1.0,0.0,123.8,123.8,0.047619047619047616,1.0,0-3,1
52008,,Mobile Phone,3,8.0,Credit Card,2.0,4,Mobile Phone,3,2,0,13.0,1.0,1.0,2.0,120.44,120.44,,1.0,0-3,1
52009,0.0,Mobile Phone,1,24.0,UPI,,3,Mobile Phone,1,2,0,19.0,1.0,1.0,0.0,126.93,126.93,1.0,1.0,0-3,1
52010,9.0,Mobile Phone,1,20.0,Debit Card,3.0,3,Laptop & Accessory,1,1,1,17.0,2.0,4.0,11.0,165.86,41.465,0.4,0.5,8-14,0
52011,20.0,Mobile Phone,3,8.0,Debit Card,3.0,4,Mobile Phone,1,2,1,18.0,0.0,1.0,2.0,132.94,132.94,0.047619047619047616,0.0,0-3,0
52012,0.0,Mobile Phone,1,9.0,Debit Card,2.0,3,Laptop & Accessory,3,1,1,19.0,1.0,1.0,2.0,141.71,141.71,1.0,1.0,0-3,1
52013,4.0,Mobile Phone,1,8.0,Debit Card,,5,Mobile Phone,1,5,1,13.0,0.0,1.0,0.0,127.78,127.78,0.2,0.0,0-3,1
52014,1.0,Mobile Phone,1,,Credit Card,3.0,3,Mobile Phone,3,6,0,18.0,0.0,2.0,2.0,123.77,61.885,1.0,0.0,0-3,0
52015,2.0,Mobile Phone,1,,Credit Card,3.0,3,Mobile Phone,5,8,1,21.0,1.0,2.0,2.0,124.04,62.02,0.6666666666666666,0.5,0-3,1
52016,0.0,Mobile Phone,1,,Debit Card,3.0,3,Mobile Phone,3,2,0,19.0,0.0,1.0,0.0,123.18,123.18,1.0,0.0,0-3,0
52018,15.0,Mobile Phone,3,20.0,Credit Card,3.0,4,Laptop & Accessory,3,8,0,17.0,1.0,1.0,3.0,162.44,162.44,0.0625,1.0,0-3,0
52019,6.0,Mobile Phone,1,6.0,UPI,,4,Mobile Phone,5,4,1,11.0,1.0,1.0,2.0,127.99,127.99,0.14285714285714285,1.0,0-3,0
52021,4.0,Mobile Phone,3,,Debit Card,2.0,4,Mobile Phone,3,4,0,15.0,2.0,5.0,2.0,123.29,24.658,1.0,0.4,0-3,0
52022,8.0,Mobile Phone,1,27.0,Debit Card,2.0,3,Laptop & Accessory,1,2,1,25.0,0.0,1.0,7.0,140.14,140.14,0.1111111111111111,0.0,4-7,0
52023,22.0,Mobile Phone,1,14.0,UPI,2.0,3,Fashion,4,5,0,11.0,0.0,1.0,7.0,174.03,174.03,0.043478260869565216,0.0,4-7,0
52024,,Mobile Phone,1,26.0,Credit Card,2.0,3,Mobile Phone,3,5,0,17.0,1.0,1.0,0.0,122.59,122.59,,1.0,0-3,0
52025,4.0,Computer,3,26.0,E wallet,2.0,3,Laptop & Accessory,3,2,0,13.0,1.0,1.0,0.0,169.32,169.32,0.2,1.0,0-3,0
52026,9.0,Mobile Phone,1,13.0,UPI,3.0,3,Mobile Phone,1,3,0,18.0,1.0,1.0,1.0,146.78,146.78,0.1,1.0,0-3,0
52027,11.0,Mobile Phone,1,6.0,Cash on Delivery,3.0,3,Fashion,5,2,0,13.0,4.0,,11.0,235.82,,,,8-14,0
52028,5.0,Computer,1,,Debit Card,3.0,4,Mobile Phone,4,7,0,20.0,0.0,1.0,2.0,123.32,123.32,0.16666666666666666,0.0,0-3,0
52029,0.0,Mobile Phone,3,,E wallet,2.0,4,Mobile Phone,4,2,1,18.0,0.0,1.0,0.0,124.13,124.13,1.0,0.0,0-3,1
52030,13.0,Mobile Phone,3,16.0,E wallet,3.0,4,Fashion,4,3,0,12.0,0.0,1.0,0.0,197.05,197.05,0.07142857142857142,0.0,0-3,0
52031,0.0,Computer,3,6.0,Credit Card,2.0,4,Laptop & Accessory,5,2,0,12.0,0.0,1.0,7.0,142.94,142.94,1.0,0.0,4-7,0
52033,9.0,Mobile Phone,1,,Credit Card,3.0,3,Mobile Phone,3,5,0,21.0,1.0,3.0,9.0,125.19,41.73,0.3,0.3333333333333333,8-14,0
52034,,Mobile Phone,3,27.0,UPI,2.0,4,Mobile Phone,4,2,1,13.0,1.0,1.0,0.0,121.21,121.21,,1.0,0-3,1
52036,4.0,Mobile Phone,1,18.0,Credit Card,2.0,3,Laptop & Accessory,1,1,1,11.0,6.0,8.0,5.0,158.55,19.81875,1.6,0.75,4-7,0
52038,5.0,Mobile Phone,1,9.0,Credit Card,3.0,3,Laptop & Accessory,5,2,0,12.0,1.0,6.0,3.0,167.25,27.875,1.0,0.16666666666666666,0-3,0
52039,0.0,Mobile Phone,3,9.0,Debit Card,2.0,4,Fashion,1,2,1,11.0,3.0,3.0,7.0,203.25,67.75,3.0,1.0,4-7,1
52040,6.0,Mobile Phone,1,6.0,Debit Card,2.0,4,Laptop & Accessory,1,1,0,14.0,1.0,1.0,4.0,169.49,169.49,0.14285714285714285,1.0,4-7,0
52041,0.0,Mobile Phone,3,6.0,Debit Card,2.0,4,Fashion,3,6,0,11.0,5.0,11.0,46.0,206.09,18.735454545454544,11.0,0.45454545454545453,15+,1
52042,18.0,Computer,1,10.0,Debit Card,2.0,3,Laptop & Accessory,4,2,0,12.0,1.0,1.0,8.0,144.47,144.47,0.05263157894736842,1.0,8-14,0
52043,,Computer,3,26.0,Cash on Delivery,2.0,3,Mobile Phone,1,2,0,15.0,0.0,1.0,2.0,121.57,121.57,,0.0,0-3,0
52044,8.0,Mobile Phone,3,24.0,Credit Card,2.0,3,Laptop & Accessory,3,2,0,16.0,1.0,1.0,0.0,146.01,146.01,0.1111111111111111,1.0,0-3,0
52045,25.0,Mobile Phone,1,6.0,Debit Card,3.0,3,Grocery,1,3,0,15.0,,7.0,8.0,270.99,38.712857142857146,0.2692307692307692,,8-14,0
52046,20.0,Mobile Phone,1,,Cash on Delivery,2.0,3,Mobile Phone,3,5,0,24.0,0.0,1.0,0.0,124.79,124.79,0.047619047619047616,0.0,0-3,1
52047,26.0,Mobile Phone,3,8.0,Credit Card,2.0,3,Grocery,3,7,0,13.0,11.0,,2.0,248.52,,,,0-3,0
52048,3.0,Mobile Phone,3,14.0,UPI,3.0,3,Fashion,3,6,0,11.0,2.0,7.0,7.0,172.64,24.662857142857142,1.75,0.2857142857142857,4-7,0
52049,11.0,Computer,3,16.0,Cash on Delivery,2.0,3,Laptop & Accessory,1,2,1,13.0,1.0,1.0,3.0,156.66,156.66,0.08333333333333333,1.0,0-3,0
52050,8.0,Mobile Phone,3,9.0,Debit Card,3.0,3,Fashion,1,7,0,13.0,0.0,1.0,8.0,178.23,178.23,0.1111111111111111,0.0,8-14,0
52051,12.0,Mobile Phone,3,8.0,Debit Card,2.0,1,Fashion,3,1,0,18.0,0.0,1.0,7.0,178.8,178.8,0.07692307692307693,0.0,4-7,0
52053,20.0,Computer,1,22.0,Credit Card,3.0,1,Laptop & Accessory,3,2,1,19.0,1.0,2.0,7.0,150.67,75.335,0.09523809523809523,0.5,4-7,0
52054,9.0,Computer,3,14.0,Cash on Delivery,2.0,3,Laptop & Accessory,1,5,0,13.0,1.0,1.0,7.0,150.79,150.79,0.1,1.0,4-7,0
52055,0.0,Computer,1,,Credit Card,2.0,4,Mobile Phone,5,1,1,22.0,0.0,1.0,2.0,123.21,123.21,1.0,0.0,0-3,1
52058,6.0,Mobile Phone,1,19.0,Debit Card,2.0,3,Mobile Phone,1,4,0,18.0,1.0,1.0,2.0,134.52,134.52,0.14285714285714285,1.0,0-3,0
52059,,Mobile Phone,1,6.0,Credit Card,3.0,3,Mobile Phone,1,4,0,14.0,1.0,1.0,2.0,122.7,122.7,,1.0,0-3,0
52060,23.0,Mobile Phone,1,6.0,Credit Card,3.0,3,Grocery,1,10,0,22.0,,1.0,3.0,273.99,273.99,0.041666666666666664,,0-3,0
52061,6.0,Computer,1,6.0,UPI,2.0,1,Laptop & Accessory,4,2,1,13.0,1.0,1.0,2.0,154.88,154.88,0.14285714285714285,1.0,0-3,0
52062,14.0,Computer,1,15.0,Credit Card,3.0,3,Others,3,3,0,,0.0,1.0,11.0,294.19,294.19,0.06666666666666667,0.0,8-14,0
52063,0.0,Mobile Phone,1,22.0,Cash on Delivery,,3,Mobile Phone,4,10,0,14.0,2.0,2.0,2.0,128.11,64.055,2.0,1.0,0-3,0
52064,18.0,Computer,1,29.0,Debit Card,2.0,3,Laptop & Accessory,5,2,1,15.0,1.0,1.0,8.0,136.33,136.33,0.05263157894736842,1.0,8-14,0
52065,20.0,Mobile Phone,3,10.0,Debit Card,2.0,3,Laptop & Accessory,1,2,1,17.0,1.0,1.0,7.0,141.63,141.63,0.047619047619047616,1.0,4-7,0
52066,,Mobile Phone,1,28.0,Debit Card,2.0,3,Mobile Phone,3,5,1,11.0,0.0,1.0,1.0,121.32,121.32,,0.0,0-3,1
52067,23.0,Mobile Phone,1,30.0,Debit Card,3.0,3,Grocery,3,4,1,18.0,1.0,,5.0,239.73,,,,4-7,0
52068,11.0,Computer,1,16.0,Credit Card,,3,Mobile Phone,3,1,0,17.0,0.0,1.0,2.0,126.84,126.84,0.08333333333333333,0.0,0-3,0
52069,19.0,Mobile Phone,1,13.0,Credit Card,3.0,3,Fashion,3,7,0,13.0,1.0,1.0,7.0,208.45,208.45,0.05,1.0,4-7,0
52070,0.0,Mobile Phone,1,23.0,Credit Card,2.0,4,Laptop & Accessory,3,2,0,15.0,0.0,3.0,2.0,143.77,47.92333333333334,3.0,0.0,0-3,0
52072,4.0,Computer,1,6.0,Debit Card,3.0,3,Laptop & Accessory,5,2,0,12.0,1.0,1.0,3.0,141.48,141.48,0.2,1.0,0-3,0
52073,0.0,Computer,1,11.0,Debit Card,3.0,3,Mobile Phone,1,2,0,15.0,0.0,1.0,0.0,110.51,110.51,1.0,0.0,0-3,0
52074,27.0,Mobile Phone,1,23.0,Cash on Delivery,2.0,3,Fashion,3,9,0,11.0,0.0,1.0,8.0,207.39,207.39,0.03571428571428571,0.0,8-14,0
52075,8.0,Mobile Phone,1,31.0,Credit Card,2.0,3,Fashion,3,2,1,11.0,0.0,10.0,1.0,203.88,20.387999999999998,1.1111111111111112,0.0,0-3,0
52076,3.0,Mobile Phone,1,14.0,Debit Card,3.0,1,Fashion,5,1,1,12.0,0.0,1.0,,214.16000000000005,214.16000000000005,0.25,0.0,,0
52077,0.0,Mobile Phone,1,,Credit Card,3.0,4,Mobile Phone,5,2,1,15.0,1.0,1.0,0.0,126.0,126.0,1.0,1.0,0-3,1
52079,0.0,Mobile Phone,1,8.0,Credit Card,2.0,1,Laptop & Accessory,1,2,0,12.0,1.0,1.0,3.0,154.72,154.72,1.0,1.0,0-3,0
52080,0.0,Mobile Phone,1,,Debit Card,3.0,5,Mobile Phone,5,2,0,15.0,0.0,1.0,1.0,124.51,124.51,1.0,0.0,0-3,0
52083,14.0,Mobile Phone,1,13.0,Credit Card,2.0,3,Laptop & Accessory,3,7,0,14.0,2.0,2.0,1.0,150.03,75.015,0.13333333333333333,1.0,0-3,0
52084,12.0,Mobile Phone,1,6.0,Debit Card,3.0,4,Grocery,1,2,0,16.0,9.0,11.0,,227.42,20.674545454545452,0.8461538461538461,0.8181818181818182,,0
52085,0.0,Mobile Phone,1,8.0,Debit Card,2.0,3,Laptop & Accessory,1,1,0,18.0,2.0,2.0,2.0,142.27,71.135,2.0,1.0,0-3,0
52086,8.0,Mobile Phone,1,16.0,UPI,2.0,3,Mobile Phone,1,2,0,20.0,0.0,1.0,2.0,139.17,139.17,0.1111111111111111,0.0,0-3,0
52087,0.0,Mobile Phone,3,11.0,E wallet,2.0,3,Others,3,7,0,13.0,,1.0,0.0,283.03,283.03,1.0,,0-3,0
52088,23.0,Mobile Phone,1,,Debit Card,3.0,3,Mobile Phone,1,5,0,18.0,1.0,1.0,0.0,123.8,123.8,0.041666666666666664,1.0,0-3,0
52089,30.0,Mobile Phone,1,8.0,Debit Card,3.0,4,Grocery,1,4,1,13.0,4.0,,3.0,237.26,,,,0-3,0
52090,0.0,Mobile Phone,1,17.0,Credit Card,3.0,5,Laptop & Accessory,4,6,0,15.0,1.0,1.0,0.0,147.77,147.77,1.0,1.0,0-3,1
52091,28.0,Computer,1,24.0,Credit Card,3.0,3,Laptop & Accessory,4,4,1,14.0,2.0,6.0,7.0,163.85,27.308333333333334,0.20689655172413793,0.3333333333333333,4-7,0
52092,14.0,Computer,1,13.0,Debit Card,2.0,5,Others,3,2,0,,5.0,5.0,10.0,299.73,59.946000000000005,0.3333333333333333,1.0,8-14,0
52093,11.0,Mobile Phone,3,9.0,Debit Card,2.0,3,Laptop & Accessory,1,9,1,12.0,1.0,1.0,0.0,168.61,168.61,0.08333333333333333,1.0,0-3,0
52094,0.0,Computer,3,35.0,Credit Card,3.0,5,Laptop & Accessory,5,9,0,18.0,1.0,2.0,2.0,149.69,74.845,2.0,0.5,0-3,1
52095,15.0,Mobile Phone,3,8.0,E wallet,2.0,5,Others,1,2,0,,3.0,6.0,9.0,298.45,49.74166666666667,0.375,0.5,8-14,1
52096,17.0,Mobile Phone,3,34.0,Credit Card,2.0,1,Grocery,1,4,1,18.0,4.0,,11.0,233.2,,,,8-14,0
52097,23.0,Computer,3,6.0,Debit Card,3.0,3,Laptop & Accessory,3,1,0,12.0,0.0,1.0,13.0,163.47,163.47,0.041666666666666664,0.0,8-14,0
52098,0.0,Mobile Phone,1,22.0,Debit Card,,1,Mobile Phone,5,2,0,16.0,3.0,15.0,14.0,127.43,8.495333333333333,15.0,0.2,8-14,1
52100,6.0,Computer,3,,Debit Card,2.0,4,Mobile Phone,1,1,0,19.0,0.0,2.0,2.0,123.42,61.71,0.2857142857142857,0.0,0-3,0
52101,18.0,Mobile Phone,3,17.0,Debit Card,2.0,3,Grocery,1,4,0,13.0,,1.0,1.0,276.5,276.5,0.05263157894736842,,0-3,0
52102,5.0,Computer,1,35.0,Credit Card,3.0,3,Mobile Phone,3,10,0,12.0,6.0,7.0,7.0,140.25,20.035714285714285,1.1666666666666667,0.8571428571428571,4-7,0
52103,7.0,Mobile Phone,3,6.0,E wallet,3.0,1,Laptop & Accessory,1,1,0,11.0,0.0,1.0,9.0,197.25,197.25,0.125,0.0,8-14,0
52104,30.0,Mobile Phone,3,6.0,Cash on Delivery,3.0,3,Fashion,1,4,1,14.0,1.0,1.0,,219.04,219.04,0.03225806451612903,1.0,,0
52106,26.0,Computer,3,8.0,E wallet,2.0,4,Fashion,4,3,0,12.0,5.0,6.0,12.0,175.25,29.208333333333332,0.2222222222222222,0.8333333333333334,8-14,0
52108,,Computer,1,8.0,Debit Card,2.0,3,Mobile Phone,5,7,1,14.0,0.0,1.0,2.0,120.42,120.42,,0.0,0-3,1
52109,,Mobile Phone,3,16.0,Debit Card,2.0,3,Mobile Phone,3,2,1,19.0,0.0,1.0,0.0,122.2,122.2,,0.0,0-3,0
52110,1.0,Mobile Phone,3,16.0,Credit Card,3.0,3,Mobile Phone,4,2,0,22.0,0.0,1.0,0.0,110.52,110.52,0.5,0.0,0-3,0
52111,11.0,Computer,1,9.0,UPI,,3,Mobile Phone,3,4,0,16.0,2.0,2.0,2.0,128.21,64.105,0.16666666666666666,1.0,0-3,0
52112,23.0,Mobile Phone,1,8.0,Credit Card,3.0,3,Others,3,3,1,,4.0,7.0,7.0,292.37,41.76714285714286,0.2916666666666667,0.5714285714285714,4-7,0
52114,13.0,Mobile Phone,3,32.0,E wallet,3.0,3,Laptop & Accessory,5,2,0,14.0,3.0,7.0,5.0,183.96,26.28,0.5,0.42857142857142855,4-7,0
52115,,Computer,1,6.0,Credit Card,3.0,4,Mobile Phone,3,2,0,13.0,0.0,1.0,3.0,120.07,120.07,,0.0,0-3,0
52116,19.0,Mobile Phone,1,6.0,Credit Card,2.0,3,Others,1,10,0,,1.0,2.0,2.0,296.27,148.135,0.1,0.5,0-3,0
52117,27.0,Mobile Phone,3,8.0,Debit Card,2.0,4,Fashion,3,7,0,11.0,6.0,7.0,0.0,206.86,29.551428571428573,0.25,0.8571428571428571,0-3,0
52118,29.0,Computer,1,15.0,Credit Card,,3,Mobile Phone,3,3,0,19.0,1.0,1.0,3.0,129.42,129.42,0.03333333333333333,1.0,0-3,0
52119,9.0,Mobile Phone,1,18.0,Credit Card,2.0,4,Fashion,1,1,0,11.0,5.0,7.0,8.0,188.58,26.94,0.7,0.7142857142857143,8-14,0
52121,16.0,Mobile Phone,3,31.0,Credit Card,3.0,4,Fashion,1,6,0,13.0,1.0,1.0,0.0,207.98,207.98,0.058823529411764705,1.0,0-3,0
52122,0.0,Computer,3,,E wallet,2.0,3,Mobile Phone,1,2,1,14.0,1.0,1.0,2.0,123.23,123.23,1.0,1.0,0-3,1
52123,,Mobile Phone,1,16.0,Debit Card,2.0,4,Mobile Phone,5,2,0,13.0,0.0,1.0,0.0,114.16,114.16,,0.0,0-3,1
52125,14.0,Mobile Phone,1,,Debit Card,2.0,3,Mobile Phone,3,10,1,12.0,0.0,2.0,7.0,124.61,62.305,0.13333333333333333,0.0,4-7,1
52126,0.0,Computer,1,30.0,Cash on Delivery,3.0,4,Fashion,5,2,0,12.0,1.0,1.0,9.0,187.22,187.22,1.0,1.0,8-14,1
52127,0.0,Mobile Phone,1,6.0,Credit Card,2.0,4,Mobile Phone,5,2,0,16.0,1.0,1.0,3.0,139.55,139.55,1.0,1.0,0-3,0
52128,3.0,Mobile Phone,1,26.0,UPI,2.0,3,Laptop & Accessory,5,1,0,15.0,0.0,1.0,2.0,199.57,199.57,0.25,0.0,0-3,0
52129,14.0,Mobile Phone,1,13.0,Cash on Delivery,2.0,1,Mobile Phone,3,2,0,13.0,0.0,1.0,8.0,133.76,133.76,0.06666666666666667,0.0,8-14,0
52130,11.0,Mobile Phone,1,23.0,Debit Card,3.0,4,Fashion,3,1,0,18.0,1.0,1.0,9.0,188.23,188.23,0.08333333333333333,1.0,8-14,0
52131,13.0,Mobile Phone,1,26.0,Cash on Delivery,3.0,3,Fashion,1,5,0,20.0,3.0,11.0,1.0,203.22,18.474545454545453,0.7857142857142857,0.2727272727272727,0-3,0
52132,0.0,Computer,1,14.0,Debit Card,2.0,5,Mobile Phone,3,2,0,19.0,1.0,1.0,2.0,146.21,146.21,1.0,1.0,0-3,0
52133,28.0,Computer,1,8.0,Debit Card,3.0,3,Fashion,4,4,0,18.0,0.0,1.0,,209.76,209.76,0.034482758620689655,0.0,,0
52134,1.0,Mobile Phone,1,16.0,UPI,2.0,3,Laptop & Accessory,3,4,0,13.0,0.0,1.0,7.0,136.6,136.6,0.5,0.0,4-7,0
52135,7.0,Mobile Phone,2,6.0,Credit Card,3.0,4,Fashion,5,10,0,14.0,2.0,3.0,6.0,204.82,68.27333333333333,0.375,0.6666666666666666,4-7,1
52136,6.0,Mobile Phone,1,11.0,Debit Card,2.0,4,Fashion,1,5,0,15.0,1.0,1.0,2.0,171.19,171.19,0.14285714285714285,1.0,0-3,0
52137,0.0,Mobile Phone,3,10.0,Cash on Delivery,2.0,3,Fashion,5,1,1,22.0,2.0,4.0,7.0,195.82,48.955,4.0,0.5,4-7,1
52138,0.0,Computer,1,35.0,Credit Card,2.0,4,Laptop & Accessory,3,2,0,22.0,2.0,3.0,8.0,145.08,48.36000000000001,3.0,0.6666666666666666,8-14,1
52139,,Mobile Phone,1,21.0,Debit Card,2.0,3,Mobile Phone,3,2,0,16.0,0.0,2.0,2.0,122.07,61.035,,0.0,0-3,0
52140,7.0,Computer,1,9.0,Debit Card,2.0,3,Laptop & Accessory,1,1,0,17.0,1.0,1.0,4.0,177.56,177.56,0.125,1.0,4-7,0
52141,10.0,Mobile Phone,3,16.0,Debit Card,2.0,4,Laptop & Accessory,1,3,1,14.0,1.0,1.0,0.0,166.94,166.94,0.09090909090909091,1.0,0-3,0
52142,0.0,Mobile Phone,1,10.0,Cash on Delivery,2.0,3,Mobile Phone,1,2,1,15.0,4.0,5.0,6.0,136.91,27.381999999999998,5.0,0.8,4-7,1
52144,0.0,Mobile Phone,1,31.0,Credit Card,2.0,4,Mobile Phone,4,5,1,20.0,1.0,2.0,2.0,123.13,61.565,2.0,0.5,0-3,1
52145,15.0,Mobile Phone,1,8.0,Credit Card,2.0,3,Grocery,5,1,0,17.0,,13.0,7.0,276.65,21.28076923076923,0.8125,,4-7,0
52146,0.0,Computer,1,,Credit Card,2.0,4,Mobile Phone,4,2,0,15.0,1.0,1.0,0.0,125.96,125.96,1.0,1.0,0-3,1
52147,13.0,Computer,3,6.0,UPI,2.0,3,Laptop & Accessory,3,4,1,14.0,1.0,1.0,0.0,147.28,147.28,0.07142857142857142,1.0,0-3,1
52148,6.0,Computer,3,13.0,Debit Card,1.0,3,Laptop & Accessory,4,1,0,17.0,0.0,1.0,2.0,143.02,143.02,0.14285714285714285,0.0,0-3,0
52149,7.0,Computer,1,9.0,Debit Card,,4,Mobile Phone,1,4,0,17.0,0.0,1.0,0.0,129.79,129.79,0.125,0.0,0-3,0
52150,21.0,Computer,1,6.0,Credit Card,2.0,1,Grocery,1,3,0,22.0,,2.0,1.0,268.85,134.425,0.09090909090909091,,0-3,0
52151,18.0,Computer,3,15.0,Debit Card,3.0,4,Laptop & Accessory,3,2,0,13.0,4.0,4.0,12.0,155.93,38.9825,0.21052631578947367,1.0,8-14,0
52152,25.0,Mobile Phone,1,5.0,Debit Card,2.0,3,Fashion,4,8,0,19.0,2.0,4.0,0.0,204.45,51.1125,0.15384615384615385,0.5,0-3,0
52153,11.0,Mobile Phone,3,16.0,E wallet,3.0,4,Fashion,3,1,1,14.0,1.0,2.0,7.0,187.4,93.7,0.16666666666666666,0.5,4-7,0
52154,2.0,Mobile Phone,1,,Debit Card,3.0,3,Mobile Phone,1,5,0,22.0,1.0,1.0,7.0,125.14,125.14,0.3333333333333333,1.0,4-7,0
52156,19.0,Mobile Phone,3,9.0,E wallet,2.0,3,Grocery,3,4,0,12.0,,4.0,9.0,274.65,68.6625,0.2,,8-14,0
52158,16.0,Computer,1,33.0,Debit Card,2.0,3,Fashion,5,9,0,11.0,1.0,1.0,1.0,208.2,208.2,0.058823529411764705,1.0,0-3,0
52159,2.0,Computer,1,8.0,Debit Card,2.0,3,Grocery,1,8,0,11.0,10.0,11.0,,221.69,20.153636363636362,3.6666666666666665,0.9090909090909091,,1
52160,13.0,Mobile Phone,1,20.0,Credit Card,2.0,4,Others,3,2,0,,3.0,4.0,9.0,296.26,74.065,0.2857142857142857,0.75,8-14,0
52161,,Mobile Phone,1,6.0,Cash on Delivery,3.0,4,Mobile Phone,4,2,1,11.0,1.0,2.0,2.0,120.7,60.35,,0.5,0-3,0
52162,12.0,Computer,1,15.0,Debit Card,3.0,3,Laptop & Accessory,4,10,0,15.0,1.0,1.0,3.0,167.82,167.82,0.07692307692307693,1.0,0-3,0
52163,9.0,Computer,1,24.0,Debit Card,3.0,3,Laptop & Accessory,1,3,0,20.0,0.0,1.0,9.0,177.79,177.79,0.1,0.0,8-14,0
52164,4.0,Computer,3,26.0,Debit Card,,1,Mobile Phone,1,1,0,12.0,2.0,2.0,2.0,127.91,63.955,0.4,1.0,0-3,0
52165,1.0,Mobile Phone,1,8.0,Debit Card,3.0,4,Mobile Phone,4,1,0,17.0,0.0,1.0,4.0,132.01,132.01,0.5,0.0,4-7,0
52166,8.0,Computer,3,17.0,E wallet,2.0,3,Laptop & Accessory,1,2,0,11.0,1.0,1.0,2.0,149.68,149.68,0.1111111111111111,1.0,0-3,0
52167,22.0,Mobile Phone,3,14.0,Cash on Delivery,2.0,4,Grocery,4,7,0,17.0,1.0,2.0,,231.2,115.6,0.08695652173913043,0.5,,0
52169,2.0,Computer,1,16.0,Debit Card,3.0,3,Mobile Phone,4,1,0,14.0,0.0,1.0,1.0,132.91,132.91,0.3333333333333333,0.0,0-3,0
52170,15.0,Mobile Phone,1,35.0,Credit Card,2.0,5,Laptop & Accessory,1,5,0,19.0,1.0,1.0,0.0,142.72,142.72,0.0625,1.0,0-3,0
52171,2.0,Mobile Phone,1,14.0,Credit Card,3.0,4,Laptop & Accessory,1,2,1,15.0,1.0,1.0,2.0,150.56,150.56,0.3333333333333333,1.0,0-3,0
52172,11.0,Mobile Phone,2,6.0,UPI,,1,Mobile Phone,3,2,0,13.0,3.0,5.0,0.0,128.44,25.688,0.4166666666666667,0.6,0-3,0
52173,1.0,Computer,1,12.0,Debit Card,,4,Mobile Phone,3,2,1,14.0,1.0,1.0,2.0,127.03,127.03,0.5,1.0,0-3,0
52174,,Computer,1,14.0,Credit Card,3.0,3,Mobile Phone,3,2,0,12.0,1.0,1.0,0.0,119.04,119.04,,1.0,0-3,1
52175,0.0,Mobile Phone,3,15.0,E wallet,3.0,3,Laptop & Accessory,5,4,1,17.0,0.0,1.0,3.0,182.24,182.24,1.0,0.0,0-3,1
52176,14.0,Mobile Phone,1,18.0,Debit Card,2.0,3,Mobile Phone,1,4,1,11.0,1.0,1.0,0.0,147.66,147.66,0.06666666666666667,1.0,0-3,0
52177,0.0,Computer,1,,Credit Card,3.0,3,Mobile Phone,3,2,0,12.0,1.0,2.0,2.0,126.1,63.05,2.0,0.5,0-3,1
52178,10.0,Mobile Phone,1,31.0,Credit Card,2.0,4,Laptop & Accessory,1,8,0,13.0,1.0,1.0,3.0,157.31,157.31,0.09090909090909091,1.0,0-3,0
52179,0.0,Mobile Phone,1,,Debit Card,2.0,4,Mobile Phone,3,2,0,13.0,1.0,2.0,2.0,125.39,62.695,2.0,0.5,0-3,0
52180,7.0,Mobile Phone,3,15.0,Debit Card,3.0,3,Laptop & Accessory,3,2,0,20.0,0.0,1.0,3.0,157.14,157.14,0.125,0.0,0-3,0
52182,0.0,Mobile Phone,3,29.0,Debit Card,2.0,4,Fashion,5,2,0,13.0,1.0,3.0,10.0,173.36,57.78666666666667,3.0,0.3333333333333333,8-14,1
52183,13.0,Computer,1,15.0,Credit Card,2.0,3,Fashion,3,10,0,17.0,1.0,,13.0,234.99,,,,8-14,0
52184,5.0,Computer,3,18.0,Debit Card,2.0,3,Grocery,5,1,1,12.0,2.0,,14.0,237.58,,,,8-14,1
52186,,Mobile Phone,1,6.0,Credit Card,2.0,4,Mobile Phone,3,7,0,12.0,1.0,1.0,7.0,122.58,122.58,,1.0,4-7,0
52187,0.0,Mobile Phone,1,30.0,Credit Card,2.0,3,Mobile Phone,4,9,0,22.0,0.0,1.0,2.0,135.97,135.97,1.0,0.0,0-3,0
52188,0.0,Mobile Phone,1,,Debit Card,3.0,3,Mobile Phone,1,2,1,11.0,1.0,1.0,0.0,125.15,125.15,1.0,1.0,0-3,1
52189,0.0,Mobile Phone,1,9.0,Credit Card,2.0,1,Mobile Phone,1,2,0,22.0,1.0,1.0,7.0,144.2,144.2,1.0,1.0,4-7,0
52190,3.0,Mobile Phone,3,16.0,E wallet,3.0,4,Laptop & Accessory,3,2,0,18.0,0.0,1.0,4.0,165.78,165.78,0.25,0.0,4-7,0
52191,13.0,Computer,1,32.0,Credit Card,3.0,4,Laptop & Accessory,1,4,1,13.0,0.0,1.0,0.0,144.22,144.22,0.07142857142857142,0.0,0-3,0
52192,8.0,Mobile Phone,1,8.0,Debit Card,2.0,4,Fashion,4,3,0,18.0,2.0,6.0,4.0,202.74,33.79,0.6666666666666666,0.3333333333333333,4-7,0
52193,7.0,Computer,1,7.0,Credit Card,3.0,4,Laptop & Accessory,5,1,0,20.0,0.0,4.0,9.0,153.43,38.3575,0.5,0.0,8-14,0
52194,8.0,Computer,1,,UPI,2.0,4,Mobile Phone,1,2,0,13.0,1.0,2.0,2.0,123.76,61.88,0.2222222222222222,0.5,0-3,0
52195,6.0,Mobile Phone,3,15.0,E wallet,2.0,5,Laptop & Accessory,3,9,0,13.0,0.0,1.0,3.0,153.46,153.46,0.14285714285714285,0.0,0-3,1
52196,5.0,Computer,3,8.0,Debit Card,,3,Mobile Phone,5,2,0,12.0,1.0,1.0,0.0,128.27,128.27,0.16666666666666666,1.0,0-3,0
52197,29.0,Mobile Phone,1,10.0,Cash on Delivery,3.0,3,Others,5,5,0,,4.0,4.0,2.0,299.43,74.8575,0.13333333333333333,1.0,0-3,0
52198,2.0,Mobile Phone,1,12.0,Credit Card,,3,Mobile Phone,1,2,0,13.0,0.0,1.0,8.0,131.31,131.31,0.3333333333333333,0.0,8-14,0
52200,18.0,Mobile Phone,1,13.0,Credit Card,2.0,3,Mobile Phone,3,5,1,19.0,0.0,1.0,2.0,144.77,144.77,0.05263157894736842,0.0,0-3,0
52201,10.0,Mobile Phone,1,7.0,Debit Card,2.0,4,Laptop & Accessory,1,2,0,13.0,0.0,3.0,11.0,164.74,54.913333333333334,0.2727272727272727,0.0,8-14,0
52202,0.0,Mobile Phone,1,5.0,Debit Card,,4,Mobile Phone,3,2,0,12.0,0.0,1.0,2.0,130.33,130.33,1.0,0.0,0-3,0
52205,,Mobile Phone,1,21.0,Debit Card,3.0,5,Mobile Phone,1,1,1,18.0,1.0,1.0,3.0,121.68,121.68,,1.0,0-3,0
52206,0.0,Computer,1,9.0,Debit Card,,4,Mobile Phone,1,1,1,11.0,0.0,1.0,0.0,128.53,128.53,1.0,0.0,0-3,1
52207,19.0,Mobile Phone,3,8.0,E wallet,3.0,3,Grocery,5,9,0,23.0,,15.0,9.0,270.48,18.032,0.75,,8-14,0
52209,6.0,Mobile Phone,2,8.0,UPI,3.0,3,Mobile Phone,3,2,0,13.0,1.0,1.0,4.0,136.0,136.0,0.14285714285714285,1.0,4-7,0
52210,,Computer,1,11.0,Debit Card,3.0,4,Mobile Phone,5,7,0,17.0,0.0,1.0,0.0,121.07,121.07,,0.0,0-3,1
52212,13.0,Computer,3,8.0,Credit Card,3.0,3,Laptop & Accessory,4,6,0,12.0,1.0,1.0,0.0,143.27,143.27,0.07142857142857142,1.0,0-3,0
52213,23.0,Computer,1,8.0,Credit Card,1.0,3,Grocery,5,3,0,22.0,,2.0,2.0,278.56,139.28,0.08333333333333333,,0-3,0
52214,1.0,Mobile Phone,1,25.0,Credit Card,3.0,4,Mobile Phone,5,2,0,12.0,1.0,3.0,3.0,131.96,43.98666666666667,1.5,0.3333333333333333,0-3,0
52215,19.0,Mobile Phone,1,21.0,Debit Card,2.0,3,Others,4,6,0,11.0,,1.0,3.0,290.81,290.81,0.05,,0-3,0
52216,8.0,Mobile Phone,3,23.0,Debit Card,3.0,3,Laptop & Accessory,5,4,1,15.0,0.0,1.0,7.0,189.66,189.66,0.1111111111111111,0.0,4-7,0
52217,,Mobile Phone,1,23.0,Debit Card,3.0,3,Mobile Phone,4,2,0,13.0,1.0,1.0,0.0,122.1,122.1,,1.0,0-3,1
52218,6.0,Computer,3,31.0,Credit Card,2.0,3,Laptop & Accessory,3,2,0,12.0,0.0,1.0,1.0,145.39,145.39,0.14285714285714285,0.0,0-3,0
52219,9.0,Mobile Phone,1,12.0,Debit Card,,5,Mobile Phone,3,2,0,14.0,1.0,1.0,7.0,127.41,127.41,0.1,1.0,4-7,0
52220,3.0,Mobile Phone,1,13.0,Debit Card,2.0,3,Laptop & Accessory,3,2,0,13.0,4.0,8.0,9.0,134.91,16.86375,2.0,0.5,8-14,0
52221,17.0,Mobile Phone,1,35.0,UPI,2.0,3,Laptop & Accessory,1,2,0,25.0,6.0,13.0,17.0,145.41,11.185384615384615,0.7222222222222222,0.46153846153846156,15+,0
52222,0.0,Mobile Phone,3,27.0,E wallet,,1,Mobile Phone,1,2,0,17.0,2.0,2.0,2.0,126.78,63.39,2.0,1.0,0-3,0
52223,19.0,Mobile Phone,1,8.0,Cash on Delivery,2.0,3,Laptop & Accessory,1,3,0,11.0,0.0,1.0,4.0,173.79,173.79,0.05,0.0,4-7,0
52224,15.0,Computer,2,8.0,Credit Card,3.0,1,Laptop & Accessory,5,8,0,16.0,1.0,1.0,3.0,162.72,162.72,0.0625,1.0,0-3,0
52225,30.0,Mobile Phone,3,13.0,E wallet,2.0,1,Laptop & Accessory,1,1,1,18.0,0.0,1.0,9.0,152.2,152.2,0.03225806451612903,0.0,8-14,0
52226,5.0,Computer,1,19.0,UPI,3.0,4,Mobile Phone,4,2,0,20.0,2.0,2.0,2.0,134.0,67.0,0.3333333333333333,1.0,0-3,0
52228,9.0,Mobile Phone,1,7.0,Cash on Delivery,3.0,5,Fashion,5,3,1,21.0,7.0,7.0,7.0,202.52,28.931428571428572,0.7,1.0,4-7,0
52229,6.0,Mobile Phone,1,15.0,Credit Card,,3,Mobile Phone,1,1,0,13.0,0.0,4.0,10.0,127.81,31.9525,0.5714285714285714,0.0,8-14,0
52231,0.0,Mobile Phone,3,16.0,Debit Card,2.0,3,Laptop & Accessory,1,1,0,14.0,1.0,1.0,1.0,149.5,149.5,1.0,1.0,0-3,0
52232,3.0,Mobile Phone,1,7.0,Credit Card,3.0,3,Mobile Phone,4,1,1,21.0,3.0,5.0,7.0,135.79,27.157999999999998,1.25,0.6,4-7,0
52233,15.0,Computer,1,32.0,Credit Card,2.0,3,Fashion,5,4,1,17.0,0.0,,0.0,231.91000000000005,,,,0-3,0
52234,8.0,Computer,3,14.0,E wallet,3.0,4,Fashion,1,5,1,11.0,3.0,4.0,12.0,203.77,50.9425,0.4444444444444444,0.75,8-14,0
52235,,Mobile Phone,1,20.0,Debit Card,2.0,3,Mobile Phone,5,2,1,14.0,5.0,6.0,8.0,122.35,20.391666666666666,,0.8333333333333334,8-14,0
52236,27.0,Computer,1,7.0,Debit Card,2.0,3,Fashion,3,8,0,17.0,0.0,1.0,4.0,205.02,205.02,0.03571428571428571,0.0,4-7,0
52237,,Mobile Phone,1,8.0,Debit Card,3.0,1,Mobile Phone,1,2,0,13.0,1.0,7.0,7.0,120.11,17.158571428571427,,0.14285714285714285,4-7,0
52238,,Computer,1,16.0,Credit Card,3.0,4,Mobile Phone,4,2,1,25.0,0.0,1.0,0.0,118.59,118.59,,0.0,0-3,1
52239,2.0,Mobile Phone,1,7.0,Debit Card,3.0,3,Mobile Phone,1,2,0,15.0,1.0,1.0,2.0,137.6,137.6,0.3333333333333333,1.0,0-3,0
52240,27.0,Mobile Phone,1,9.0,Debit Card,2.0,3,Grocery,1,4,0,14.0,,1.0,9.0,277.79,277.79,0.03571428571428571,,8-14,0
52241,4.0,Mobile Phone,1,17.0,Credit Card,3.0,3,Laptop & Accessory,5,2,1,12.0,1.0,1.0,1.0,168.33,168.33,0.2,1.0,0-3,0
52242,4.0,Mobile Phone,1,30.0,Credit Card,3.0,4,Laptop & Accessory,5,2,0,19.0,1.0,1.0,8.0,168.12,168.12,0.2,1.0,8-14,0
52243,30.0,Mobile Phone,3,9.0,Debit Card,2.0,4,Laptop & Accessory,1,6,0,17.0,0.0,1.0,5.0,151.71,151.71,0.03225806451612903,0.0,4-7,0
52244,16.0,Mobile Phone,1,9.0,Debit Card,3.0,5,Others,1,4,0,,1.0,1.0,7.0,297.4,297.4,0.058823529411764705,1.0,4-7,0
52245,22.0,Mobile Phone,1,10.0,Credit Card,2.0,4,Others,3,3,0,13.0,,1.0,0.0,287.11,287.11,0.043478260869565216,,0-3,0
52246,9.0,Computer,1,9.0,Cash on Delivery,2.0,3,Mobile Phone,4,2,0,12.0,0.0,1.0,7.0,136.92,136.92,0.1,0.0,4-7,0
52249,2.0,Mobile Phone,1,13.0,Debit Card,2.0,3,Laptop & Accessory,1,2,1,11.0,1.0,1.0,0.0,166.23,166.23,0.3333333333333333,1.0,0-3,0
52250,21.0,Mobile Phone,1,7.0,Debit Card,3.0,4,Others,1,7,0,12.0,,1.0,0.0,282.65,282.65,0.045454545454545456,,0-3,0
52251,2.0,Mobile Phone,1,7.0,Debit Card,2.0,4,Grocery,1,4,0,14.0,,1.0,7.0,261.24,261.24,0.3333333333333333,,4-7,0
52252,7.0,Mobile Phone,1,,Cash on Delivery,2.0,1,Mobile Phone,3,1,0,17.0,1.0,1.0,0.0,125.85,125.85,0.125,1.0,0-3,0
52253,17.0,Mobile Phone,3,11.0,E wallet,2.0,3,Others,4,8,0,11.0,,3.0,10.0,282.13,94.04333333333334,0.16666666666666666,,8-14,0
52254,6.0,Mobile Phone,3,16.0,E wallet,2.0,1,Fashion,3,1,1,14.0,0.0,1.0,8.0,183.8,183.8,0.14285714285714285,0.0,8-14,0
52255,0.0,Mobile Phone,1,31.0,Debit Card,,1,Mobile Phone,1,2,1,12.0,0.0,1.0,1.0,129.94,129.94,1.0,0.0,0-3,0
52256,,Mobile Phone,1,7.0,Debit Card,2.0,3,Mobile Phone,3,2,0,22.0,1.0,1.0,1.0,112.23,112.23,,1.0,0-3,0
52257,0.0,Computer,3,30.0,Debit Card,3.0,5,Mobile Phone,1,2,1,14.0,1.0,1.0,0.0,111.18,111.18,1.0,1.0,0-3,1
52258,0.0,Mobile Phone,1,10.0,Debit Card,,3,Mobile Phone,1,2,1,20.0,2.0,2.0,2.0,128.75,64.375,2.0,1.0,0-3,0
52260,28.0,Computer,1,14.0,Credit Card,2.0,4,Grocery,4,2,1,15.0,2.0,,0.0,235.77,,,,0-3,0
52261,0.0,Computer,1,,Debit Card,2.0,4,Mobile Phone,3,2,0,20.0,1.0,2.0,2.0,126.25,63.125,2.0,0.5,0-3,1
52262,19.0,Mobile Phone,3,10.0,E wallet,2.0,4,Others,4,3,0,14.0,,1.0,8.0,287.89,287.89,0.05,,8-14,0
52264,24.0,Computer,3,15.0,Debit Card,2.0,3,Others,4,5,1,,6.0,11.0,10.0,298.47,27.133636363636366,0.44,0.5454545454545454,8-14,0
52265,30.0,Mobile Phone,1,24.0,Credit Card,3.0,3,Fashion,1,7,0,12.0,3.0,5.0,4.0,205.12,41.024,0.16129032258064516,0.6,4-7,0
52266,7.0,Computer,1,25.0,Credit Card,2.0,3,Laptop & Accessory,4,5,0,13.0,0.0,5.0,10.0,144.44,28.887999999999998,0.625,0.0,8-14,0
52267,,Computer,1,7.0,Credit Card,2.0,3,Mobile Phone,3,1,1,11.0,1.0,1.0,2.0,121.54,121.54,,1.0,0-3,0
52268,17.0,Mobile Phone,1,10.0,Debit Card,3.0,1,Others,5,2,0,14.0,2.0,14.0,13.0,291.9,20.849999999999998,0.7777777777777778,0.14285714285714285,8-14,0
52269,7.0,Computer,2,17.0,Debit Card,2.0,4,Laptop & Accessory,4,5,0,11.0,0.0,1.0,8.0,144.9,144.9,0.125,0.0,8-14,0
52270,8.0,Mobile Phone,1,12.0,Debit Card,3.0,3,Mobile Phone,3,1,1,14.0,1.0,2.0,2.0,135.06,67.53,0.2222222222222222,0.5,0-3,0
52271,15.0,Mobile Phone,1,,Credit Card,3.0,1,Laptop & Accessory,4,7,1,16.0,0.0,1.0,0.0,123.72,123.72,0.0625,0.0,0-3,0
52272,16.0,Mobile Phone,3,10.0,E wallet,2.0,4,Fashion,1,4,0,14.0,10.0,15.0,17.0,202.31,13.487333333333334,0.8823529411764706,0.6666666666666666,15+,0
52274,7.0,Mobile Phone,1,21.0,Credit Card,3.0,3,Fashion,1,2,0,11.0,0.0,1.0,5.0,179.78,179.78,0.125,0.0,4-7,1
52275,1.0,Computer,1,8.0,Debit Card,2.0,4,Mobile Phone,1,2,1,12.0,0.0,2.0,2.0,138.67,69.335,1.0,0.0,0-3,0
52276,24.0,Computer,1,12.0,Credit Card,,4,Mobile Phone,3,1,0,14.0,3.0,7.0,7.0,128.38,18.34,0.28,0.42857142857142855,4-7,0
52277,3.0,Computer,1,15.0,Credit Card,3.0,3,Laptop & Accessory,3,8,1,18.0,0.0,1.0,7.0,146.95,146.95,0.25,0.0,4-7,0
52278,0.0,Mobile Phone,1,13.0,Cash on Delivery,2.0,3,Mobile Phone,3,4,1,13.0,4.0,7.0,7.0,133.39,19.055714285714284,7.0,0.5714285714285714,4-7,1
52279,,Mobile Phone,1,7.0,Cash on Delivery,2.0,3,Mobile Phone,5,3,0,11.0,1.0,1.0,2.0,120.8,120.8,,1.0,0-3,0
52280,,Mobile Phone,1,7.0,Credit Card,2.0,3,Mobile Phone,4,2,0,18.0,1.0,2.0,1.0,120.96,60.48,,0.5,0-3,0
52281,5.0,Mobile Phone,3,14.0,Credit Card,2.0,1,Laptop & Accessory,1,2,0,15.0,0.0,1.0,8.0,162.09,162.09,0.16666666666666666,0.0,8-14,0
52284,30.0,Mobile Phone,1,,Debit Card,2.0,3,Mobile Phone,3,2,0,12.0,1.0,2.0,2.0,123.72,61.86,0.06451612903225806,0.5,0-3,0
52285,0.0,Mobile Phone,1,13.0,Debit Card,3.0,3,Laptop & Accessory,3,2,0,18.0,0.0,1.0,1.0,148.83,148.83,1.0,0.0,0-3,1
52287,3.0,Mobile Phone,1,12.0,Cash on Delivery,2.0,4,Laptop & Accessory,1,1,0,12.0,5.0,6.0,7.0,146.27,24.378333333333334,1.5,0.8333333333333334,4-7,0
52288,9.0,Mobile Phone,1,16.0,Cash on Delivery,3.0,3,Fashion,3,4,0,12.0,1.0,1.0,7.0,170.94,170.94,0.1,1.0,4-7,0
52289,19.0,Mobile Phone,2,7.0,Debit Card,2.0,3,Mobile Phone,5,7,0,12.0,2.0,5.0,7.0,134.23,26.845999999999997,0.25,0.4,4-7,0
52290,1.0,Computer,1,7.0,Debit Card,2.0,5,Laptop & Accessory,1,1,0,11.0,7.0,7.0,5.0,166.74,23.82,3.5,1.0,4-7,0
52291,23.0,Mobile Phone,1,34.0,Debit Card,2.0,3,Grocery,5,5,1,11.0,,1.0,2.0,268.8,268.8,0.041666666666666664,,0-3,0
52292,3.0,Mobile Phone,3,31.0,E wallet,2.0,4,Fashion,4,3,1,12.0,1.0,1.0,0.0,190.94,190.94,0.25,1.0,0-3,1
52293,15.0,Mobile Phone,3,11.0,Debit Card,3.0,3,Fashion,4,10,1,19.0,7.0,7.0,7.0,184.46,26.351428571428574,0.4375,1.0,4-7,1
52294,3.0,Mobile Phone,1,23.0,Credit Card,3.0,3,Fashion,5,2,1,23.0,1.0,1.0,,219.16000000000005,219.16000000000005,0.25,1.0,,0
52295,12.0,Mobile Phone,1,24.0,Debit Card,2.0,3,Laptop & Accessory,3,1,0,11.0,1.0,1.0,7.0,145.34,145.34,0.07692307692307693,1.0,4-7,0
52296,4.0,Computer,3,8.0,Debit Card,2.0,3,Fashion,3,2,1,19.0,8.0,9.0,6.0,198.52,22.05777777777778,1.8,0.8888888888888888,4-7,0
52298,,Computer,3,7.0,Debit Card,2.0,3,Mobile Phone,4,2,1,11.0,2.0,2.0,2.0,123.02,61.51,,1.0,0-3,1
52299,7.0,Mobile Phone,1,,Debit Card,2.0,3,Mobile Phone,5,5,0,12.0,1.0,1.0,2.0,123.62,123.62,0.125,1.0,0-3,1
52300,15.0,Computer,1,8.0,Debit Card,2.0,3,Grocery,3,1,1,13.0,,2.0,10.0,278.61,139.305,0.125,,8-14,0
52301,28.0,Mobile Phone,1,8.0,Credit Card,2.0,5,Others,3,5,0,14.0,,9.0,11.0,291.87,32.43,0.3103448275862069,,8-14,0
52302,29.0,Mobile Phone,2,14.0,Debit Card,3.0,3,Others,4,7,0,,2.0,7.0,7.0,297.17,42.45285714285715,0.23333333333333334,0.2857142857142857,4-7,0
52304,7.0,Mobile Phone,1,15.0,Debit Card,2.0,3,Fashion,1,1,0,11.0,0.0,1.0,6.0,185.0,185.0,0.125,0.0,4-7,0
52305,13.0,Mobile Phone,1,8.0,Debit Card,3.0,3,Laptop & Accessory,1,2,0,13.0,3.0,8.0,8.0,146.61,18.32625,0.5714285714285714,0.375,8-14,0
52306,14.0,Computer,3,7.0,E wallet,3.0,3,Laptop & Accessory,5,1,0,17.0,0.0,1.0,7.0,141.03,141.03,0.06666666666666667,0.0,4-7,0
52308,24.0,Mobile Phone,2,11.0,Debit Card,2.0,3,Grocery,4,2,1,11.0,0.0,,10.0,240.26,,,,8-14,0
52310,7.0,Mobile Phone,3,21.0,Credit Card,3.0,3,Laptop & Accessory,5,2,0,12.0,4.0,9.0,6.0,161.25,17.916666666666668,1.125,0.4444444444444444,4-7,0
52311,0.0,Mobile Phone,1,25.0,Credit Card,3.0,3,Mobile Phone,1,4,0,11.0,0.0,1.0,2.0,136.69,136.69,1.0,0.0,0-3,0
52312,20.0,Mobile Phone,1,13.0,Credit Card,2.0,4,Fashion,5,8,1,14.0,1.0,5.0,9.0,200.08,40.016000000000005,0.23809523809523808,0.2,8-14,1
52313,13.0,Mobile Phone,1,,Debit Card,2.0,3,Mobile Phone,4,4,0,22.0,1.0,1.0,3.0,123.87,123.87,0.07142857142857142,1.0,0-3,0
52314,9.0,Computer,3,13.0,E wallet,2.0,1,Laptop & Accessory,5,3,0,16.0,5.0,6.0,13.0,146.39,24.39833333333333,0.6,0.8333333333333334,8-14,0
52315,21.0,Mobile Phone,1,10.0,Debit Card,2.0,3,Fashion,1,2,0,11.0,1.0,1.0,8.0,178.98,178.98,0.045454545454545456,1.0,8-14,0
52316,0.0,Mobile Phone,3,,Credit Card,3.0,1,Mobile Phone,1,9,0,14.0,0.0,1.0,0.0,125.34,125.34,1.0,0.0,0-3,0
52317,24.0,Mobile Phone,1,17.0,Cash on Delivery,2.0,4,Grocery,4,4,0,16.0,0.0,1.0,3.0,231.42,231.42,0.04,0.0,0-3,0
52318,,Computer,1,7.0,Debit Card,3.0,3,Mobile Phone,1,2,0,15.0,1.0,1.0,0.0,116.11,116.11,,1.0,0-3,0
52319,8.0,Mobile Phone,1,7.0,Credit Card,2.0,4,Laptop & Accessory,1,1,0,12.0,0.0,1.0,0.0,153.63,153.63,0.1111111111111111,0.0,0-3,0
52320,0.0,Computer,3,8.0,Debit Card,2.0,5,Laptop & Accessory,1,4,0,20.0,0.0,1.0,0.0,150.71,150.71,1.0,0.0,0-3,0
52321,18.0,Mobile Phone,3,19.0,E wallet,2.0,1,Grocery,3,7,1,17.0,1.0,,8.0,236.95,,,,8-14,1
52322,29.0,Mobile Phone,1,29.0,Debit Card,3.0,3,Grocery,4,5,1,12.0,13.0,,9.0,234.02,,,,8-14,0
52324,13.0,Mobile Phone,1,8.0,Credit Card,2.0,1,Laptop & Accessory,3,6,0,20.0,6.0,11.0,8.0,163.77,14.888181818181819,0.7857142857142857,0.5454545454545454,8-14,0
52325,7.0,Mobile Phone,1,35.0,Credit Card,2.0,3,Laptop & Accessory,3,5,0,13.0,5.0,7.0,7.0,154.29,22.041428571428572,0.875,0.7142857142857143,4-7,0
52326,0.0,Computer,3,8.0,Debit Card,,4,Mobile Phone,1,8,0,14.0,0.0,1.0,0.0,127.85,127.85,1.0,0.0,0-3,1
52327,0.0,Computer,3,24.0,E wallet,3.0,3,Laptop & Accessory,3,1,1,18.0,0.0,3.0,2.0,146.14,48.71333333333333,3.0,0.0,0-3,1
52329,7.0,Mobile Phone,1,8.0,Cash on Delivery,3.0,3,Laptop & Accessory,1,2,0,11.0,4.0,4.0,11.0,166.87,41.7175,0.5,1.0,8-14,0
52330,1.0,Mobile Phone,3,32.0,Debit Card,2.0,4,Laptop & Accessory,5,2,0,11.0,1.0,1.0,4.0,147.24,147.24,0.5,1.0,4-7,0
52331,0.0,Mobile Phone,1,28.0,Credit Card,3.0,3,Laptop & Accessory,3,2,1,15.0,5.0,6.0,7.0,161.79,26.965,6.0,0.8333333333333334,4-7,1
52332,12.0,Mobile Phone,3,27.0,Debit Card,2.0,4,Laptop & Accessory,1,4,1,12.0,0.0,1.0,4.0,161.2,161.2,0.07692307692307693,0.0,4-7,0
52333,24.0,Computer,3,8.0,E wallet,2.0,3,Fashion,4,3,0,11.0,3.0,3.0,2.0,205.96,68.65333333333334,0.12,1.0,0-3,0
52334,14.0,Computer,1,28.0,Debit Card,3.0,3,Laptop & Accessory,1,4,1,14.0,2.0,3.0,3.0,154.67,51.556666666666665,0.2,0.6666666666666666,0-3,0
52335,10.0,Mobile Phone,1,10.0,Debit Card,,3,Mobile Phone,3,8,1,15.0,1.0,1.0,3.0,129.96,129.96,0.09090909090909091,1.0,0-3,0
52336,6.0,Computer,3,11.0,Debit Card,3.0,3,Laptop & Accessory,1,7,0,13.0,1.0,1.0,2.0,199.98,199.98,0.14285714285714285,1.0,0-3,0
52337,5.0,Mobile Phone,3,8.0,E wallet,2.0,3,Laptop & Accessory,4,1,1,13.0,1.0,1.0,2.0,140.78,140.78,0.16666666666666666,1.0,0-3,0
52338,12.0,Computer,1,31.0,Debit Card,3.0,3,Fashion,3,4,0,21.0,0.0,1.0,,209.2,209.2,0.07692307692307693,0.0,,0
52339,0.0,Mobile Phone,3,24.0,Debit Card,3.0,1,Laptop & Accessory,3,3,0,11.0,1.0,1.0,2.0,162.32,162.32,1.0,1.0,0-3,0
52340,25.0,Computer,1,34.0,Credit Card,2.0,1,Grocery,3,3,1,11.0,1.0,,2.0,232.47000000000003,,,,0-3,0
52341,16.0,Mobile Phone,1,12.0,Credit Card,3.0,4,Laptop & Accessory,3,2,1,14.0,0.0,1.0,8.0,140.81,140.81,0.058823529411764705,0.0,8-14,0
52342,0.0,Mobile Phone,3,16.0,E wallet,3.0,4,Laptop & Accessory,1,2,1,11.0,1.0,4.0,4.0,157.69,39.4225,4.0,0.25,4-7,0
52343,0.0,Mobile Phone,1,,Debit Card,2.0,3,Mobile Phone,3,2,1,13.0,4.0,7.0,7.0,123.94,17.705714285714286,7.0,0.5714285714285714,4-7,1
52344,0.0,Mobile Phone,1,8.0,Credit Card,2.0,4,Mobile Phone,1,1,0,12.0,1.0,1.0,1.0,139.04,139.04,1.0,1.0,0-3,0
52345,15.0,Mobile Phone,2,16.0,UPI,2.0,3,Grocery,5,1,0,14.0,,1.0,9.0,267.99,267.99,0.0625,,8-14,0
52346,25.0,Mobile Phone,1,14.0,UPI,,3,Mobile Phone,5,10,0,13.0,1.0,1.0,4.0,129.5,129.5,0.038461538461538464,1.0,4-7,0
52347,10.0,Mobile Phone,1,17.0,Credit Card,3.0,3,Mobile Phone,3,5,0,18.0,1.0,1.0,2.0,136.29,136.29,0.09090909090909091,1.0,0-3,0
52348,8.0,Computer,1,24.0,Debit Card,2.0,3,Fashion,1,3,0,11.0,2.0,2.0,2.0,193.62,96.81,0.2222222222222222,1.0,0-3,0
52349,0.0,Mobile Phone,1,7.0,Cash on Delivery,2.0,3,Mobile Phone,1,5,0,11.0,0.0,1.0,2.0,132.29,132.29,1.0,0.0,0-3,0
52350,0.0,Mobile Phone,1,13.0,UPI,3.0,1,Mobile Phone,5,1,0,12.0,0.0,1.0,7.0,135.78,135.78,1.0,0.0,4-7,0
52352,12.0,Computer,1,34.0,Debit Card,3.0,4,Laptop & Accessory,5,4,0,20.0,0.0,1.0,3.0,142.84,142.84,0.07692307692307693,0.0,0-3,1
52353,0.0,Computer,1,20.0,UPI,2.0,3,Fashion,1,1,1,12.0,4.0,7.0,7.0,175.53,25.075714285714287,7.0,0.5714285714285714,4-7,1
52354,27.0,Mobile Phone,1,7.0,Credit Card,2.0,3,Grocery,1,7,0,19.0,,12.0,7.0,273.28,22.77333333333333,0.42857142857142855,,4-7,0
52355,30.0,Mobile Phone,1,7.0,Credit Card,3.0,3,Others,5,4,1,,1.0,1.0,5.0,297.01,297.01,0.03225806451612903,1.0,4-7,0
52356,28.0,Mobile Phone,1,7.0,Credit Card,2.0,1,Grocery,1,3,0,13.0,0.0,,0.0,247.32,,,,0-3,0
52357,9.0,Mobile Phone,3,9.0,E wallet,3.0,3,Laptop & Accessory,4,4,1,16.0,0.0,1.0,1.0,192.78,192.78,0.1,0.0,0-3,0
52358,,Computer,3,7.0,Debit Card,2.0,5,Mobile Phone,3,2,0,12.0,0.0,1.0,0.0,113.59,113.59,,0.0,0-3,1
52361,7.0,Computer,1,7.0,UPI,,3,Mobile Phone,5,6,0,14.0,1.0,1.0,3.0,129.96,129.96,0.125,1.0,0-3,0
52363,,Mobile Phone,1,17.0,Debit Card,3.0,3,Mobile Phone,5,1,0,14.0,1.0,1.0,4.0,120.99,120.99,,1.0,4-7,0
52364,9.0,Mobile Phone,1,10.0,Debit Card,2.0,4,Laptop & Accessory,1,2,0,16.0,0.0,1.0,8.0,158.1,158.1,0.1,0.0,8-14,0
52365,9.0,Mobile Phone,3,22.0,E wallet,3.0,4,Laptop & Accessory,5,5,0,13.0,1.0,1.0,2.0,156.47,156.47,0.1,1.0,0-3,0
52366,20.0,Mobile Phone,1,7.0,Cash on Delivery,3.0,3,Mobile Phone,1,8,0,12.0,1.0,1.0,2.0,134.2,134.2,0.047619047619047616,1.0,0-3,0
52367,0.0,Mobile Phone,3,15.0,Debit Card,3.0,4,Mobile Phone,5,4,0,12.0,2.0,2.0,2.0,144.0,72.0,2.0,1.0,0-3,1
52368,10.0,Computer,1,11.0,Cash on Delivery,2.0,1,Mobile Phone,3,1,0,14.0,0.0,1.0,3.0,135.0,135.0,0.09090909090909091,0.0,0-3,0
52369,,Mobile Phone,1,7.0,Debit Card,2.0,3,Mobile Phone,5,3,0,22.0,0.0,1.0,0.0,120.66,120.66,,0.0,0-3,0
52370,20.0,Mobile Phone,1,8.0,Credit Card,2.0,3,Grocery,3,4,0,19.0,,5.0,6.0,271.69,54.338,0.23809523809523808,,4-7,0
52371,0.0,Mobile Phone,3,10.0,Credit Card,2.0,3,Laptop & Accessory,3,2,1,12.0,1.0,1.0,3.0,141.62,141.62,1.0,1.0,0-3,0
52372,5.0,Mobile Phone,3,13.0,E wallet,3.0,3,Laptop & Accessory,1,5,0,12.0,0.0,1.0,3.0,192.04,192.04,0.16666666666666666,0.0,0-3,0
52373,7.0,Mobile Phone,1,7.0,Debit Card,2.0,4,Mobile Phone,4,6,0,17.0,1.0,1.0,2.0,132.94,132.94,0.125,1.0,0-3,0
52374,,Mobile Phone,1,11.0,Credit Card,2.0,1,Mobile Phone,3,3,1,12.0,0.0,1.0,3.0,121.27,121.27,,0.0,0-3,0
52375,13.0,Computer,1,15.0,UPI,2.0,3,Laptop & Accessory,3,4,0,11.0,0.0,1.0,7.0,139.75,139.75,0.07142857142857142,0.0,4-7,0
52376,4.0,Mobile Phone,3,14.0,Debit Card,2.0,3,Fashion,1,2,0,18.0,2.0,9.0,9.0,207.93,23.103333333333335,1.8,0.2222222222222222,8-14,0
52377,9.0,Mobile Phone,3,15.0,E wallet,2.0,3,Fashion,1,5,0,11.0,4.0,4.0,3.0,200.96,50.24,0.4,1.0,0-3,1
52379,0.0,Computer,1,7.0,Debit Card,3.0,1,Fashion,4,2,0,11.0,1.0,4.0,7.0,174.46,43.615,4.0,0.25,4-7,1
52380,18.0,Mobile Phone,1,26.0,Credit Card,3.0,5,Fashion,5,3,1,18.0,1.0,1.0,7.0,208.51,208.51,0.05263157894736842,1.0,4-7,0
52381,,Mobile Phone,2,14.0,Credit Card,3.0,1,Mobile Phone,4,10,0,18.0,1.0,1.0,2.0,121.09,121.09,,1.0,0-3,0
52382,0.0,Computer,1,8.0,Debit Card,3.0,3,Mobile Phone,1,7,1,13.0,0.0,2.0,2.0,137.22,68.61,2.0,0.0,0-3,1
52383,18.0,Mobile Phone,1,35.0,Cash on Delivery,2.0,3,Fashion,1,5,1,18.0,1.0,1.0,2.0,193.8,193.8,0.05263157894736842,1.0,0-3,0
52384,21.0,Mobile Phone,3,13.0,E wallet,3.0,3,Laptop & Accessory,5,5,0,11.0,0.0,2.0,2.0,154.86,77.43,0.09090909090909091,0.0,0-3,0
52385,0.0,Mobile Phone,2,15.0,Cash on Delivery,,3,Mobile Phone,3,2,0,15.0,2.0,2.0,2.0,127.42,63.71,2.0,1.0,0-3,1
52386,13.0,Computer,1,14.0,Credit Card,2.0,4,Fashion,4,3,0,11.0,4.0,,8.0,237.57,,,,8-14,0
52387,1.0,Mobile Phone,3,11.0,Credit Card,2.0,3,Laptop & Accessory,5,1,0,18.0,0.0,1.0,3.0,184.63,184.63,0.5,0.0,0-3,0
52388,17.0,Computer,1,11.0,Debit Card,2.0,4,Mobile Phone,3,4,0,14.0,0.0,1.0,3.0,131.62,131.62,0.05555555555555555,0.0,0-3,0
52390,22.0,Mobile Phone,1,11.0,Cash on Delivery,3.0,3,Laptop & Accessory,3,3,0,14.0,0.0,1.0,2.0,166.51,166.51,0.043478260869565216,0.0,0-3,0
52391,13.0,Mobile Phone,1,,Credit Card,3.0,3,Mobile Phone,3,3,0,14.0,1.0,1.0,2.0,123.45,123.45,0.07142857142857142,1.0,0-3,0
52393,6.0,Computer,3,13.0,Credit Card,2.0,3,Laptop & Accessory,5,1,0,14.0,1.0,1.0,3.0,143.73,143.73,0.14285714285714285,1.0,0-3,0
52395,3.0,Mobile Phone,3,22.0,Debit Card,3.0,3,Laptop & Accessory,3,9,0,15.0,1.0,2.0,2.0,153.01,76.505,0.5,0.5,0-3,0
52396,15.0,Computer,1,15.0,Credit Card,3.0,3,Mobile Phone,1,2,0,13.0,0.0,5.0,8.0,136.73,27.345999999999997,0.3125,0.0,8-14,0
52397,17.0,Computer,3,7.0,E wallet,3.0,3,Laptop & Accessory,3,8,0,12.0,0.0,1.0,0.0,147.68,147.68,0.05555555555555555,0.0,0-3,0
52399,30.0,Mobile Phone,1,7.0,Debit Card,3.0,1,Laptop & Accessory,3,1,0,24.0,1.0,2.0,8.0,149.0,74.5,0.06451612903225806,0.5,8-14,0
52402,0.0,Computer,3,7.0,Cash on Delivery,,3,Mobile Phone,3,4,0,15.0,1.0,1.0,2.0,129.09,129.09,1.0,1.0,0-3,1
52403,0.0,Computer,3,19.0,Cash on Delivery,2.0,3,Laptop & Accessory,4,6,0,11.0,1.0,1.0,0.0,157.65,157.65,1.0,1.0,0-3,1
52404,0.0,Mobile Phone,3,30.0,Credit Card,2.0,4,Laptop & Accessory,4,1,1,23.0,4.0,10.0,10.0,145.99,14.599,10.0,0.4,8-14,1
52405,8.0,Mobile Phone,3,,Debit Card,3.0,3,Mobile Phone,3,2,0,13.0,0.0,1.0,0.0,124.04,124.04,0.1111111111111111,0.0,0-3,0
52407,,Computer,3,19.0,Debit Card,3.0,3,Mobile Phone,4,2,0,13.0,0.0,1.0,0.0,120.33,120.33,,0.0,0-3,0
52408,17.0,Computer,1,8.0,Credit Card,2.0,3,Fashion,3,6,1,18.0,2.0,2.0,2.0,202.09,101.045,0.1111111111111111,1.0,0-3,0
52410,,Mobile Phone,2,7.0,Debit Card,2.0,3,Mobile Phone,3,1,0,21.0,0.0,1.0,3.0,120.64,120.64,,0.0,0-3,0
52411,28.0,Mobile Phone,1,10.0,Debit Card,1.0,3,Laptop & Accessory,3,1,1,16.0,1.0,1.0,2.0,140.35,140.35,0.034482758620689655,1.0,0-3,0
52412,6.0,Mobile Phone,1,10.0,Credit Card,2.0,4,Mobile Phone,4,9,0,11.0,1.0,1.0,2.0,138.38,138.38,0.14285714285714285,1.0,0-3,0
52413,20.0,Mobile Phone,3,20.0,Credit Card,3.0,3,Laptop & Accessory,3,4,1,17.0,1.0,1.0,2.0,145.91,145.91,0.047619047619047616,1.0,0-3,0
52414,0.0,Computer,1,,Credit Card,2.0,4,Mobile Phone,5,8,0,11.0,1.0,1.0,0.0,125.61,125.61,1.0,1.0,0-3,1
52415,,Mobile Phone,1,7.0,Debit Card,3.0,4,Mobile Phone,3,2,0,14.0,0.0,1.0,0.0,115.63,115.63,,0.0,0-3,0
52417,22.0,Mobile Phone,1,9.0,Credit Card,2.0,4,Laptop & Accessory,5,5,0,25.0,0.0,1.0,2.0,147.89,147.89,0.043478260869565216,0.0,0-3,0
52418,2.0,Computer,1,8.0,Debit Card,3.0,3,Mobile Phone,4,1,0,13.0,1.0,1.0,2.0,131.8,131.8,0.3333333333333333,1.0,0-3,0
52419,1.0,Mobile Phone,1,35.0,Debit Card,3.0,5,Laptop & Accessory,4,2,0,14.0,0.0,1.0,7.0,165.49,165.49,0.5,0.0,4-7,0
52420,6.0,Mobile Phone,1,14.0,Debit Card,3.0,3,Laptop & Accessory,3,3,1,17.0,1.0,1.0,0.0,163.88,163.88,0.14285714285714285,1.0,0-3,0
52421,5.0,Mobile Phone,1,16.0,Credit Card,3.0,3,Fashion,1,3,0,25.0,0.0,1.0,,212.44,212.44,0.16666666666666666,0.0,,0
52422,27.0,Computer,1,17.0,Credit Card,2.0,3,Grocery,1,4,0,20.0,0.0,,12.0,260.32,,,,8-14,0
52423,0.0,Mobile Phone,1,,Cash on Delivery,3.0,4,Mobile Phone,5,7,0,13.0,1.0,1.0,7.0,123.62,123.62,1.0,1.0,4-7,1
52424,17.0,Mobile Phone,1,34.0,Debit Card,2.0,3,Grocery,5,4,0,13.0,,14.0,17.0,263.28,18.805714285714284,0.7777777777777778,,15+,0
52425,12.0,Mobile Phone,1,12.0,Debit Card,2.0,3,Fashion,4,5,0,18.0,2.0,2.0,2.0,183.76,91.88,0.15384615384615385,1.0,0-3,0
52426,19.0,Mobile Phone,3,9.0,Debit Card,2.0,3,Grocery,4,9,0,12.0,,5.0,1.0,266.06,53.212,0.25,,0-3,0
52427,8.0,Mobile Phone,1,22.0,Debit Card,3.0,4,Fashion,4,2,0,19.0,3.0,3.0,3.0,186.06,62.02,0.3333333333333333,1.0,0-3,0
52430,7.0,Mobile Phone,3,7.0,Cash on Delivery,3.0,4,Fashion,3,2,1,14.0,7.0,8.0,6.0,170.83,21.35375,1.0,0.875,4-7,0
52431,0.0,Computer,1,9.0,Debit Card,2.0,3,Mobile Phone,3,2,0,12.0,2.0,7.0,7.0,140.84,20.12,7.0,0.2857142857142857,4-7,1
52432,23.0,Computer,1,28.0,Credit Card,2.0,5,Grocery,1,2,1,13.0,1.0,,9.0,244.11,,,,8-14,0
52433,,Mobile Phone,3,13.0,Cash on Delivery,2.0,3,Mobile Phone,3,1,1,25.0,3.0,5.0,7.0,123.08,24.616,,0.6,4-7,0
52434,15.0,Mobile Phone,1,8.0,Credit Card,3.0,4,Mobile Phone,4,5,0,14.0,0.0,1.0,0.0,148.41,148.41,0.0625,0.0,0-3,0
52435,10.0,Mobile Phone,1,19.0,Credit Card,2.0,3,Laptop & Accessory,1,2,0,17.0,2.0,3.0,7.0,142.85,47.61666666666667,0.2727272727272727,0.6666666666666666,4-7,0
52436,2.0,Mobile Phone,1,14.0,UPI,2.0,5,Laptop & Accessory,5,4,0,13.0,1.0,1.0,7.0,197.15,197.15,0.3333333333333333,1.0,4-7,0
52437,6.0,Mobile Phone,1,31.0,Debit Card,2.0,4,Laptop & Accessory,4,2,0,13.0,1.0,1.0,2.0,143.2,143.2,0.14285714285714285,1.0,0-3,0
52439,15.0,Computer,1,8.0,Debit Card,2.0,3,Fashion,1,3,1,14.0,4.0,13.0,9.0,201.24,15.48,0.8125,0.3076923076923077,8-14,0
52440,13.0,Mobile Phone,3,15.0,Credit Card,2.0,3,Laptop & Accessory,5,1,0,12.0,7.0,7.0,1.0,154.73,22.104285714285712,0.5,1.0,0-3,0
52441,6.0,Mobile Phone,1,34.0,Debit Card,3.0,3,Laptop & Accessory,3,2,1,12.0,4.0,5.0,7.0,152.07,30.413999999999998,0.7142857142857143,0.8,4-7,0
52444,13.0,Computer,1,14.0,Debit Card,3.0,3,Laptop & Accessory,1,4,1,18.0,1.0,2.0,2.0,140.69,70.345,0.14285714285714285,0.5,0-3,0
52445,18.0,Mobile Phone,1,7.0,Cash on Delivery,3.0,3,Fashion,4,2,0,12.0,3.0,7.0,7.0,174.41,24.915714285714284,0.3684210526315789,0.42857142857142855,4-7,0
52448,9.0,Mobile Phone,3,,Debit Card,3.0,3,Mobile Phone,1,4,1,21.0,1.0,1.0,2.0,126.44,126.44,0.1,1.0,0-3,0
52449,21.0,Mobile Phone,3,22.0,Debit Card,3.0,3,Laptop & Accessory,3,9,0,14.0,7.0,7.0,7.0,164.39,23.48428571428571,0.3181818181818182,1.0,4-7,0
52450,2.0,Mobile Phone,1,,Debit Card,3.0,1,Mobile Phone,3,7,0,18.0,0.0,1.0,0.0,124.51,124.51,0.3333333333333333,0.0,0-3,0
52452,0.0,Mobile Phone,3,7.0,Debit Card,3.0,4,Laptop & Accessory,5,2,0,11.0,1.0,6.0,7.0,197.14,32.85666666666666,6.0,0.16666666666666666,4-7,1
52454,8.0,Mobile Phone,1,,Credit Card,3.0,4,Mobile Phone,5,2,0,19.0,1.0,1.0,2.0,124.5,124.5,0.1111111111111111,1.0,0-3,0
52455,7.0,Mobile Phone,3,35.0,Cash on Delivery,2.0,3,Fashion,4,4,0,12.0,1.0,1.0,3.0,192.5,192.5,0.125,1.0,0-3,0
52457,16.0,Mobile Phone,1,8.0,Cash on Delivery,3.0,4,Fashion,1,1,0,16.0,0.0,1.0,9.0,201.69,201.69,0.058823529411764705,0.0,8-14,1
52458,1.0,Mobile Phone,1,8.0,Credit Card,2.0,3,Laptop & Accessory,4,5,0,11.0,1.0,1.0,4.0,148.55,148.55,0.5,1.0,4-7,1
52459,5.0,Computer,1,7.0,Cash on Delivery,3.0,3,Laptop & Accessory,5,5,0,14.0,0.0,1.0,2.0,140.87,140.87,0.16666666666666666,0.0,0-3,0
52460,21.0,Mobile Phone,1,,UPI,3.0,3,Mobile Phone,5,9,0,12.0,6.0,7.0,6.0,123.67,17.667142857142856,0.3181818181818182,0.8571428571428571,4-7,0
52462,28.0,Mobile Phone,3,32.0,E wallet,2.0,4,Others,1,2,0,,0.0,2.0,13.0,295.86,147.93,0.06896551724137931,0.0,8-14,0
52463,7.0,Mobile Phone,1,7.0,Debit Card,2.0,3,Laptop & Accessory,1,10,0,17.0,0.0,2.0,1.0,154.84,77.42,0.25,0.0,0-3,0
52465,11.0,Mobile Phone,3,20.0,Debit Card,3.0,3,Laptop & Accessory,4,1,0,11.0,3.0,7.0,7.0,199.24,28.462857142857143,0.5833333333333334,0.42857142857142855,4-7,0
52466,11.0,Mobile Phone,3,22.0,Debit Card,2.0,3,Laptop & Accessory,4,3,0,12.0,1.0,1.0,2.0,141.98,141.98,0.08333333333333333,1.0,0-3,0
52467,9.0,Mobile Phone,3,7.0,Debit Card,3.0,3,Laptop & Accessory,3,7,0,13.0,1.0,1.0,0.0,168.15,168.15,0.1,1.0,0-3,0
52469,8.0,Mobile Phone,1,16.0,Credit Card,2.0,3,Laptop & Accessory,3,4,1,16.0,0.0,1.0,4.0,161.42,161.42,0.1111111111111111,0.0,4-7,0
52470,12.0,Mobile Phone,3,12.0,Credit Card,2.0,1,Fashion,3,3,0,11.0,3.0,7.0,6.0,182.37,26.052857142857142,0.5384615384615384,0.42857142857142855,4-7,0
52471,2.0,Computer,1,8.0,Debit Card,2.0,3,Laptop & Accessory,1,2,0,19.0,1.0,1.0,3.0,188.53,188.53,0.3333333333333333,1.0,0-3,0
52472,23.0,Mobile Phone,3,15.0,E wallet,2.0,3,Others,3,5,1,,0.0,1.0,0.0,293.31,293.31,0.041666666666666664,0.0,0-3,0
52473,,Mobile Phone,1,16.0,Cash on Delivery,2.0,1,Mobile Phone,3,3,0,16.0,0.0,2.0,2.0,120.73,60.365,,0.0,0-3,0
52474,9.0,Computer,1,12.0,Debit Card,3.0,1,Laptop & Accessory,5,4,1,13.0,0.0,1.0,2.0,155.62,155.62,0.1,0.0,0-3,0
52476,8.0,Mobile Phone,1,34.0,Debit Card,2.0,1,Laptop & Accessory,3,2,0,17.0,6.0,6.0,8.0,134.07,22.345,0.6666666666666666,1.0,8-14,0
52477,7.0,Computer,1,16.0,Cash on Delivery,3.0,4,Laptop & Accessory,3,2,0,14.0,1.0,7.0,7.0,150.63,21.518571428571427,0.875,0.14285714285714285,4-7,0
52481,19.0,Mobile Phone,3,7.0,Debit Card,2.0,1,Grocery,5,2,0,15.0,,1.0,12.0,275.67,275.67,0.05,,8-14,0
52483,0.0,Computer,1,32.0,UPI,,4,Mobile Phone,3,2,1,14.0,1.0,1.0,3.0,128.14,128.14,1.0,1.0,0-3,0
52484,23.0,Computer,1,26.0,Credit Card,2.0,3,Grocery,3,3,1,15.0,0.0,12.0,,212.45,17.704166666666666,0.5,0.0,,0
52487,,Mobile Phone,1,13.0,Credit Card,2.0,4,Mobile Phone,4,2,0,12.0,1.0,1.0,1.0,121.41,121.41,,1.0,0-3,0
52488,18.0,Mobile Phone,1,11.0,Credit Card,2.0,5,Laptop & Accessory,5,2,1,14.0,0.0,1.0,4.0,157.69,157.69,0.05263157894736842,0.0,4-7,0
52489,18.0,Computer,3,32.0,E wallet,2.0,4,Laptop & Accessory,5,2,0,15.0,3.0,4.0,5.0,143.85,35.9625,0.21052631578947367,0.75,4-7,0
52490,4.0,Computer,3,8.0,UPI,2.0,3,Laptop & Accessory,5,8,0,13.0,1.0,1.0,3.0,153.32,153.32,0.2,1.0,0-3,0
52492,7.0,Computer,1,16.0,Debit Card,2.0,1,Laptop & Accessory,1,2,0,13.0,3.0,7.0,2.0,147.24,21.034285714285716,0.875,0.42857142857142855,0-3,0
52493,22.0,Mobile Phone,1,31.0,Debit Card,2.0,3,Mobile Phone,5,2,0,14.0,1.0,1.0,4.0,132.11,132.11,0.043478260869565216,1.0,4-7,0
52494,12.0,Mobile Phone,1,16.0,Credit Card,3.0,3,Laptop & Accessory,5,3,0,13.0,3.0,7.0,7.0,153.77,21.967142857142857,0.5384615384615384,0.42857142857142855,4-7,0
52496,8.0,Mobile Phone,1,24.0,Debit Card,2.0,1,Laptop & Accessory,5,2,0,11.0,1.0,1.0,10.0,152.08,152.08,0.1111111111111111,1.0,8-14,0
52497,1.0,Mobile Phone,1,33.0,Credit Card,2.0,5,Laptop & Accessory,5,1,0,21.0,1.0,1.0,0.0,148.77,148.77,0.5,1.0,0-3,0
52498,0.0,Mobile Phone,1,11.0,Credit Card,,3,Mobile Phone,1,2,0,18.0,0.0,2.0,2.0,131.17,65.585,2.0,0.0,0-3,0
52499,,Computer,3,9.0,Credit Card,3.0,3,Mobile Phone,1,2,1,12.0,1.0,1.0,0.0,115.69,115.69,,1.0,0-3,1
52502,13.0,Mobile Phone,1,21.0,Debit Card,3.0,4,Fashion,3,2,0,13.0,6.0,14.0,12.0,204.35,14.596428571428572,1.0,0.42857142857142855,8-14,0
52503,8.0,Computer,1,14.0,Debit Card,2.0,3,Laptop & Accessory,3,2,0,12.0,0.0,2.0,9.0,141.48,70.74,0.2222222222222222,0.0,8-14,0
52506,18.0,Mobile Phone,1,8.0,UPI,2.0,4,Laptop & Accessory,1,2,0,19.0,3.0,3.0,9.0,157.7,52.56666666666666,0.15789473684210525,1.0,8-14,0
52507,11.0,Mobile Phone,1,8.0,Credit Card,2.0,4,Fashion,3,4,1,19.0,0.0,1.0,2.0,177.56,177.56,0.08333333333333333,0.0,0-3,0
52508,0.0,Mobile Phone,3,16.0,Credit Card,2.0,4,Fashion,5,10,0,17.0,0.0,6.0,0.0,203.06,33.843333333333334,6.0,0.0,0-3,1
52509,10.0,Mobile Phone,1,16.0,Credit Card,3.0,3,Mobile Phone,4,2,0,11.0,4.0,7.0,7.0,139.36,19.90857142857143,0.6363636363636364,0.5714285714285714,4-7,0
52510,13.0,Mobile Phone,1,22.0,Debit Card,2.0,3,Fashion,1,7,1,15.0,3.0,3.0,3.0,179.45,59.81666666666666,0.21428571428571427,1.0,0-3,0
52511,17.0,Computer,2,7.0,UPI,2.0,3,Laptop & Accessory,1,5,1,11.0,1.0,1.0,2.0,157.43,157.43,0.05555555555555555,1.0,0-3,0
52512,21.0,Computer,1,10.0,Credit Card,2.0,4,Grocery,1,3,0,25.0,0.0,,2.0,252.02,,,,0-3,0
52513,0.0,Mobile Phone,3,21.0,Credit Card,2.0,5,Laptop & Accessory,1,7,1,14.0,0.0,2.0,2.0,154.4,77.2,2.0,0.0,0-3,1
52514,0.0,Computer,1,8.0,Cash on Delivery,2.0,3,Mobile Phone,1,2,1,13.0,0.0,1.0,3.0,137.6,137.6,1.0,0.0,0-3,0
52520,0.0,Computer,1,8.0,Debit Card,3.0,1,Laptop & Accessory,3,2,0,17.0,1.0,1.0,7.0,152.06,152.06,1.0,1.0,4-7,0
52523,23.0,Mobile Phone,1,23.0,Debit Card,2.0,4,Fashion,5,6,0,15.0,0.0,,11.0,232.69,,,,8-14,0
52525,7.0,Mobile Phone,1,9.0,Debit Card,3.0,3,Laptop & Accessory,4,2,0,12.0,1.0,7.0,9.0,154.33,22.04714285714286,0.875,0.14285714285714285,8-14,0
52527,22.0,Mobile Phone,1,12.0,Debit Card,2.0,4,Grocery,3,3,1,19.0,2.0,,12.0,239.66000000000005,,,,8-14,0
52528,9.0,Computer,1,7.0,Credit Card,2.0,4,Laptop & Accessory,3,1,0,15.0,0.0,1.0,2.0,143.74,143.74,0.1,0.0,0-3,0
52529,9.0,Mobile Phone,1,9.0,Debit Card,3.0,1,Laptop & Accessory,5,7,0,20.0,0.0,1.0,4.0,168.42,168.42,0.1,0.0,4-7,0
52532,0.0,Computer,3,18.0,UPI,2.0,3,Laptop & Accessory,1,4,1,24.0,5.0,6.0,7.0,145.81,24.301666666666666,6.0,0.8333333333333334,4-7,1
52533,11.0,Computer,1,7.0,Debit Card,2.0,3,Laptop & Accessory,1,8,0,15.0,1.0,2.0,9.0,147.35,73.675,0.16666666666666666,0.5,8-14,0
52536,5.0,Mobile Phone,1,8.0,Credit Card,2.0,3,Laptop & Accessory,4,1,0,13.0,1.0,1.0,6.0,154.7,154.7,0.16666666666666666,1.0,4-7,0
52538,22.0,Mobile Phone,1,,Credit Card,3.0,3,Mobile Phone,5,5,1,16.0,0.0,2.0,2.0,125.87,62.935,0.08695652173913043,0.0,0-3,0
52539,11.0,Computer,1,,Credit Card,2.0,4,Mobile Phone,4,2,0,22.0,0.0,3.0,3.0,124.4,41.46666666666667,0.25,0.0,0-3,0
52540,20.0,Mobile Phone,3,8.0,Debit Card,2.0,1,Grocery,4,7,0,14.0,1.0,,2.0,259.72,,,,0-3,0
52541,22.0,Mobile Phone,1,7.0,Debit Card,2.0,3,Grocery,3,5,0,14.0,1.0,,0.0,253.79,,,,0-3,0
52546,17.0,Mobile Phone,2,7.0,Debit Card,2.0,3,Mobile Phone,1,5,1,18.0,2.0,2.0,2.0,131.95,65.975,0.1111111111111111,1.0,0-3,0
52550,11.0,Computer,3,,Credit Card,3.0,3,Mobile Phone,3,3,1,11.0,1.0,7.0,7.0,126.55,18.07857142857143,0.5833333333333334,0.14285714285714285,4-7,1
52551,,Mobile Phone,1,8.0,Debit Card,3.0,3,Mobile Phone,4,2,0,12.0,0.0,1.0,0.0,113.93,113.93,,0.0,0-3,1
52552,0.0,Computer,1,,Credit Card,3.0,3,Mobile Phone,1,2,0,20.0,0.0,5.0,7.0,125.7,25.14,5.0,0.0,4-7,0
52554,7.0,Mobile Phone,1,11.0,Credit Card,2.0,4,Laptop & Accessory,1,2,0,14.0,0.0,4.0,13.0,139.86,34.965,0.5,0.0,8-14,0
52555,30.0,Mobile Phone,1,7.0,Credit Card,3.0,5,Fashion,1,4,0,20.0,1.0,1.0,0.0,208.83,208.83,0.03225806451612903,1.0,0-3,0
52556,,Mobile Phone,1,27.0,Credit Card,3.0,1,Mobile Phone,4,2,0,18.0,0.0,2.0,13.0,120.28,60.14,,0.0,8-14,0
52557,10.0,Computer,3,7.0,Credit Card,2.0,5,Laptop & Accessory,1,2,0,14.0,1.0,1.0,3.0,195.25,195.25,0.09090909090909091,1.0,0-3,0
52558,7.0,Mobile Phone,1,25.0,Debit Card,,4,Mobile Phone,1,2,0,12.0,1.0,8.0,7.0,129.29,16.16125,1.0,0.125,4-7,0
52559,,Mobile Phone,3,13.0,Debit Card,3.0,3,Mobile Phone,1,2,1,21.0,1.0,1.0,2.0,122.75,122.75,,1.0,0-3,1
52560,17.0,Mobile Phone,1,8.0,Debit Card,3.0,1,Fashion,1,2,1,19.0,1.0,6.0,7.0,178.79,29.798333333333332,0.3333333333333333,0.16666666666666666,4-7,0
52562,16.0,Mobile Phone,3,8.0,Credit Card,3.0,3,Laptop & Accessory,1,2,1,17.0,3.0,8.0,8.0,178.47,22.30875,0.47058823529411764,0.375,8-14,0
52564,14.0,Mobile Phone,3,12.0,E wallet,2.0,3,Fashion,3,2,0,12.0,3.0,8.0,7.0,192.41,24.05125,0.5333333333333333,0.375,4-7,0
52565,2.0,Mobile Phone,1,15.0,Credit Card,,3,Mobile Phone,3,10,0,17.0,0.0,1.0,2.0,129.74,129.74,0.3333333333333333,0.0,0-3,0
52566,9.0,Mobile Phone,3,8.0,Debit Card,2.0,3,Laptop & Accessory,1,4,0,15.0,6.0,6.0,7.0,145.02,24.17,0.6,1.0,4-7,0
52567,18.0,Computer,1,7.0,Debit Card,3.0,4,Fashion,3,4,0,23.0,4.0,14.0,4.0,207.48,14.819999999999999,0.7368421052631579,0.2857142857142857,4-7,0
52569,10.0,Computer,3,15.0,Debit Card,2.0,5,Grocery,3,8,0,11.0,6.0,14.0,,229.36,16.382857142857144,1.2727272727272727,0.42857142857142855,,1
52570,,Mobile Phone,1,23.0,Credit Card,3.0,5,Mobile Phone,3,2,0,15.0,1.0,1.0,2.0,123.05,123.05,,1.0,0-3,0
52573,4.0,Mobile Phone,1,8.0,Debit Card,3.0,3,Mobile Phone,3,2,0,14.0,1.0,1.0,3.0,134.77,134.77,0.2,1.0,0-3,0
52575,13.0,Mobile Phone,1,14.0,Debit Card,3.0,3,Laptop & Accessory,5,3,1,16.0,1.0,1.0,0.0,165.16,165.16,0.07142857142857142,1.0,0-3,0
52578,8.0,Mobile Phone,1,33.0,Debit Card,2.0,3,Laptop & Accessory,3,3,0,16.0,1.0,1.0,7.0,168.83,168.83,0.1111111111111111,1.0,4-7,0
52582,0.0,Mobile Phone,3,19.0,E wallet,3.0,4,Laptop & Accessory,5,6,1,13.0,1.0,2.0,2.0,161.34,80.67,2.0,0.5,0-3,1
52583,0.0,Mobile Phone,3,7.0,Debit Card,2.0,5,Laptop & Accessory,4,7,0,15.0,0.0,1.0,0.0,167.35,167.35,1.0,0.0,0-3,1
52584,0.0,Mobile Phone,1,10.0,Credit Card,2.0,3,Mobile Phone,4,2,0,13.0,0.0,1.0,2.0,132.95,132.95,1.0,0.0,0-3,0
52585,4.0,Computer,1,30.0,Cash on Delivery,1.0,3,Laptop & Accessory,1,3,0,20.0,0.0,1.0,4.0,152.38,152.38,0.2,0.0,4-7,0
52586,12.0,Computer,1,7.0,Debit Card,3.0,3,Laptop & Accessory,1,2,1,15.0,0.0,5.0,8.0,164.72,32.944,0.38461538461538464,0.0,8-14,0
52587,5.0,Mobile Phone,3,25.0,Debit Card,3.0,5,Fashion,3,4,0,13.0,0.0,1.0,2.0,196.1,196.1,0.16666666666666666,0.0,0-3,0
52588,13.0,Mobile Phone,3,13.0,Credit Card,2.0,3,Others,4,2,0,,12.0,12.0,8.0,298.33,24.860833333333332,0.8571428571428571,1.0,8-14,0
52591,,Computer,2,16.0,Credit Card,2.0,3,Mobile Phone,1,1,0,14.0,0.0,2.0,1.0,121.45,60.725,,0.0,0-3,0
52593,4.0,Mobile Phone,3,11.0,Cash on Delivery,2.0,3,Laptop & Accessory,3,2,0,19.0,1.0,1.0,2.0,183.46,183.46,0.2,1.0,0-3,0
52594,0.0,Mobile Phone,1,14.0,Credit Card,3.0,3,Mobile Phone,1,2,0,11.0,0.0,1.0,4.0,134.45,134.45,1.0,0.0,4-7,0
52595,0.0,Mobile Phone,3,15.0,E wallet,,5,Mobile Phone,4,2,0,13.0,2.0,2.0,2.0,127.6,63.8,2.0,1.0,0-3,1
52596,2.0,Computer,1,7.0,Debit Card,3.0,1,Laptop & Accessory,3,9,1,12.0,1.0,1.0,2.0,162.94,162.94,0.3333333333333333,1.0,0-3,0
52597,3.0,Mobile Phone,3,21.0,E wallet,3.0,4,Fashion,5,3,0,11.0,1.0,1.0,7.0,171.4,171.4,0.25,1.0,4-7,0
52598,7.0,Mobile Phone,1,8.0,Credit Card,,1,Mobile Phone,1,1,1,14.0,1.0,1.0,2.0,129.32,129.32,0.125,1.0,0-3,0
52599,6.0,Computer,3,8.0,E wallet,3.0,3,Laptop & Accessory,4,9,0,15.0,1.0,1.0,7.0,151.47,151.47,0.14285714285714285,1.0,4-7,0
52601,0.0,Mobile Phone,3,22.0,Debit Card,3.0,3,Fashion,5,3,1,20.0,1.0,1.0,0.0,185.64,185.64,1.0,1.0,0-3,1
52603,0.0,Mobile Phone,3,22.0,E wallet,3.0,3,Fashion,3,3,0,13.0,0.0,1.0,0.0,181.61,181.61,1.0,0.0,0-3,1
52605,3.0,Mobile Phone,1,22.0,Debit Card,2.0,1,Laptop & Accessory,3,4,0,16.0,1.0,1.0,7.0,152.94,152.94,0.25,1.0,4-7,0
52612,,Mobile Phone,1,15.0,Debit Card,3.0,3,Mobile Phone,5,2,0,20.0,0.0,1.0,4.0,122.89,122.89,,0.0,4-7,0
52614,26.0,Computer,1,7.0,Credit Card,2.0,4,Grocery,3,5,1,20.0,1.0,1.0,,229.65,229.65,0.037037037037037035,1.0,,0
52615,16.0,Mobile Phone,2,8.0,Debit Card,3.0,3,Mobile Phone,1,1,0,13.0,1.0,1.0,8.0,135.39,135.39,0.058823529411764705,1.0,8-14,0
52616,7.0,Mobile Phone,3,9.0,Debit Card,2.0,5,Laptop & Accessory,1,6,0,12.0,2.0,2.0,2.0,160.29,80.145,0.25,1.0,0-3,0
52617,0.0,Mobile Phone,3,13.0,E wallet,,3,Mobile Phone,4,2,0,13.0,0.0,1.0,0.0,126.79,126.79,1.0,0.0,0-3,1
52618,11.0,Mobile Phone,1,12.0,UPI,2.0,4,Mobile Phone,3,2,0,11.0,1.0,1.0,4.0,137.02,137.02,0.08333333333333333,1.0,4-7,0
52620,4.0,Mobile Phone,3,35.0,E wallet,3.0,4,Laptop & Accessory,1,2,0,14.0,0.0,5.0,7.0,154.68,30.936,1.0,0.0,4-7,0
52622,10.0,Mobile Phone,3,15.0,E wallet,2.0,4,Laptop & Accessory,4,2,0,14.0,1.0,1.0,3.0,141.89,141.89,0.09090909090909091,1.0,0-3,0
52623,19.0,Mobile Phone,1,8.0,Credit Card,2.0,3,Others,1,8,1,,2.0,2.0,2.0,293.28,146.64,0.1,1.0,0-3,0
52624,9.0,Mobile Phone,1,16.0,Debit Card,2.0,3,Fashion,5,8,1,13.0,2.0,5.0,7.0,183.21,36.642,0.5,0.4,4-7,0
52625,7.0,Computer,1,,Credit Card,3.0,3,Mobile Phone,4,2,1,12.0,2.0,2.0,3.0,123.42,61.71,0.25,1.0,0-3,1
52626,10.0,Mobile Phone,2,14.0,UPI,2.0,3,Laptop & Accessory,4,3,0,13.0,3.0,4.0,7.0,140.71,35.1775,0.36363636363636365,0.75,4-7,0
52627,0.0,Mobile Phone,3,33.0,Debit Card,2.0,3,Laptop & Accessory,1,2,1,18.0,3.0,7.0,7.0,158.13,22.59,7.0,0.42857142857142855,4-7,1
52628,6.0,Mobile Phone,1,14.0,Debit Card,,1,Mobile Phone,5,7,0,19.0,3.0,7.0,6.0,131.43,18.775714285714287,1.0,0.42857142857142855,4-7,0
52629,,Mobile Phone,1,7.0,Debit Card,2.0,3,Mobile Phone,1,2,0,11.0,0.0,1.0,3.0,120.44,120.44,,0.0,0-3,0
52631,19.0,Computer,3,32.0,Debit Card,3.0,4,Laptop & Accessory,4,9,0,15.0,1.0,2.0,2.0,179.91,89.955,0.1,0.5,0-3,0
52632,13.0,Mobile Phone,1,8.0,Debit Card,3.0,3,Mobile Phone,5,5,0,17.0,1.0,1.0,2.0,133.77,133.77,0.07142857142857142,1.0,0-3,0
52634,8.0,Computer,1,8.0,Credit Card,2.0,3,Laptop & Accessory,1,3,0,14.0,1.0,1.0,7.0,157.62,157.62,0.1111111111111111,1.0,4-7,0
52635,11.0,Computer,2,,UPI,3.0,3,Mobile Phone,4,6,0,13.0,2.0,3.0,8.0,125.92,41.973333333333336,0.25,0.6666666666666666,8-14,0
52639,16.0,Computer,1,,Debit Card,2.0,3,Mobile Phone,3,5,0,13.0,1.0,1.0,2.0,124.38,124.38,0.058823529411764705,1.0,0-3,0
52640,14.0,Mobile Phone,1,11.0,Debit Card,2.0,1,Laptop & Accessory,4,4,0,12.0,0.0,1.0,2.0,168.7,168.7,0.06666666666666667,0.0,0-3,0
52641,14.0,Mobile Phone,3,10.0,E wallet,2.0,3,Fashion,3,1,1,13.0,5.0,13.0,5.0,204.47,15.728461538461538,0.8666666666666667,0.38461538461538464,4-7,0
52644,9.0,Mobile Phone,1,27.0,Credit Card,3.0,3,Laptop & Accessory,4,5,0,22.0,3.0,3.0,7.0,189.26,63.086666666666666,0.3,1.0,4-7,1
52645,13.0,Mobile Phone,1,7.0,Debit Card,2.0,3,Laptop & Accessory,1,5,0,17.0,0.0,1.0,3.0,165.13,165.13,0.07142857142857142,0.0,0-3,0
52646,7.0,Mobile Phone,3,14.0,Cash on Delivery,3.0,1,Laptop & Accessory,3,2,0,21.0,2.0,4.0,8.0,167.99,41.9975,0.5,0.5,8-14,0
52647,30.0,Computer,3,8.0,Credit Card,2.0,3,Grocery,4,5,0,22.0,,14.0,14.0,262.91,18.779285714285717,0.45161290322580644,,8-14,0
52648,8.0,Mobile Phone,1,29.0,Credit Card,,5,Mobile Phone,3,1,0,16.0,0.0,1.0,3.0,127.05,127.05,0.1111111111111111,0.0,0-3,0
52649,20.0,Mobile Phone,1,10.0,Debit Card,3.0,4,Fashion,4,9,1,12.0,5.0,14.0,10.0,203.33,14.52357142857143,0.6666666666666666,0.35714285714285715,8-14,0
52650,13.0,Mobile Phone,1,18.0,Debit Card,2.0,3,Laptop & Accessory,5,3,0,12.0,1.0,7.0,7.0,144.48,20.639999999999997,0.5,0.14285714285714285,4-7,0
52653,1.0,Mobile Phone,1,7.0,Credit Card,3.0,3,Mobile Phone,5,2,0,25.0,1.0,1.0,2.0,135.91,135.91,0.5,1.0,0-3,0
52655,0.0,Mobile Phone,3,16.0,Credit Card,2.0,3,Laptop & Accessory,1,2,0,13.0,1.0,1.0,2.0,146.84,146.84,1.0,1.0,0-3,0
52656,30.0,Computer,1,21.0,Debit Card,2.0,3,Grocery,3,3,1,14.0,2.0,,2.0,257.87,,,,0-3,0
52659,0.0,Mobile Phone,2,,UPI,2.0,4,Mobile Phone,5,5,1,15.0,2.0,2.0,0.0,123.35,61.675,2.0,1.0,0-3,1
52661,9.0,Mobile Phone,1,8.0,UPI,3.0,3,Laptop & Accessory,4,5,1,22.0,1.0,1.0,0.0,169.62,169.62,0.1,1.0,0-3,0
52662,16.0,Computer,3,8.0,Debit Card,3.0,3,Laptop & Accessory,1,2,0,20.0,7.0,7.0,7.0,156.75,22.392857142857142,0.4117647058823529,1.0,4-7,0
52665,5.0,Computer,3,16.0,E wallet,3.0,3,Laptop & Accessory,1,9,0,13.0,0.0,1.0,0.0,146.48,146.48,0.16666666666666666,0.0,0-3,0
52666,15.0,Computer,1,16.0,Cash on Delivery,,3,Mobile Phone,3,4,0,22.0,3.0,3.0,3.0,129.36,43.120000000000005,0.1875,1.0,0-3,0
52667,,Mobile Phone,1,15.0,Debit Card,3.0,3,Mobile Phone,3,5,0,12.0,0.0,2.0,0.0,121.05,60.525,,0.0,0-3,0
52668,19.0,Mobile Phone,1,8.0,Debit Card,2.0,3,Fashion,1,4,0,14.0,0.0,4.0,7.0,185.78,46.445,0.2,0.0,4-7,0
52669,1.0,Computer,2,7.0,Debit Card,,3,Mobile Phone,1,2,0,15.0,1.0,2.0,2.0,127.06,63.53,1.0,0.5,0-3,0
52670,2.0,Mobile Phone,1,35.0,Debit Card,3.0,5,Laptop & Accessory,3,9,0,17.0,0.0,1.0,6.0,163.84,163.84,0.3333333333333333,0.0,4-7,0
52672,0.0,Mobile Phone,3,8.0,E wallet,2.0,4,Laptop & Accessory,4,8,1,12.0,1.0,2.0,2.0,199.07,99.535,2.0,0.5,0-3,1
52673,19.0,Mobile Phone,3,9.0,Cash on Delivery,2.0,1,Grocery,5,3,0,12.0,2.0,,8.0,232.25,,,,8-14,0
52674,0.0,Mobile Phone,3,29.0,Credit Card,2.0,4,Laptop & Accessory,3,2,0,21.0,3.0,5.0,8.0,135.4,27.080000000000002,5.0,0.6,8-14,0
52676,16.0,Mobile Phone,1,12.0,Credit Card,2.0,4,Others,3,8,0,,6.0,6.0,14.0,293.92,48.98666666666667,0.35294117647058826,1.0,8-14,0
52679,9.0,Mobile Phone,3,16.0,Debit Card,3.0,3,Fashion,4,6,0,21.0,1.0,1.0,7.0,173.14,173.14,0.1,1.0,4-7,1
52680,0.0,Computer,1,21.0,Debit Card,3.0,4,Mobile Phone,5,1,0,19.0,0.0,7.0,3.0,147.74,21.10571428571429,7.0,0.0,0-3,0
52681,12.0,Mobile Phone,1,25.0,UPI,2.0,3,Laptop & Accessory,1,9,0,14.0,0.0,2.0,2.0,139.02,69.51,0.15384615384615385,0.0,0-3,0
52682,28.0,Mobile Phone,1,8.0,Cash on Delivery,,4,Mobile Phone,1,9,0,20.0,1.0,1.0,4.0,126.62,126.62,0.034482758620689655,1.0,4-7,0
52686,9.0,Mobile Phone,3,16.0,Cash on Delivery,3.0,4,Laptop & Accessory,3,2,1,13.0,0.0,1.0,7.0,156.73,156.73,0.1,0.0,4-7,0
52691,8.0,Mobile Phone,1,22.0,UPI,2.0,4,Laptop & Accessory,4,1,1,11.0,0.0,1.0,2.0,147.88,147.88,0.1111111111111111,0.0,0-3,0
52694,13.0,Mobile Phone,1,7.0,Debit Card,3.0,3,Grocery,5,3,0,11.0,,11.0,16.0,268.23,24.384545454545457,0.7857142857142857,,15+,0
52695,0.0,Mobile Phone,1,7.0,Debit Card,,4,Mobile Phone,3,2,1,13.0,0.0,1.0,0.0,129.33,129.33,1.0,0.0,0-3,0
52698,17.0,Mobile Phone,1,7.0,Debit Card,3.0,1,Laptop & Accessory,5,3,0,15.0,1.0,2.0,2.0,150.33,75.165,0.1111111111111111,0.5,0-3,0
52699,,Computer,1,22.0,Cash on Delivery,2.0,5,Mobile Phone,5,2,1,23.0,0.0,3.0,0.0,123.07,41.02333333333333,,0.0,0-3,1
52702,14.0,Mobile Phone,3,14.0,E wallet,2.0,3,Laptop & Accessory,4,6,0,21.0,0.0,1.0,4.0,143.93,143.93,0.06666666666666667,0.0,4-7,0
52703,15.0,Mobile Phone,1,12.0,Credit Card,2.0,3,Fashion,5,10,0,13.0,5.0,,7.0,233.48,,,,4-7,0
52704,4.0,Mobile Phone,3,16.0,Credit Card,2.0,3,Laptop & Accessory,1,3,1,11.0,1.0,1.0,4.0,165.83,165.83,0.2,1.0,4-7,0
52706,4.0,Mobile Phone,1,10.0,Credit Card,3.0,1,Mobile Phone,3,9,0,12.0,1.0,2.0,2.0,139.78,69.89,0.4,0.5,0-3,0
52708,18.0,Computer,1,7.0,Credit Card,2.0,3,Laptop & Accessory,3,5,0,12.0,0.0,1.0,3.0,153.99,153.99,0.05263157894736842,0.0,0-3,0
52710,1.0,Computer,3,7.0,Debit Card,2.0,4,Laptop & Accessory,1,2,1,12.0,1.0,1.0,7.0,168.34,168.34,0.5,1.0,4-7,0
52711,0.0,Computer,3,30.0,Cash on Delivery,2.0,1,Mobile Phone,5,2,0,17.0,0.0,1.0,0.0,110.91,110.91,1.0,0.0,0-3,1
52713,,Mobile Phone,1,8.0,Cash on Delivery,2.0,3,Mobile Phone,4,2,0,11.0,0.0,1.0,2.0,122.26,122.26,,0.0,0-3,0
52715,0.0,Mobile Phone,3,19.0,E wallet,2.0,3,Laptop & Accessory,3,4,1,11.0,0.0,2.0,2.0,198.54,99.27,2.0,0.0,0-3,1
52718,12.0,Mobile Phone,1,15.0,Credit Card,2.0,3,Laptop & Accessory,5,2,0,25.0,0.0,7.0,9.0,151.51,21.64428571428571,0.5384615384615384,0.0,8-14,0
52720,60.0,Mobile Phone,3,27.0,Debit Card,3.0,3,Grocery,1,5,1,13.0,,1.0,0.0,278.75,278.75,0.01639344262295082,,0-3,0
52722,11.0,Mobile Phone,1,15.0,Debit Card,3.0,3,Mobile Phone,1,3,0,19.0,0.0,1.0,3.0,147.71,147.71,0.08333333333333333,0.0,0-3,0
52724,15.0,Mobile Phone,3,18.0,E wallet,3.0,3,Laptop & Accessory,1,4,1,12.0,1.0,1.0,0.0,150.87,150.87,0.0625,1.0,0-3,0
52726,8.0,Mobile Phone,3,24.0,Credit Card,3.0,3,Laptop & Accessory,5,1,0,16.0,1.0,1.0,4.0,155.61,155.61,0.1111111111111111,1.0,4-7,0
52728,4.0,Computer,1,9.0,Credit Card,,3,Mobile Phone,5,2,1,13.0,2.0,2.0,3.0,130.65,65.325,0.4,1.0,0-3,0
52730,7.0,Mobile Phone,3,7.0,E wallet,2.0,3,Fashion,1,2,0,21.0,2.0,2.0,1.0,198.88,99.44,0.25,1.0,0-3,0
52731,7.0,Mobile Phone,3,19.0,Credit Card,2.0,3,Fashion,3,2,0,18.0,0.0,1.0,1.0,186.28,186.28,0.125,0.0,0-3,0
52732,0.0,Mobile Phone,1,7.0,Credit Card,,3,Mobile Phone,5,1,0,13.0,7.0,7.0,6.0,128.67,18.381428571428568,7.0,1.0,4-7,0
52733,2.0,Mobile Phone,1,7.0,Debit Card,2.0,3,Laptop & Accessory,5,1,0,12.0,0.0,1.0,2.0,153.73,153.73,0.3333333333333333,0.0,0-3,0
52735,4.0,Computer,1,7.0,Debit Card,2.0,5,Laptop & Accessory,5,2,0,21.0,6.0,8.0,7.0,150.03,18.75375,1.6,0.75,4-7,0
52736,0.0,Mobile Phone,1,,Cash on Delivery,2.0,4,Mobile Phone,1,6,0,12.0,1.0,1.0,3.0,123.67,123.67,1.0,1.0,0-3,1
52737,11.0,Mobile Phone,3,7.0,Debit Card,,4,Mobile Phone,5,5,0,14.0,1.0,1.0,0.0,128.58,128.58,0.08333333333333333,1.0,0-3,0
52739,0.0,Mobile Phone,3,15.0,E wallet,2.0,3,Laptop & Accessory,1,2,0,14.0,1.0,1.0,7.0,141.05,141.05,1.0,1.0,4-7,0
52740,5.0,Mobile Phone,1,11.0,Debit Card,2.0,4,Laptop & Accessory,1,9,0,24.0,1.0,1.0,0.0,196.79,196.79,0.16666666666666666,1.0,0-3,0
52742,16.0,Mobile Phone,3,30.0,Debit Card,3.0,3,Fashion,5,7,1,13.0,0.0,2.0,2.0,204.48,102.24,0.11764705882352941,0.0,0-3,1
52743,27.0,Mobile Phone,1,15.0,Debit Card,,3,Laptop & Accessory,3,4,0,11.0,1.0,2.0,3.0,128.97,64.485,0.07142857142857142,0.5,0-3,0
52744,6.0,Computer,1,13.0,Debit Card,2.0,3,Laptop & Accessory,3,2,0,20.0,0.0,2.0,8.0,159.68,79.84,0.2857142857142857,0.0,8-14,0
52746,11.0,Computer,2,7.0,UPI,,3,Mobile Phone,4,1,1,11.0,0.0,1.0,2.0,129.91,129.91,0.08333333333333333,0.0,0-3,0
52748,4.0,Mobile Phone,1,8.0,Credit Card,2.0,5,Mobile Phone,1,2,1,11.0,0.0,1.0,0.0,111.29,111.29,0.2,0.0,0-3,0
52750,15.0,Computer,1,29.0,Debit Card,2.0,4,Laptop & Accessory,3,2,0,12.0,3.0,3.0,7.0,143.32,47.77333333333333,0.1875,1.0,4-7,0
52753,0.0,Mobile Phone,1,7.0,Debit Card,2.0,4,Laptop & Accessory,3,2,0,12.0,1.0,1.0,2.0,146.17,146.17,1.0,1.0,0-3,0
52755,13.0,Computer,1,17.0,Cash on Delivery,3.0,3,Laptop & Accessory,3,2,0,11.0,7.0,9.0,4.0,163.23,18.136666666666667,0.6428571428571429,0.7777777777777778,4-7,0
52758,3.0,Mobile Phone,1,7.0,Credit Card,3.0,3,Mobile Phone,4,2,0,13.0,1.0,1.0,7.0,137.48,137.48,0.25,1.0,4-7,0
52760,20.0,Mobile Phone,1,31.0,Credit Card,2.0,3,Fashion,3,3,0,23.0,9.0,12.0,11.0,186.33,15.527500000000002,0.5714285714285714,0.75,8-14,0
52761,,Computer,1,7.0,Credit Card,2.0,4,Mobile Phone,3,2,0,12.0,0.0,1.0,0.0,120.08,120.08,,0.0,0-3,0
52762,11.0,Mobile Phone,3,7.0,Debit Card,2.0,3,Laptop & Accessory,4,1,0,15.0,1.0,5.0,8.0,144.4,28.880000000000003,0.4166666666666667,0.2,8-14,0
52763,4.0,Mobile Phone,3,8.0,Debit Card,,3,Mobile Phone,3,1,0,19.0,0.0,1.0,2.0,130.67,130.67,0.2,0.0,0-3,0
52765,15.0,Mobile Phone,1,24.0,Debit Card,2.0,3,Laptop & Accessory,5,7,1,17.0,1.0,1.0,2.0,154.1,154.1,0.0625,1.0,0-3,0
52766,14.0,Mobile Phone,1,7.0,Debit Card,,3,Mobile Phone,1,4,0,22.0,0.0,1.0,0.0,127.82,127.82,0.06666666666666667,0.0,0-3,0
52767,20.0,Computer,1,7.0,Credit Card,3.0,3,Fashion,4,1,0,18.0,0.0,5.0,,219.57,43.914,0.23809523809523808,0.0,,0
52768,8.0,Mobile Phone,1,17.0,Credit Card,2.0,3,Mobile Phone,3,8,1,11.0,2.0,2.0,2.0,126.6,63.3,0.2222222222222222,1.0,0-3,0
52769,0.0,Mobile Phone,1,7.0,Debit Card,3.0,3,Mobile Phone,3,1,0,12.0,1.0,1.0,2.0,133.75,133.75,1.0,1.0,0-3,0
52771,6.0,Mobile Phone,1,21.0,Credit Card,3.0,3,Laptop & Accessory,1,1,1,13.0,6.0,8.0,1.0,148.78,18.5975,1.1428571428571428,0.75,0-3,0
52772,5.0,Mobile Phone,1,35.0,Debit Card,,4,Mobile Phone,4,2,0,13.0,0.0,4.0,1.0,128.37,32.0925,0.6666666666666666,0.0,0-3,0
52773,13.0,Mobile Phone,1,,Debit Card,2.0,3,Mobile Phone,1,9,0,19.0,1.0,1.0,0.0,124.06,124.06,0.07142857142857142,1.0,0-3,0
52774,,Mobile Phone,3,7.0,Credit Card,3.0,4,Mobile Phone,4,1,0,14.0,2.0,2.0,2.0,122.69,61.345,,1.0,0-3,0
52775,12.0,Mobile Phone,1,30.0,Debit Card,2.0,3,Laptop & Accessory,1,8,0,13.0,0.0,1.0,7.0,141.08,141.08,0.07692307692307693,0.0,4-7,0
52776,11.0,Mobile Phone,1,16.0,Credit Card,3.0,5,Fashion,3,4,0,12.0,0.0,,11.0,232.06,,,,8-14,0
52777,5.0,Mobile Phone,3,7.0,E wallet,2.0,3,Fashion,1,2,0,19.0,0.0,5.0,7.0,204.22,40.844,0.8333333333333334,0.0,4-7,0
52778,10.0,Mobile Phone,1,16.0,Debit Card,2.0,1,Fashion,1,2,1,25.0,5.0,,8.0,237.44,,,,8-14,0
52779,0.0,Mobile Phone,3,14.0,UPI,2.0,3,Laptop & Accessory,3,1,1,22.0,0.0,1.0,4.0,149.07,149.07,1.0,0.0,4-7,0
52780,25.0,Computer,3,35.0,Debit Card,2.0,3,Mobile Phone,1,3,0,15.0,1.0,1.0,0.0,134.82,134.82,0.038461538461538464,1.0,0-3,0
52781,17.0,Mobile Phone,1,,Credit Card,2.0,3,Mobile Phone,1,7,1,12.0,1.0,1.0,2.0,124.36,124.36,0.05555555555555555,1.0,0-3,0
52783,12.0,Computer,1,15.0,Debit Card,2.0,3,Others,1,3,0,,1.0,1.0,3.0,294.31,294.31,0.07692307692307693,1.0,0-3,0
52785,9.0,Mobile Phone,3,9.0,Credit Card,3.0,4,Fashion,1,1,0,19.0,0.0,3.0,4.0,176.44,58.81333333333333,0.3,0.0,4-7,0
52786,9.0,Computer,1,10.0,Debit Card,3.0,3,Laptop & Accessory,4,8,0,13.0,0.0,1.0,2.0,151.31,151.31,0.1,0.0,0-3,0
52787,29.0,Computer,1,7.0,Debit Card,2.0,3,Laptop & Accessory,3,2,0,21.0,0.0,1.0,9.0,163.06,163.06,0.03333333333333333,0.0,8-14,0
52788,0.0,Mobile Phone,1,7.0,Credit Card,2.0,3,Mobile Phone,1,10,1,14.0,2.0,2.0,2.0,147.87,73.935,2.0,1.0,0-3,1
52793,9.0,Computer,3,21.0,E wallet,2.0,5,Laptop & Accessory,1,2,0,24.0,5.0,11.0,11.0,154.06,14.005454545454546,1.1,0.45454545454545453,8-14,0
52794,14.0,Mobile Phone,3,9.0,Debit Card,2.0,4,Laptop & Accessory,4,3,0,11.0,1.0,1.0,4.0,189.38,189.38,0.06666666666666667,1.0,4-7,0
52795,5.0,Mobile Phone,1,,Cash on Delivery,3.0,3,Mobile Phone,5,2,0,14.0,0.0,1.0,2.0,124.39,124.39,0.16666666666666666,0.0,0-3,0
52798,13.0,Computer,3,7.0,Debit Card,3.0,3,Laptop & Accessory,3,8,0,12.0,1.0,1.0,1.0,167.28,167.28,0.07142857142857142,1.0,0-3,1
52800,18.0,Mobile Phone,3,26.0,Debit Card,2.0,3,Laptop & Accessory,3,9,0,15.0,0.0,1.0,1.0,148.5,148.5,0.05263157894736842,0.0,0-3,0
52802,8.0,Computer,1,24.0,Debit Card,3.0,3,Laptop & Accessory,3,2,1,14.0,0.0,1.0,2.0,156.89,156.89,0.1111111111111111,0.0,0-3,0
52803,,Mobile Phone,1,8.0,Credit Card,3.0,3,Mobile Phone,3,3,0,14.0,0.0,1.0,2.0,120.01,120.01,,0.0,0-3,0
52804,8.0,Mobile Phone,1,7.0,Debit Card,,5,Mobile Phone,1,2,0,12.0,1.0,1.0,1.0,129.77,129.77,0.1111111111111111,1.0,0-3,0
52805,2.0,Mobile Phone,1,19.0,UPI,2.0,4,Laptop & Accessory,4,5,1,13.0,0.0,1.0,3.0,140.25,140.25,0.3333333333333333,0.0,0-3,0
52807,13.0,Mobile Phone,3,34.0,E wallet,2.0,4,Fashion,5,5,1,13.0,2.0,2.0,0.0,208.54,104.27,0.14285714285714285,1.0,0-3,1
52808,12.0,Mobile Phone,3,30.0,E wallet,2.0,4,Grocery,1,1,0,11.0,3.0,9.0,,220.31,24.47888888888889,0.6923076923076923,0.3333333333333333,,0
52809,4.0,Computer,1,11.0,Credit Card,3.0,3,Laptop & Accessory,5,1,0,19.0,1.0,1.0,7.0,199.36,199.36,0.2,1.0,4-7,0
52810,0.0,Mobile Phone,3,11.0,UPI,,4,Mobile Phone,3,1,0,18.0,1.0,1.0,0.0,129.66,129.66,1.0,1.0,0-3,0
52812,12.0,Mobile Phone,1,12.0,Credit Card,2.0,4,Fashion,5,5,0,15.0,0.0,1.0,7.0,199.91,199.91,0.07692307692307693,0.0,4-7,0
52813,0.0,Mobile Phone,1,10.0,Debit Card,2.0,1,Laptop & Accessory,4,2,1,20.0,0.0,1.0,3.0,161.42,161.42,1.0,0.0,0-3,0
52815,7.0,Mobile Phone,1,14.0,Credit Card,2.0,1,Laptop & Accessory,3,3,0,12.0,1.0,1.0,2.0,144.04,144.04,0.125,1.0,0-3,0
52816,5.0,Mobile Phone,3,7.0,Debit Card,4.0,4,Laptop & Accessory,2,10,1,12.0,2.0,2.0,6.0,184.93,92.465,0.3333333333333333,1.0,4-7,1
52817,1.0,Mobile Phone,1,9.0,UPI,4.0,5,Mobile Phone,3,8,1,16.0,1.0,2.0,1.0,145.9,72.95,1.0,0.5,0-3,1
52818,1.0,Mobile Phone,1,31.0,Debit Card,3.0,5,Mobile Phone,3,7,1,15.0,1.0,2.0,4.0,145.28,72.64,1.0,0.5,4-7,1
52819,1.0,Mobile Phone,3,16.0,Debit Card,3.0,5,Laptop & Accessory,5,9,0,24.0,1.0,2.0,4.0,159.07,79.535,1.0,0.5,4-7,1
52820,1.0,Mobile Phone,1,13.0,Credit Card,3.0,4,Mobile Phone,5,4,0,12.0,2.0,2.0,4.0,154.6,77.3,1.0,1.0,4-7,1
52821,1.0,Computer,1,23.0,Debit Card,4.0,6,Mobile Phone,5,3,1,23.0,5.0,7.0,8.0,164.19,23.455714285714286,3.5,0.7142857142857143,8-14,1
52822,3.0,Mobile Phone,3,12.0,Cash on Delivery,3.0,4,Laptop & Accessory,2,5,0,15.0,1.0,2.0,1.0,145.86,72.93,0.5,0.5,0-3,1
52823,1.0,Mobile Phone,1,7.0,Credit Card,4.0,4,Mobile Phone,2,4,1,17.0,3.0,3.0,1.0,147.93,49.31,1.5,1.0,0-3,1
52824,14.0,Mobile Phone,3,10.0,E wallet,3.0,5,Mobile Phone,3,3,1,15.0,1.0,2.0,3.0,151.83,75.915,0.13333333333333333,0.5,0-3,1
52825,1.0,Mobile Phone,1,32.0,Debit Card,3.0,6,Mobile Phone,3,3,0,13.0,2.0,2.0,2.0,147.93,73.965,1.0,1.0,0-3,1
52826,5.0,Mobile Phone,1,19.0,Cash on Delivery,3.0,4,Others,3,3,0,,10.0,16.0,9.0,320.45,20.028125,2.6666666666666665,0.625,8-14,1
52827,12.0,Mobile Phone,1,7.0,Debit Card,4.0,5,Fashion,3,11,1,14.0,1.0,2.0,1.0,178.81,89.405,0.15384615384615385,0.5,0-3,1
52828,1.0,Mobile Phone,1,12.0,Cash on Delivery,3.0,4,Mobile Phone,3,3,1,14.0,3.0,3.0,3.0,159.41,53.13666666666666,1.5,1.0,0-3,1
52829,1.0,Mobile Phone,1,16.0,Credit Card,4.0,5,Mobile Phone,3,2,1,18.0,1.0,2.0,1.0,158.88,79.44,1.0,0.5,0-3,1
52830,10.0,Mobile Phone,3,16.0,Credit Card,4.0,5,Fashion,2,3,0,17.0,1.0,5.0,,221.19,44.238,0.45454545454545453,0.2,,1
52831,1.0,Mobile Phone,2,13.0,UPI,4.0,4,Mobile Phone,5,6,1,23.0,2.0,2.0,3.0,145.73,72.865,1.0,1.0,0-3,1
52832,1.0,Computer,1,13.0,Debit Card,4.0,5,Mobile Phone,2,3,1,19.0,2.0,2.0,1.0,154.26,77.13,1.0,1.0,0-3,1
52833,1.0,Mobile Phone,3,12.0,E wallet,3.0,5,Laptop & Accessory,3,3,1,12.0,2.0,2.0,4.0,182.44,91.22,1.0,1.0,4-7,1
52834,1.0,Computer,1,14.0,Debit Card,4.0,6,Laptop & Accessory,3,3,1,25.0,2.0,2.0,7.0,185.74,92.87,1.0,1.0,4-7,1
52835,20.0,Mobile Phone,1,21.0,Debit Card,4.0,4,Mobile Phone,4,11,1,19.0,2.0,5.0,4.0,174.63,34.926,0.23809523809523808,0.4,4-7,1
52836,1.0,Mobile Phone,3,13.0,Debit Card,4.0,6,Laptop & Accessory,3,6,1,19.0,7.0,8.0,8.0,186.72,23.34,4.0,0.875,8-14,1
52837,21.0,Mobile Phone,1,30.0,Credit Card,4.0,4,Fashion,2,3,0,13.0,12.0,16.0,,228.12,14.2575,0.7272727272727273,0.75,,1
52838,1.0,Mobile Phone,3,29.0,E wallet,3.0,4,Mobile Phone,3,3,1,20.0,1.0,2.0,1.0,141.75,70.875,1.0,0.5,0-3,1
52839,1.0,Mobile Phone,3,27.0,Debit Card,4.0,6,Laptop & Accessory,3,5,1,12.0,2.0,3.0,3.0,170.59,56.86333333333334,1.5,0.6666666666666666,0-3,1
52840,15.0,Computer,1,15.0,Debit Card,3.0,6,Fashion,2,4,0,16.0,1.0,2.0,4.0,231.5,115.75,0.125,0.5,4-7,1
52841,1.0,Mobile Phone,1,16.0,Credit Card,3.0,4,Mobile Phone,5,9,0,23.0,2.0,2.0,5.0,167.0,83.5,1.0,1.0,4-7,1
52842,9.0,Mobile Phone,3,7.0,E wallet,4.0,4,Fashion,4,3,0,14.0,2.0,2.0,7.0,197.95,98.975,0.2,1.0,4-7,0
52843,27.0,Mobile Phone,3,13.0,E wallet,3.0,4,Laptop & Accessory,3,4,1,21.0,1.0,5.0,6.0,148.06,29.612000000000002,0.17857142857142858,0.2,4-7,0
52844,19.0,Mobile Phone,1,16.0,Debit Card,3.0,4,Laptop & Accessory,4,10,0,19.0,2.0,2.0,16.0,148.48,74.24,0.1,1.0,15+,0
52845,6.0,Computer,3,15.0,E wallet,3.0,4,Fashion,2,3,0,15.0,3.0,4.0,,214.98,53.745,0.5714285714285714,0.75,,0
52846,3.0,Computer,1,7.0,Cash on Delivery,3.0,4,Laptop & Accessory,3,3,0,14.0,1.0,2.0,10.0,168.19,84.095,0.5,0.5,8-14,0
52847,1.0,Mobile Phone,1,14.0,Credit Card,3.0,5,Laptop & Accessory,3,4,0,18.0,2.0,2.0,1.0,186.32,93.16,1.0,1.0,0-3,0
52848,31.0,Mobile Phone,1,16.0,Credit Card,4.0,5,Mobile Phone,4,6,1,21.0,2.0,2.0,1.0,158.46,79.23,0.0625,1.0,0-3,0
52849,14.0,Mobile Phone,3,11.0,E wallet,4.0,5,Fashion,2,9,0,12.0,3.0,,12.0,233.55,,,,8-14,0
52850,8.0,Computer,3,9.0,E wallet,4.0,4,Mobile Phone,3,8,0,19.0,2.0,2.0,3.0,147.31,73.655,0.2222222222222222,1.0,0-3,0
52851,1.0,Mobile Phone,1,26.0,Credit Card,4.0,4,Mobile Phone,2,3,0,25.0,1.0,3.0,3.0,148.23,49.41,1.5,0.3333333333333333,0-3,0
52852,1.0,Computer,1,16.0,Credit Card,3.0,4,Mobile Phone,4,8,0,19.0,1.0,3.0,3.0,145.24,48.413333333333334,1.5,0.3333333333333333,0-3,0
52853,2.0,Mobile Phone,1,28.0,Credit Card,3.0,4,Mobile Phone,2,3,0,12.0,1.0,2.0,3.0,152.13,76.065,0.6666666666666666,0.5,0-3,0
52854,31.0,Mobile Phone,1,31.0,Debit Card,3.0,3,Fashion,2,5,1,17.0,2.0,2.0,,219.39,109.695,0.0625,1.0,,0
52855,1.0,Computer,1,10.0,Credit Card,4.0,5,Mobile Phone,3,3,1,16.0,1.0,2.0,2.0,150.66,75.33,1.0,0.5,0-3,0
52856,24.0,Mobile Phone,1,18.0,Debit Card,3.0,4,Others,4,5,0,16.0,3.0,5.0,5.0,324.26,64.852,0.2,0.6,4-7,0
52857,15.0,Mobile Phone,1,21.0,Debit Card,3.0,4,Mobile Phone,3,6,0,13.0,2.0,2.0,9.0,149.51,74.755,0.125,1.0,8-14,0
52858,4.0,Mobile Phone,3,12.0,Debit Card,3.0,4,Fashion,2,4,0,13.0,3.0,8.0,,219.19,27.39875,1.6,0.375,,0
52859,12.0,Mobile Phone,3,7.0,Debit Card,3.0,5,Laptop & Accessory,2,6,0,23.0,2.0,2.0,,211.86,105.93,0.15384615384615385,1.0,,0
52860,6.0,Mobile Phone,1,13.0,Debit Card,3.0,4,Mobile Phone,3,5,0,21.0,1.0,2.0,5.0,155.38,77.69,0.2857142857142857,0.5,4-7,0
52861,1.0,Mobile Phone,1,24.0,Cash on Delivery,3.0,4,Mobile Phone,4,2,1,17.0,2.0,2.0,2.0,155.58,77.79,1.0,1.0,0-3,0
52862,1.0,Computer,3,7.0,Cash on Delivery,4.0,6,Mobile Phone,5,2,0,22.0,2.0,2.0,1.0,148.25,74.125,1.0,1.0,0-3,1
52863,10.0,Computer,1,10.0,Credit Card,2.0,4,Mobile Phone,4,6,0,13.0,5.0,8.0,3.0,145.88,18.235,0.7272727272727273,0.625,0-3,0
52864,4.0,Computer,1,16.0,Credit Card,4.0,4,Laptop & Accessory,5,3,0,12.0,1.0,7.0,11.0,155.72,22.245714285714286,1.4,0.14285714285714285,8-14,0
52865,19.0,Mobile Phone,3,11.0,Debit Card,2.0,4,Laptop & Accessory,5,6,1,12.0,1.0,2.0,4.0,175.06,87.53,0.1,0.5,4-7,0
52866,30.0,Mobile Phone,1,15.0,Debit Card,4.0,4,Mobile Phone,5,6,1,19.0,2.0,3.0,3.0,167.57,55.85666666666666,0.0967741935483871,0.6666666666666666,0-3,0
52867,7.0,Mobile Phone,1,9.0,Debit Card,3.0,4,Mobile Phone,2,2,0,15.0,1.0,2.0,3.0,150.0,75.0,0.25,0.5,0-3,0
52868,1.0,Mobile Phone,1,9.0,Debit Card,3.0,5,Mobile Phone,2,3,0,23.0,1.0,2.0,1.0,136.02,68.01,1.0,0.5,0-3,1
52869,20.0,Mobile Phone,3,7.0,E wallet,4.0,4,Fashion,5,3,0,26.0,5.0,16.0,,229.53,14.345625,0.7619047619047619,0.3125,,0
52870,12.0,Mobile Phone,1,16.0,Debit Card,4.0,4,Mobile Phone,2,3,0,13.0,2.0,3.0,2.0,147.88,49.29333333333333,0.23076923076923078,0.6666666666666666,0-3,0
52871,5.0,Mobile Phone,1,19.0,Credit Card,4.0,4,Mobile Phone,2,10,1,24.0,2.0,2.0,3.0,164.29,82.145,0.3333333333333333,1.0,0-3,0
52872,8.0,Mobile Phone,1,34.0,Credit Card,4.0,4,Mobile Phone,4,4,0,16.0,2.0,2.0,3.0,148.11,74.055,0.2222222222222222,1.0,0-3,0
52873,5.0,Mobile Phone,3,27.0,E wallet,4.0,4,Mobile Phone,4,3,1,23.0,1.0,2.0,3.0,156.4,78.2,0.3333333333333333,0.5,0-3,1
52874,24.0,Mobile Phone,1,7.0,Credit Card,3.0,5,Mobile Phone,3,4,0,16.0,1.0,2.0,3.0,161.9,80.95,0.08,0.5,0-3,0
52875,27.0,Mobile Phone,1,20.0,Credit Card,3.0,3,Laptop & Accessory,5,3,0,12.0,2.0,2.0,4.0,169.5,84.75,0.07142857142857142,1.0,4-7,0
52876,7.0,Mobile Phone,1,21.0,Credit Card,4.0,4,Mobile Phone,4,3,0,14.0,1.0,2.0,7.0,152.56,76.28,0.25,0.5,4-7,0
52877,14.0,Mobile Phone,1,11.0,Credit Card,3.0,4,Others,3,3,0,,1.0,10.0,10.0,315.33,31.532999999999998,0.6666666666666666,0.1,8-14,0
52878,29.0,Mobile Phone,1,21.0,Credit Card,4.0,3,Others,4,10,0,,1.0,3.0,16.0,312.22,104.07333333333334,0.1,0.3333333333333333,15+,0
52879,8.0,Computer,1,9.0,Debit Card,3.0,5,Laptop & Accessory,3,3,0,18.0,1.0,2.0,,220.47,110.235,0.2222222222222222,0.5,,0
52880,25.0,Mobile Phone,1,10.0,Credit Card,4.0,4,Grocery,4,5,0,19.0,,2.0,1.0,262.34,131.17,0.07692307692307693,,0-3,0
52881,26.0,Mobile Phone,1,7.0,Debit Card,4.0,5,Others,3,2,0,15.0,2.0,12.0,10.0,324.99,27.0825,0.4444444444444444,0.16666666666666666,8-14,0
52882,1.0,Mobile Phone,1,16.0,Credit Card,3.0,4,Mobile Phone,4,3,0,17.0,2.0,2.0,4.0,147.79,73.895,1.0,1.0,4-7,0
52883,1.0,Mobile Phone,1,30.0,Debit Card,3.0,5,Laptop & Accessory,3,5,1,14.0,2.0,2.0,2.0,184.16,92.08,1.0,1.0,0-3,1
52884,17.0,Computer,1,14.0,Credit Card,3.0,3,Mobile Phone,2,6,0,15.0,1.0,3.0,3.0,145.89,48.629999999999995,0.16666666666666666,0.3333333333333333,0-3,0
52885,19.0,Computer,1,9.0,Credit Card,4.0,5,Grocery,2,11,0,,10.0,12.0,9.0,292.92,24.41,0.6,0.8333333333333334,8-14,0
52886,11.0,Mobile Phone,1,28.0,Debit Card,4.0,3,Mobile Phone,5,3,1,13.0,1.0,2.0,8.0,160.64,80.32,0.16666666666666666,0.5,8-14,0
52887,9.0,Computer,1,9.0,Credit Card,3.0,4,Laptop & Accessory,4,7,0,12.0,2.0,2.0,3.0,169.25,84.625,0.2,1.0,0-3,0
52888,16.0,Computer,1,28.0,Credit Card,3.0,4,Laptop & Accessory,3,4,0,17.0,1.0,2.0,3.0,177.65,88.825,0.11764705882352941,0.5,0-3,0
52889,12.0,Mobile Phone,1,9.0,Debit Card,3.0,4,Laptop & Accessory,3,11,0,15.0,1.0,2.0,1.0,190.53,95.265,0.15384615384615385,0.5,0-3,0
52890,12.0,Mobile Phone,1,36.0,Cash on Delivery,3.0,4,Laptop & Accessory,2,5,0,19.0,1.0,2.0,8.0,187.61,93.805,0.15384615384615385,0.5,8-14,0
52891,1.0,Computer,1,7.0,Cash on Delivery,3.0,5,Laptop & Accessory,5,7,0,20.0,1.0,3.0,1.0,167.98,55.99333333333333,1.5,0.3333333333333333,0-3,0
52892,23.0,Computer,1,25.0,Debit Card,4.0,4,Laptop & Accessory,2,3,1,16.0,1.0,2.0,8.0,193.04,96.52,0.08333333333333333,0.5,8-14,0
52893,8.0,Computer,1,17.0,Credit Card,3.0,4,Mobile Phone,3,3,1,18.0,3.0,3.0,1.0,163.15,54.38333333333333,0.3333333333333333,1.0,0-3,0
52894,14.0,Mobile Phone,1,26.0,Credit Card,3.0,4,Laptop & Accessory,2,10,1,16.0,2.0,4.0,8.0,152.41,38.1025,0.26666666666666666,0.5,8-14,0
52895,2.0,Mobile Phone,1,36.0,Credit Card,4.0,4,Laptop & Accessory,5,9,1,20.0,1.0,2.0,1.0,191.73,95.865,0.6666666666666666,0.5,0-3,1
52896,1.0,Mobile Phone,3,34.0,E wallet,3.0,4,Fashion,2,3,0,23.0,2.0,2.0,10.0,201.39,100.695,1.0,1.0,8-14,1
52897,1.0,Mobile Phone,1,12.0,Debit Card,3.0,3,Mobile Phone,4,3,1,17.0,1.0,3.0,3.0,148.28,49.42666666666667,1.5,0.3333333333333333,0-3,0
52898,10.0,Computer,1,25.0,Credit Card,4.0,4,Mobile Phone,2,3,0,14.0,2.0,2.0,8.0,146.53,73.265,0.18181818181818182,1.0,8-14,0
52899,14.0,Computer,1,16.0,Debit Card,4.0,5,Laptop & Accessory,2,11,0,15.0,2.0,2.0,3.0,173.76,86.88,0.13333333333333333,1.0,0-3,0
52900,20.0,Mobile Phone,1,7.0,Credit Card,4.0,4,Fashion,5,9,0,17.0,1.0,2.0,,218.96,109.48,0.09523809523809523,0.5,,0
52901,1.0,Mobile Phone,3,11.0,Credit Card,3.0,6,Fashion,2,3,0,12.0,8.0,10.0,,229.0,22.9,5.0,0.8,,1
52902,4.0,Computer,1,7.0,Debit Card,3.0,5,Fashion,3,3,0,23.0,3.0,6.0,,209.74,34.95666666666667,1.2,0.5,,0
52903,1.0,Computer,3,27.0,Debit Card,3.0,4,Laptop & Accessory,3,3,0,15.0,2.0,2.0,,224.81,112.405,1.0,1.0,,0
52904,25.0,Mobile Phone,1,15.0,Debit Card,3.0,5,Fashion,4,7,0,17.0,2.0,,8.0,249.9,,,,8-14,0
52905,1.0,Mobile Phone,1,10.0,Cash on Delivery,3.0,4,Mobile Phone,5,7,1,12.0,2.0,2.0,5.0,151.57,75.785,1.0,1.0,4-7,1
52906,15.0,Mobile Phone,3,13.0,Debit Card,4.0,4,Fashion,2,5,1,19.0,1.0,2.0,1.0,260.91,130.455,0.125,0.5,0-3,0
52907,1.0,Computer,3,33.0,E wallet,3.0,5,Laptop & Accessory,5,7,0,16.0,1.0,2.0,2.0,191.96,95.98,1.0,0.5,0-3,1
52908,1.0,Mobile Phone,1,7.0,Cash on Delivery,3.0,4,Mobile Phone,3,2,0,15.0,1.0,2.0,6.0,145.58,72.79,1.0,0.5,4-7,1
52909,19.0,Computer,3,13.0,Credit Card,3.0,5,Fashion,2,8,0,13.0,13.0,13.0,,213.65,16.434615384615384,0.65,1.0,,0
52910,28.0,Mobile Phone,3,10.0,E wallet,3.0,4,Laptop & Accessory,5,4,0,15.0,2.0,2.0,6.0,184.4,92.2,0.06896551724137931,1.0,4-7,0
52911,10.0,Mobile Phone,1,12.0,Debit Card,4.0,4,Laptop & Accessory,4,10,0,17.0,1.0,4.0,8.0,184.14,46.035,0.36363636363636365,0.25,8-14,0
52912,7.0,Mobile Phone,1,11.0,Credit Card,3.0,5,Mobile Phone,4,8,0,22.0,1.0,2.0,2.0,151.22,75.61,0.25,0.5,0-3,0
52913,11.0,Computer,1,18.0,UPI,3.0,4,Fashion,2,3,1,15.0,1.0,,8.0,246.85,,,,8-14,0
52914,12.0,Mobile Phone,3,10.0,Debit Card,4.0,4,Fashion,3,2,0,13.0,2.0,6.0,,231.09,38.515,0.46153846153846156,0.3333333333333333,,0
52915,5.0,Computer,1,7.0,Credit Card,3.0,6,Laptop & Accessory,3,2,0,13.0,2.0,2.0,5.0,168.45,84.225,0.3333333333333333,1.0,4-7,0
52916,31.0,Mobile Phone,1,10.0,Debit Card,4.0,5,Mobile Phone,2,5,0,18.0,1.0,2.0,1.0,146.77,73.385,0.0625,0.5,0-3,0
52917,11.0,Computer,3,11.0,E wallet,3.0,4,Mobile Phone,2,6,0,18.0,2.0,6.0,9.0,25.0,4.166666666666667,0.5,0.3333333333333333,8-14,0
52918,3.0,Computer,3,7.0,Credit Card,3.0,4,Fashion,2,3,0,15.0,5.0,5.0,2.0,204.18,40.836,1.25,1.0,0-3,0
52919,9.0,Computer,3,7.0,E wallet,4.0,4,Fashion,3,3,0,15.0,2.0,2.0,,212.89,106.445,0.2,1.0,,0
52920,1.0,Mobile Phone,1,25.0,Credit Card,3.0,5,Mobile Phone,2,3,1,14.0,1.0,2.0,2.0,148.89,74.445,1.0,0.5,0-3,1
52921,26.0,Mobile Phone,1,9.0,Debit Card,3.0,5,Mobile Phone,2,9,0,16.0,1.0,3.0,3.0,157.12,52.373333333333335,0.1111111111111111,0.3333333333333333,0-3,0
52922,16.0,Mobile Phone,1,11.0,Cash on Delivery,3.0,4,Others,2,3,0,,1.0,12.0,16.0,317.32,26.44333333333333,0.7058823529411765,0.08333333333333333,15+,0
52923,31.0,Mobile Phone,2,13.0,Credit Card,3.0,4,Mobile Phone,3,10,0,18.0,3.0,3.0,3.0,147.67,49.22333333333333,0.09375,1.0,0-3,0
52924,24.0,Mobile Phone,3,7.0,Credit Card,4.0,4,Others,2,5,0,,2.0,2.0,7.0,320.17,160.085,0.08,1.0,4-7,0
52925,1.0,Mobile Phone,1,21.0,Credit Card,3.0,4,Mobile Phone,2,7,1,14.0,1.0,2.0,5.0,149.36,74.68,1.0,0.5,4-7,1
52926,17.0,Mobile Phone,3,23.0,E wallet,4.0,4,Grocery,2,7,1,23.0,,2.0,10.0,285.64,142.82,0.1111111111111111,,8-14,0
52927,1.0,Mobile Phone,1,9.0,Debit Card,3.0,4,Mobile Phone,5,9,0,21.0,2.0,2.0,8.0,152.07,76.035,1.0,1.0,8-14,1
52928,26.0,Computer,3,9.0,Debit Card,4.0,5,Others,3,3,1,,8.0,16.0,13.0,315.68,19.73,0.5925925925925926,0.5,8-14,0
52929,6.0,Mobile Phone,3,11.0,Debit Card,3.0,4,Mobile Phone,4,4,0,12.0,2.0,2.0,3.0,164.31,82.155,0.2857142857142857,1.0,0-3,0
52930,1.0,Mobile Phone,1,7.0,Debit Card,4.0,5,Mobile Phone,3,2,1,15.0,2.0,2.0,3.0,162.3,81.15,1.0,1.0,0-3,1
52931,13.0,Mobile Phone,1,7.0,Credit Card,4.0,4,Mobile Phone,3,9,0,15.0,1.0,2.0,3.0,147.32,73.66,0.14285714285714285,0.5,0-3,0
52932,6.0,Computer,3,33.0,E wallet,4.0,4,Laptop & Accessory,2,2,0,19.0,2.0,3.0,3.0,169.65,56.550000000000004,0.42857142857142855,0.6666666666666666,0-3,0
52933,15.0,Mobile Phone,1,26.0,Debit Card,3.0,4,Laptop & Accessory,5,4,0,17.0,2.0,2.0,1.0,155.72,77.86,0.125,1.0,0-3,0
52934,14.0,Mobile Phone,1,31.0,Cash on Delivery,4.0,4,Laptop & Accessory,2,3,0,18.0,3.0,5.0,8.0,158.19,31.637999999999998,0.3333333333333333,0.6,8-14,0
52935,19.0,Mobile Phone,1,7.0,UPI,4.0,3,Others,2,2,0,,2.0,2.0,8.0,317.02,158.51,0.1,1.0,8-14,0
52936,5.0,Computer,1,10.0,Credit Card,4.0,4,Fashion,3,11,0,13.0,,3.0,3.0,261.75,87.25,0.5,,0-3,0
52937,7.0,Mobile Phone,1,12.0,Debit Card,4.0,5,Mobile Phone,2,3,0,14.0,1.0,2.0,3.0,154.11,77.055,0.25,0.5,0-3,0
52938,8.0,Mobile Phone,1,9.0,Debit Card,3.0,5,Laptop & Accessory,5,8,0,14.0,1.0,6.0,10.0,184.57,30.761666666666667,0.6666666666666666,0.16666666666666666,8-14,0
52939,11.0,Mobile Phone,1,7.0,Credit Card,3.0,5,Mobile Phone,5,4,0,15.0,2.0,2.0,3.0,164.2,82.1,0.16666666666666666,1.0,0-3,0
52940,19.0,Computer,1,14.0,Debit Card,4.0,3,Laptop & Accessory,3,6,0,18.0,1.0,2.0,3.0,189.34,94.67,0.1,0.5,0-3,0
52941,1.0,Computer,1,17.0,Credit Card,4.0,4,Fashion,3,8,0,12.0,2.0,2.0,,225.48,112.74,1.0,1.0,,1
52942,13.0,Computer,1,9.0,Cash on Delivery,4.0,4,Fashion,3,2,0,26.0,11.0,,9.0,234.38,,,,8-14,0
52943,3.0,Mobile Phone,1,22.0,Debit Card,3.0,4,Mobile Phone,2,3,0,20.0,1.0,2.0,6.0,148.4,74.2,0.5,0.5,4-7,0
52944,16.0,Mobile Phone,1,24.0,Debit Card,3.0,3,Laptop & Accessory,5,5,1,14.0,1.0,2.0,3.0,190.45,95.225,0.11764705882352941,0.5,0-3,0
52945,3.0,Mobile Phone,3,27.0,E wallet,3.0,4,Laptop & Accessory,2,4,0,15.0,2.0,2.0,3.0,194.31,97.155,0.5,1.0,0-3,0
52946,1.0,Mobile Phone,1,7.0,Debit Card,4.0,4,Laptop & Accessory,3,2,0,13.0,2.0,2.0,3.0,173.98,86.99,1.0,1.0,0-3,0
52947,16.0,Mobile Phone,1,9.0,Credit Card,3.0,5,Mobile Phone,5,2,1,12.0,5.0,8.0,9.0,150.93,18.86625,0.47058823529411764,0.625,8-14,0
52948,14.0,Mobile Phone,1,9.0,Credit Card,3.0,4,Others,3,2,0,,1.0,4.0,10.0,319.36,79.84,0.26666666666666666,0.25,8-14,0
52949,25.0,Mobile Phone,1,7.0,Debit Card,4.0,4,Mobile Phone,2,3,0,12.0,2.0,2.0,1.0,152.23,76.115,0.07692307692307693,1.0,0-3,0
52950,1.0,Computer,1,36.0,Credit Card,4.0,5,Mobile Phone,4,2,0,12.0,2.0,2.0,5.0,159.79,79.895,1.0,1.0,4-7,1
52951,6.0,Computer,1,14.0,Debit Card,4.0,3,Mobile Phone,4,3,0,21.0,1.0,2.0,4.0,152.94,76.47,0.2857142857142857,0.5,4-7,0
52952,12.0,Computer,3,9.0,Debit Card,3.0,5,Laptop & Accessory,2,5,0,19.0,7.0,8.0,6.0,177.49,22.18625,0.6153846153846154,0.875,4-7,0
52953,6.0,Mobile Phone,1,9.0,Cash on Delivery,3.0,5,Laptop & Accessory,5,6,0,14.0,1.0,2.0,5.0,146.76,73.38,0.2857142857142857,0.5,4-7,0
52954,20.0,Mobile Phone,3,9.0,Cash on Delivery,4.0,6,Grocery,4,5,1,,7.0,8.0,8.0,293.72,36.715,0.38095238095238093,0.875,8-14,0
52955,1.0,Mobile Phone,1,9.0,Debit Card,4.0,4,Mobile Phone,3,4,0,12.0,2.0,2.0,1.0,159.85,79.925,1.0,1.0,0-3,1
52956,3.0,Mobile Phone,3,9.0,Credit Card,4.0,5,Laptop & Accessory,4,4,0,20.0,1.0,2.0,1.0,191.44,95.72,0.5,0.5,0-3,0
52957,5.0,Mobile Phone,1,30.0,Credit Card,4.0,5,Laptop & Accessory,2,2,0,22.0,2.0,8.0,9.0,180.82,22.6025,1.3333333333333333,0.25,8-14,0
52958,1.0,Computer,1,12.0,Debit Card,3.0,3,Laptop & Accessory,5,3,0,13.0,2.0,2.0,6.0,165.0,82.5,1.0,1.0,4-7,0
52959,19.0,Mobile Phone,1,27.0,Credit Card,4.0,4,Grocery,2,2,1,15.0,1.0,,11.0,259.96,,,,8-14,0
52960,10.0,Mobile Phone,1,13.0,Debit Card,3.0,4,Mobile Phone,2,2,0,12.0,5.0,11.0,12.0,157.1,14.281818181818181,1.0,0.45454545454545453,8-14,0
52961,29.0,Mobile Phone,1,7.0,Credit Card,3.0,4,Others,5,2,1,,5.0,5.0,14.0,315.45,63.089999999999996,0.16666666666666666,1.0,8-14,0
52962,11.0,Computer,1,36.0,Debit Card,3.0,4,Fashion,4,3,1,13.0,6.0,,10.0,243.49,,,,8-14,1
52963,2.0,Mobile Phone,1,16.0,Credit Card,4.0,4,Mobile Phone,2,3,0,24.0,2.0,2.0,5.0,145.7,72.85,0.6666666666666666,1.0,4-7,0
52964,11.0,Mobile Phone,3,13.0,Credit Card,4.0,4,Laptop & Accessory,2,6,0,15.0,1.0,2.0,2.0,190.02,95.01,0.16666666666666666,0.5,0-3,0
52965,1.0,Mobile Phone,1,10.0,Credit Card,4.0,5,Mobile Phone,3,3,0,18.0,2.0,2.0,1.0,157.3,78.65,1.0,1.0,0-3,0
52966,11.0,Computer,1,7.0,Credit Card,1.0,4,Fashion,2,4,1,19.0,,2.0,3.0,261.03,130.515,0.16666666666666666,,0-3,0
52967,3.0,Mobile Phone,1,29.0,Debit Card,4.0,3,Fashion,4,9,0,19.0,6.0,,3.0,244.96,,,,0-3,0
52968,12.0,Mobile Phone,3,14.0,Credit Card,3.0,3,Laptop & Accessory,5,3,1,25.0,1.0,8.0,8.0,181.05,22.63125,0.6153846153846154,0.125,8-14,0
52969,1.0,Computer,1,7.0,Debit Card,3.0,4,Laptop & Accessory,4,3,0,21.0,1.0,2.0,5.0,188.97,94.485,1.0,0.5,4-7,0
52970,24.0,Mobile Phone,1,11.0,Debit Card,4.0,4,Others,4,5,0,,2.0,2.0,7.0,316.44,158.22,0.08,1.0,4-7,0
52971,27.0,Mobile Phone,1,10.0,Credit Card,3.0,4,Grocery,3,5,1,,1.0,2.0,4.0,300.84,150.42,0.07142857142857142,0.5,4-7,0
52972,16.0,Mobile Phone,3,7.0,Debit Card,3.0,4,Laptop & Accessory,3,3,0,26.0,5.0,12.0,7.0,174.07,14.505833333333333,0.7058823529411765,0.4166666666666667,4-7,0
52973,3.0,Computer,3,9.0,Debit Card,3.0,4,Laptop & Accessory,2,3,0,19.0,1.0,2.0,10.0,170.54,85.27,0.5,0.5,8-14,0
52974,29.0,Mobile Phone,1,27.0,Cash on Delivery,3.0,4,Laptop & Accessory,2,5,1,20.0,2.0,2.0,9.0,179.15,89.575,0.06666666666666667,1.0,8-14,0
52975,1.0,Computer,1,18.0,Credit Card,3.0,4,Laptop & Accessory,5,3,1,14.0,3.0,4.0,4.0,172.41,43.1025,2.0,0.75,4-7,0
52976,11.0,Mobile Phone,1,7.0,Debit Card,3.0,4,Mobile Phone,2,3,0,13.0,2.0,6.0,8.0,146.15,24.358333333333334,0.5,0.3333333333333333,8-14,0
52977,8.0,Computer,1,31.0,Debit Card,3.0,4,Mobile Phone,3,5,1,23.0,1.0,2.0,1.0,156.61,78.305,0.2222222222222222,0.5,0-3,1
52978,12.0,Mobile Phone,1,30.0,Debit Card,3.0,4,Laptop & Accessory,2,11,0,15.0,1.0,2.0,3.0,182.45,91.225,0.15384615384615385,0.5,0-3,0
52979,1.0,Mobile Phone,1,23.0,Credit Card,3.0,4,Mobile Phone,4,4,1,14.0,2.0,2.0,3.0,148.73,74.365,1.0,1.0,0-3,1
52980,2.0,Mobile Phone,1,15.0,Debit Card,4.0,4,Mobile Phone,2,3,0,22.0,1.0,2.0,3.0,158.1,79.05,0.6666666666666666,0.5,0-3,0
52981,23.0,Computer,1,17.0,Debit Card,3.0,4,Others,5,11,1,,1.0,2.0,3.0,311.65,155.825,0.08333333333333333,0.5,0-3,0
52982,10.0,Mobile Phone,1,10.0,Cash on Delivery,2.0,4,Laptop & Accessory,4,6,0,13.0,7.0,8.0,8.0,169.85,21.23125,0.7272727272727273,0.875,8-14,0
52983,5.0,Computer,3,12.0,E wallet,3.0,4,Mobile Phone,4,3,0,12.0,1.0,3.0,3.0,152.89,50.96333333333333,0.5,0.3333333333333333,0-3,0
52984,1.0,Mobile Phone,3,11.0,E wallet,3.0,5,Laptop & Accessory,2,3,1,13.0,8.0,8.0,5.0,183.28,22.91,4.0,1.0,4-7,1
52985,11.0,Computer,1,16.0,Credit Card,3.0,4,Mobile Phone,2,3,1,13.0,1.0,2.0,3.0,148.26,74.13,0.16666666666666666,0.5,0-3,0
52986,16.0,Computer,3,33.0,E wallet,4.0,4,Grocery,4,7,0,15.0,3.0,,9.0,260.25,,,,8-14,0
52987,1.0,Mobile Phone,1,10.0,Debit Card,3.0,4,Mobile Phone,3,3,0,14.0,1.0,2.0,1.0,139.2,69.6,1.0,0.5,0-3,1
52988,9.0,Mobile Phone,3,23.0,E wallet,4.0,4,Fashion,4,2,0,16.0,4.0,7.0,10.0,205.2,29.314285714285713,0.7,0.5714285714285714,8-14,0
52989,10.0,Computer,1,25.0,Debit Card,3.0,3,Mobile Phone,2,6,0,19.0,1.0,2.0,1.0,161.88,80.94,0.18181818181818182,0.5,0-3,0
52990,25.0,Mobile Phone,1,9.0,Credit Card,3.0,6,Laptop & Accessory,4,7,0,19.0,1.0,2.0,3.0,179.82,89.91,0.07692307692307693,0.5,0-3,0
52991,15.0,Mobile Phone,3,9.0,Debit Card,3.0,4,Grocery,4,3,0,20.0,,2.0,5.0,285.15,142.575,0.125,,4-7,0
52992,1.0,Mobile Phone,3,17.0,Credit Card,4.0,5,Mobile Phone,3,3,0,13.0,2.0,2.0,1.0,137.0,68.5,1.0,1.0,0-3,0
52993,2.0,Mobile Phone,1,23.0,Credit Card,4.0,3,Laptop & Accessory,5,2,0,20.0,1.0,2.0,8.0,181.61,90.805,0.6666666666666666,0.5,8-14,0
52994,5.0,Mobile Phone,3,14.0,Cash on Delivery,4.0,3,Laptop & Accessory,2,6,0,12.0,4.0,8.0,8.0,194.29,24.28625,1.3333333333333333,0.5,8-14,0
52995,13.0,Mobile Phone,1,7.0,Credit Card,3.0,3,Fashion,2,2,0,18.0,4.0,4.0,,221.13,55.2825,0.2857142857142857,1.0,,0
52996,10.0,Computer,1,31.0,Debit Card,3.0,4,Laptop & Accessory,4,9,0,16.0,1.0,2.0,9.0,181.74,90.87,0.18181818181818182,0.5,8-14,0
52997,6.0,Mobile Phone,3,14.0,Debit Card,4.0,5,Laptop & Accessory,3,3,0,15.0,2.0,5.0,9.0,179.84,35.968,0.7142857142857143,0.4,8-14,0
52998,12.0,Mobile Phone,1,32.0,Debit Card,3.0,5,Fashion,4,5,0,18.0,2.0,,2.0,245.61,,,,0-3,0
52999,31.0,Computer,1,7.0,Debit Card,3.0,6,Laptop & Accessory,3,4,1,14.0,2.0,2.0,3.0,181.6,90.8,0.0625,1.0,0-3,0
53000,5.0,Mobile Phone,1,12.0,Cash on Delivery,3.0,4,Mobile Phone,2,2,1,13.0,1.0,2.0,4.0,173.21,86.605,0.3333333333333333,0.5,4-7,0
53001,5.0,Mobile Phone,2,9.0,UPI,4.0,5,Laptop & Accessory,5,5,0,13.0,1.0,2.0,1.0,189.1,94.55,0.3333333333333333,0.5,0-3,0
53002,19.0,Computer,1,14.0,Debit Card,4.0,4,Fashion,5,3,0,19.0,6.0,10.0,12.0,177.1,17.71,0.5,0.6,8-14,0
53003,5.0,Mobile Phone,1,9.0,Debit Card,3.0,4,Mobile Phone,2,2,1,19.0,2.0,3.0,3.0,151.95,50.65,0.5,0.6666666666666666,0-3,0
53004,7.0,Computer,1,12.0,Debit Card,4.0,4,Fashion,4,8,0,12.0,3.0,,9.0,243.78,,,,8-14,0
53005,13.0,Mobile Phone,1,17.0,Credit Card,3.0,4,Grocery,5,3,1,,12.0,12.0,11.0,295.68,24.64,0.8571428571428571,1.0,8-14,0
53006,17.0,Computer,1,17.0,Debit Card,3.0,4,Mobile Phone,2,2,0,20.0,1.0,2.0,8.0,149.55,74.775,0.1111111111111111,0.5,8-14,0
53007,23.0,Mobile Phone,1,7.0,Cash on Delivery,3.0,5,Grocery,3,9,1,13.0,,2.0,8.0,264.64,132.32,0.08333333333333333,,8-14,0
53008,16.0,Mobile Phone,1,15.0,Credit Card,3.0,5,Laptop & Accessory,4,4,0,16.0,8.0,8.0,8.0,174.41,21.80125,0.47058823529411764,1.0,8-14,1
53009,1.0,Mobile Phone,1,12.0,Debit Card,3.0,4,Mobile Phone,4,3,1,13.0,1.0,2.0,3.0,149.78,74.89,1.0,0.5,0-3,0
53010,6.0,Mobile Phone,3,15.0,Cash on Delivery,4.0,5,Laptop & Accessory,4,3,1,12.0,7.0,12.0,10.0,177.28,14.773333333333333,1.7142857142857142,0.5833333333333334,8-14,0
53011,1.0,Mobile Phone,3,9.0,Debit Card,4.0,4,Laptop & Accessory,3,3,1,12.0,2.0,2.0,5.0,169.78,84.89,1.0,1.0,4-7,0
53012,5.0,Mobile Phone,3,14.0,E wallet,4.0,4,Laptop & Accessory,2,6,0,13.0,1.0,2.0,8.0,200.47,100.235,0.3333333333333333,0.5,8-14,0
53013,6.0,Mobile Phone,1,9.0,Credit Card,4.0,3,Laptop & Accessory,2,9,0,17.0,2.0,2.0,8.0,175.55,87.775,0.2857142857142857,1.0,8-14,0
53014,1.0,Mobile Phone,1,9.0,Credit Card,3.0,6,Mobile Phone,2,7,1,14.0,3.0,3.0,3.0,159.64,53.21333333333333,1.5,1.0,0-3,1
53015,4.0,Mobile Phone,1,35.0,Credit Card,4.0,4,Laptop & Accessory,2,3,0,14.0,1.0,2.0,10.0,182.75,91.375,0.4,0.5,8-14,0
53016,5.0,Computer,1,14.0,Debit Card,3.0,5,Fashion,3,3,0,25.0,4.0,9.0,,214.43,23.825555555555557,1.5,0.4444444444444444,,0
53017,13.0,Computer,1,6.0,Credit Card,3.0,5,Others,2,3,0,,10.0,14.0,4.0,317.72,22.694285714285716,1.0,0.7142857142857143,4-7,0
53018,3.0,Mobile Phone,3,10.0,Credit Card,3.0,4,Laptop & Accessory,3,6,1,19.0,2.0,2.0,1.0,177.38,88.69,0.5,1.0,0-3,1
53019,7.0,Computer,3,17.0,E wallet,3.0,5,Laptop & Accessory,2,5,0,15.0,2.0,2.0,2.0,171.82,85.91,0.25,1.0,0-3,0
53020,21.0,Mobile Phone,1,12.0,Debit Card,3.0,4,Others,3,6,0,,1.0,2.0,2.0,308.0,154.0,0.09090909090909091,0.5,0-3,0
53021,17.0,Computer,1,17.0,Debit Card,3.0,5,Laptop & Accessory,3,3,0,12.0,1.0,2.0,1.0,177.57,88.785,0.1111111111111111,0.5,0-3,0
53022,1.0,Computer,3,7.0,E wallet,4.0,4,Laptop & Accessory,4,2,1,14.0,1.0,2.0,5.0,188.49,94.245,1.0,0.5,4-7,0
53023,28.0,Computer,1,27.0,Debit Card,3.0,4,Laptop & Accessory,3,5,0,13.0,2.0,2.0,4.0,173.69,86.845,0.06896551724137931,1.0,4-7,0
53024,17.0,Mobile Phone,1,14.0,Debit Card,3.0,4,Fashion,5,10,0,17.0,2.0,2.0,,224.85,112.425,0.1111111111111111,1.0,,0
53025,19.0,Mobile Phone,1,15.0,UPI,4.0,4,Laptop & Accessory,2,11,0,15.0,8.0,10.0,9.0,161.97,16.197,0.5,0.8,8-14,0
53026,14.0,Mobile Phone,3,7.0,Credit Card,3.0,6,Laptop & Accessory,2,4,1,23.0,2.0,2.0,3.0,199.57,99.785,0.13333333333333333,1.0,0-3,0
53027,1.0,Mobile Phone,1,15.0,UPI,4.0,6,Mobile Phone,5,3,1,12.0,2.0,2.0,8.0,146.19,73.095,1.0,1.0,8-14,1
53028,3.0,Mobile Phone,1,16.0,UPI,2.0,5,Mobile Phone,2,2,0,18.0,3.0,3.0,3.0,164.83,54.943333333333335,0.75,1.0,0-3,0
53029,4.0,Mobile Phone,3,12.0,E wallet,2.0,5,Laptop & Accessory,3,3,0,14.0,1.0,2.0,3.0,186.18,93.09,0.4,0.5,0-3,0
53030,1.0,Mobile Phone,3,15.0,E wallet,3.0,4,Laptop & Accessory,4,3,0,19.0,1.0,2.0,8.0,187.14,93.57,1.0,0.5,8-14,0
53031,11.0,Mobile Phone,1,12.0,Credit Card,4.0,4,Laptop & Accessory,2,9,0,17.0,1.0,2.0,5.0,188.47,94.235,0.16666666666666666,0.5,4-7,0
53032,12.0,Mobile Phone,1,22.0,Debit Card,4.0,5,Fashion,2,2,1,15.0,2.0,,10.0,240.1,,,,8-14,0
53033,5.0,Mobile Phone,1,14.0,Credit Card,3.0,4,Fashion,2,3,1,15.0,3.0,5.0,11.0,196.43,39.286,0.8333333333333334,0.6,8-14,0
53034,3.0,Mobile Phone,3,17.0,E wallet,3.0,5,Laptop & Accessory,4,3,1,15.0,1.0,2.0,8.0,207.68,103.84,0.5,0.5,8-14,0
53035,9.0,Mobile Phone,1,12.0,Cash on Delivery,4.0,4,Fashion,4,2,0,14.0,1.0,2.0,14.0,205.95,102.975,0.2,0.5,8-14,0
53036,1.0,Mobile Phone,1,33.0,Debit Card,3.0,4,Mobile Phone,2,3,0,13.0,2.0,2.0,3.0,154.04,77.02,1.0,1.0,0-3,0
53037,15.0,Mobile Phone,1,13.0,Credit Card,4.0,5,Laptop & Accessory,4,8,1,16.0,2.0,2.0,3.0,185.32,92.66,0.125,1.0,0-3,0
53038,21.0,Computer,3,11.0,Credit Card,3.0,4,Laptop & Accessory,3,5,0,20.0,1.0,2.0,1.0,154.76,77.38,0.09090909090909091,0.5,0-3,0
53039,16.0,Mobile Phone,1,30.0,Debit Card,3.0,4,Grocery,2,4,0,15.0,,2.0,1.0,284.92,142.46,0.11764705882352941,,0-3,0
53040,3.0,Computer,3,9.0,Debit Card,4.0,4,Laptop & Accessory,3,3,0,15.0,2.0,2.0,3.0,171.49,85.745,0.5,1.0,0-3,0
53041,16.0,Mobile Phone,2,9.0,Cash on Delivery,3.0,4,Mobile Phone,3,2,1,12.0,2.0,2.0,1.0,151.96,75.98,0.11764705882352941,1.0,0-3,0
53042,6.0,Mobile Phone,1,9.0,Credit Card,4.0,4,Mobile Phone,4,3,0,14.0,1.0,2.0,8.0,148.7,74.35,0.2857142857142857,0.5,8-14,0
53043,22.0,Mobile Phone,3,36.0,Credit Card,4.0,4,Fashion,3,5,0,22.0,1.0,,1.0,250.04,,,,0-3,0
53044,11.0,Mobile Phone,1,13.0,Credit Card,3.0,3,Laptop & Accessory,5,6,1,14.0,3.0,7.0,8.0,184.74,26.391428571428573,0.5833333333333334,0.42857142857142855,8-14,0
53045,4.0,Computer,3,32.0,Cash on Delivery,3.0,4,Laptop & Accessory,3,9,1,13.0,2.0,3.0,3.0,172.36,57.45333333333334,0.6,0.6666666666666666,0-3,0
53046,1.0,Mobile Phone,3,7.0,Debit Card,3.0,4,Laptop & Accessory,3,3,0,18.0,3.0,8.0,8.0,177.96,22.245,4.0,0.375,8-14,0
53047,16.0,Mobile Phone,1,9.0,UPI,4.0,5,Laptop & Accessory,2,5,0,24.0,1.0,2.0,1.0,192.81,96.405,0.11764705882352941,0.5,0-3,0
53048,1.0,Computer,3,7.0,Cash on Delivery,3.0,5,Mobile Phone,4,3,1,12.0,2.0,2.0,3.0,146.74,73.37,1.0,1.0,0-3,1
53049,10.0,Computer,3,7.0,Credit Card,3.0,4,Laptop & Accessory,2,6,0,16.0,2.0,2.0,1.0,191.53,95.765,0.18181818181818182,1.0,0-3,0
53050,10.0,Computer,3,10.0,Credit Card,3.0,5,Fashion,2,6,0,12.0,1.0,2.0,,221.99,110.995,0.18181818181818182,0.5,,0
53051,31.0,Mobile Phone,1,7.0,Credit Card,3.0,4,Laptop & Accessory,3,4,0,12.0,2.0,2.0,3.0,192.55,96.275,0.0625,1.0,0-3,0
53052,14.0,Mobile Phone,1,17.0,Debit Card,3.0,3,Mobile Phone,3,5,1,14.0,1.0,2.0,8.0,147.13,73.565,0.13333333333333333,0.5,8-14,0
53053,1.0,Computer,3,16.0,Credit Card,3.0,4,Mobile Phone,2,3,0,25.0,1.0,3.0,3.0,151.1,50.36666666666667,1.5,0.3333333333333333,0-3,0
53054,1.0,Mobile Phone,3,12.0,E wallet,3.0,4,Mobile Phone,3,3,1,14.0,2.0,2.0,1.0,153.51,76.755,1.0,1.0,0-3,1
53055,11.0,Mobile Phone,1,17.0,Credit Card,4.0,4,Mobile Phone,5,8,0,21.0,2.0,2.0,4.0,159.52,79.76,0.16666666666666666,1.0,4-7,0
53056,20.0,Computer,1,14.0,Credit Card,2.0,4,Laptop & Accessory,3,4,0,15.0,1.0,2.0,1.0,177.58,88.79,0.09523809523809523,0.5,0-3,0
53057,5.0,Computer,3,11.0,E wallet,3.0,4,Laptop & Accessory,4,3,0,19.0,8.0,8.0,,218.55,27.31875,1.3333333333333333,1.0,,1
53058,24.0,Mobile Phone,1,17.0,Cash on Delivery,4.0,5,Fashion,2,8,0,16.0,1.0,2.0,,229.96,114.98,0.08,0.5,,0
53059,4.0,Mobile Phone,3,29.0,E wallet,4.0,5,Laptop & Accessory,3,4,1,13.0,2.0,2.0,1.0,188.8,94.4,0.4,1.0,0-3,1
53060,5.0,Mobile Phone,1,16.0,Debit Card,3.0,5,Mobile Phone,4,2,1,17.0,2.0,3.0,3.0,151.57,50.52333333333333,0.5,0.6666666666666666,0-3,0
53061,1.0,Mobile Phone,3,19.0,Debit Card,3.0,3,Mobile Phone,4,3,0,16.0,1.0,2.0,1.0,152.16,76.08,1.0,0.5,0-3,1
53062,3.0,Mobile Phone,1,30.0,Debit Card,3.0,4,Mobile Phone,2,11,0,17.0,2.0,2.0,3.0,147.01,73.505,0.5,1.0,0-3,0
53063,9.0,Mobile Phone,1,16.0,Debit Card,4.0,5,Laptop & Accessory,4,11,0,20.0,2.0,2.0,1.0,190.4,95.2,0.2,1.0,0-3,0
53064,1.0,Mobile Phone,1,7.0,Credit Card,3.0,4,Mobile Phone,4,3,0,12.0,1.0,2.0,5.0,163.16,81.58,1.0,0.5,4-7,0
53065,2.0,Mobile Phone,3,16.0,Debit Card,4.0,4,Laptop & Accessory,2,3,0,17.0,2.0,2.0,8.0,177.53,88.765,0.6666666666666666,1.0,8-14,0
53066,23.0,Mobile Phone,1,14.0,UPI,3.0,5,Fashion,3,10,0,25.0,2.0,2.0,1.0,170.0,85.0,0.08333333333333333,1.0,0-3,0
53067,25.0,Mobile Phone,3,21.0,Debit Card,3.0,4,Laptop & Accessory,2,6,0,12.0,1.0,2.0,8.0,174.36,87.18,0.07692307692307693,0.5,8-14,0
53068,10.0,Mobile Phone,1,9.0,Debit Card,4.0,4,Mobile Phone,3,6,0,14.0,2.0,3.0,3.0,150.43,50.14333333333334,0.2727272727272727,0.6666666666666666,0-3,0
53069,1.0,Computer,3,26.0,E wallet,4.0,3,Laptop & Accessory,2,10,1,14.0,2.0,2.0,5.0,178.04,89.02,1.0,1.0,4-7,1
53070,29.0,Mobile Phone,1,9.0,Debit Card,4.0,4,Grocery,2,4,1,14.0,,2.0,3.0,291.59,145.795,0.06666666666666667,,0-3,0
53071,1.0,Mobile Phone,3,17.0,E wallet,4.0,4,Laptop & Accessory,3,3,1,13.0,1.0,2.0,4.0,167.6,83.8,1.0,0.5,4-7,0
53072,4.0,Mobile Phone,3,9.0,Cash on Delivery,4.0,4,Mobile Phone,4,3,0,19.0,2.0,2.0,1.0,149.76,74.88,0.4,1.0,0-3,0
53073,1.0,Computer,1,10.0,Cash on Delivery,4.0,4,Mobile Phone,5,2,0,23.0,1.0,2.0,5.0,156.02,78.01,1.0,0.5,4-7,1
53074,1.0,Mobile Phone,1,18.0,Credit Card,3.0,4,Mobile Phone,4,3,0,14.0,2.0,2.0,3.0,147.44,73.72,1.0,1.0,0-3,0
53075,10.0,Mobile Phone,3,9.0,Credit Card,4.0,5,Fashion,3,3,0,14.0,10.0,10.0,1.0,200.96,20.096,0.9090909090909091,1.0,0-3,0
53076,1.0,Computer,1,11.0,Cash on Delivery,3.0,4,Mobile Phone,2,20,1,24.0,2.0,2.0,1.0,147.85,73.925,1.0,1.0,0-3,1
53077,11.0,Mobile Phone,1,21.0,Debit Card,4.0,4,Mobile Phone,5,3,0,13.0,4.0,13.0,18.0,155.34,11.94923076923077,1.0833333333333333,0.3076923076923077,15+,0
53078,14.0,Mobile Phone,3,9.0,E wallet,3.0,4,Laptop & Accessory,4,9,0,13.0,1.0,2.0,4.0,182.15,91.075,0.13333333333333333,0.5,4-7,0
53079,16.0,Mobile Phone,1,7.0,Debit Card,4.0,4,Mobile Phone,5,5,0,17.0,2.0,2.0,3.0,150.76,75.38,0.11764705882352941,1.0,0-3,0
53080,11.0,Mobile Phone,1,17.0,Debit Card,3.0,4,Laptop & Accessory,4,4,1,13.0,1.0,2.0,2.0,166.97,83.485,0.16666666666666666,0.5,0-3,0
53081,17.0,Mobile Phone,1,19.0,Debit Card,3.0,5,Grocery,4,3,0,12.0,,4.0,10.0,268.36,67.09,0.2222222222222222,,8-14,0
53082,14.0,Mobile Phone,1,9.0,Credit Card,4.0,5,Laptop & Accessory,3,8,0,23.0,2.0,2.0,1.0,159.48,79.74,0.13333333333333333,1.0,0-3,0
53083,28.0,Mobile Phone,1,12.0,Credit Card,3.0,4,Others,5,6,0,,2.0,2.0,3.0,319.06,159.53,0.06896551724137931,1.0,0-3,0
53084,8.0,Computer,3,11.0,E wallet,4.0,4,Laptop & Accessory,3,11,0,16.0,2.0,2.0,3.0,190.38,95.19,0.2222222222222222,1.0,0-3,0
53085,5.0,Mobile Phone,1,14.0,Credit Card,3.0,4,Laptop & Accessory,5,3,0,13.0,4.0,4.0,13.0,168.06,42.015,0.6666666666666666,1.0,8-14,0
53086,17.0,Computer,1,28.0,Credit Card,4.0,4,Mobile Phone,2,9,0,21.0,1.0,2.0,3.0,147.58,73.79,0.1111111111111111,0.5,0-3,0
53087,17.0,Mobile Phone,1,15.0,UPI,4.0,4,Laptop & Accessory,3,6,1,15.0,1.0,2.0,3.0,170.22,85.11,0.1111111111111111,0.5,0-3,0
53088,1.0,Mobile Phone,3,11.0,Debit Card,3.0,5,Laptop & Accessory,2,3,1,12.0,1.0,2.0,4.0,169.87,84.935,1.0,0.5,4-7,0
53089,11.0,Computer,1,32.0,Credit Card,4.0,4,Laptop & Accessory,3,5,1,16.0,4.0,11.0,8.0,169.49,15.408181818181818,0.9166666666666666,0.36363636363636365,8-14,0
53090,5.0,Mobile Phone,1,7.0,Debit Card,4.0,5,Mobile Phone,5,3,0,13.0,1.0,4.0,3.0,147.18,36.795,0.6666666666666666,0.25,0-3,0
53091,13.0,Computer,1,7.0,Debit Card,3.0,4,Others,3,3,1,,1.0,2.0,7.0,316.97,158.485,0.14285714285714285,0.5,4-7,0
53092,30.0,Computer,3,13.0,Debit Card,3.0,3,Grocery,5,11,0,12.0,3.0,,8.0,257.12,,,,8-14,0
53093,4.0,Mobile Phone,3,19.0,Cash on Delivery,3.0,4,Laptop & Accessory,3,2,0,12.0,4.0,5.0,5.0,190.77,38.154,1.0,0.8,4-7,0
53094,15.0,Mobile Phone,3,7.0,E wallet,3.0,3,Fashion,5,3,0,17.0,2.0,2.0,8.0,208.92,104.46,0.125,1.0,8-14,0
53095,2.0,Mobile Phone,1,24.0,Credit Card,4.0,4,Laptop & Accessory,5,3,0,13.0,1.0,2.0,9.0,170.58,85.29,0.6666666666666666,0.5,8-14,0
53096,1.0,Mobile Phone,1,10.0,Credit Card,4.0,4,Mobile Phone,5,7,0,14.0,2.0,2.0,3.0,165.31,82.655,1.0,1.0,0-3,1
53097,26.0,Mobile Phone,1,10.0,Credit Card,3.0,5,Fashion,3,4,1,15.0,1.0,2.0,5.0,204.69,102.345,0.07407407407407407,0.5,4-7,0
53098,19.0,Mobile Phone,1,17.0,Debit Card,4.0,4,Mobile Phone,2,5,0,22.0,2.0,2.0,3.0,151.54,75.77,0.1,1.0,0-3,0
53099,26.0,Mobile Phone,1,11.0,Debit Card,2.0,4,Grocery,2,4,0,14.0,,2.0,5.0,290.55,145.275,0.07407407407407407,,4-7,0
53100,16.0,Computer,1,36.0,Debit Card,4.0,4,Laptop & Accessory,3,4,0,12.0,2.0,2.0,3.0,170.56,85.28,0.11764705882352941,1.0,0-3,0
53101,4.0,Mobile Phone,1,9.0,Debit Card,3.0,6,Laptop & Accessory,2,4,0,21.0,1.0,2.0,3.0,185.91,92.955,0.4,0.5,0-3,0
53102,31.0,Mobile Phone,1,14.0,Debit Card,3.0,4,Others,5,7,0,,1.0,12.0,11.0,320.66,26.721666666666668,0.375,0.08333333333333333,8-14,0
53103,20.0,Mobile Phone,1,25.0,Credit Card,3.0,4,Laptop & Accessory,3,4,0,15.0,1.0,2.0,9.0,173.1,86.55,0.09523809523809523,0.5,8-14,0
53104,16.0,Computer,1,35.0,Cash on Delivery,3.0,5,Laptop & Accessory,2,2,0,12.0,1.0,2.0,5.0,170.23,85.115,0.11764705882352941,0.5,4-7,0
53105,1.0,Mobile Phone,3,7.0,Cash on Delivery,4.0,4,Mobile Phone,4,3,1,17.0,2.0,2.0,5.0,157.02,78.51,1.0,1.0,4-7,1
53106,1.0,Computer,3,13.0,E wallet,3.0,6,Mobile Phone,3,2,0,17.0,2.0,2.0,1.0,148.51,74.255,1.0,1.0,0-3,1
53107,12.0,Computer,1,9.0,Debit Card,3.0,4,Mobile Phone,2,3,1,24.0,2.0,2.0,1.0,142.02,71.01,0.15384615384615385,1.0,0-3,0
53108,14.0,Mobile Phone,3,9.0,Debit Card,4.0,4,Others,3,2,0,,1.0,2.0,13.0,305.41,152.705,0.13333333333333333,0.5,8-14,0
53109,1.0,Mobile Phone,1,30.0,Debit Card,3.0,4,Mobile Phone,2,3,0,23.0,2.0,2.0,3.0,153.86,76.93,1.0,1.0,0-3,0
53110,4.0,Computer,1,10.0,Debit Card,3.0,4,Mobile Phone,2,6,0,16.0,1.0,2.0,5.0,145.97,72.985,0.4,0.5,4-7,0
53111,3.0,Mobile Phone,1,10.0,Credit Card,4.0,5,Fashion,3,3,0,19.0,2.0,,8.0,244.35,,,,8-14,0
53112,1.0,Mobile Phone,1,32.0,Cash on Delivery,4.0,5,Mobile Phone,4,7,0,17.0,1.0,2.0,2.0,150.46,75.23,1.0,0.5,0-3,1
53113,1.0,Mobile Phone,2,9.0,Cash on Delivery,3.0,5,Mobile Phone,2,3,0,13.0,2.0,2.0,1.0,150.64,75.32,1.0,1.0,0-3,1
53114,4.0,Computer,3,29.0,UPI,4.0,4,Fashion,5,2,0,12.0,3.0,8.0,9.0,209.12,26.14,1.6,0.375,8-14,0
53115,31.0,Mobile Phone,3,36.0,E wallet,3.0,5,Grocery,2,5,0,13.0,,2.0,1.0,266.18,133.09,0.0625,,0-3,0
53116,24.0,Mobile Phone,1,36.0,Debit Card,3.0,5,Grocery,3,2,0,,12.0,16.0,8.0,295.46,18.46625,0.64,0.75,8-14,0
53117,4.0,Computer,1,9.0,Credit Card,3.0,4,Mobile Phone,2,2,0,15.0,6.0,7.0,8.0,150.64,21.52,1.4,0.8571428571428571,8-14,0
53118,31.0,Computer,3,35.0,E wallet,4.0,5,Fashion,5,6,0,20.0,14.0,14.0,,227.66,16.26142857142857,0.4375,1.0,,0
53119,21.0,Mobile Phone,1,9.0,Credit Card,4.0,4,Laptop & Accessory,2,7,0,14.0,1.0,2.0,5.0,175.7,87.85,0.09090909090909091,0.5,4-7,0
53120,20.0,Mobile Phone,1,9.0,Debit Card,3.0,4,Grocery,3,8,0,,1.0,2.0,2.0,303.61,151.805,0.09523809523809523,0.5,0-3,0
53121,9.0,Mobile Phone,1,29.0,Debit Card,3.0,6,Mobile Phone,3,2,0,16.0,3.0,5.0,4.0,167.3,33.46,0.5,0.6,4-7,0
53122,28.0,Mobile Phone,1,15.0,Debit Card,3.0,4,Laptop & Accessory,3,9,0,12.0,2.0,2.0,1.0,162.8,81.4,0.06896551724137931,1.0,0-3,0
53123,8.0,Mobile Phone,1,9.0,Debit Card,4.0,5,Mobile Phone,3,5,0,13.0,6.0,6.0,8.0,152.68,25.44666666666667,0.6666666666666666,1.0,8-14,0
53124,20.0,Mobile Phone,3,17.0,E wallet,4.0,5,Fashion,2,4,1,20.0,2.0,2.0,,215.71,107.855,0.09523809523809523,1.0,,0
53125,5.0,Mobile Phone,1,16.0,Debit Card,3.0,4,Fashion,4,3,0,26.0,2.0,2.0,9.0,231.48,115.74,0.3333333333333333,1.0,8-14,0
53126,1.0,Mobile Phone,1,22.0,Credit Card,3.0,4,Fashion,3,9,1,13.0,,8.0,8.0,261.1,32.6375,4.0,,8-14,1
53127,1.0,Mobile Phone,1,17.0,Credit Card,3.0,6,Mobile Phone,2,9,0,14.0,1.0,2.0,4.0,159.08,79.54,1.0,0.5,4-7,1
53128,4.0,Mobile Phone,3,14.0,E wallet,3.0,4,Mobile Phone,4,2,0,15.0,2.0,2.0,3.0,154.83,77.415,0.4,1.0,0-3,0
53129,9.0,Mobile Phone,1,23.0,Debit Card,4.0,4,Fashion,3,6,1,13.0,1.0,2.0,1.0,201.32,100.66,0.2,0.5,0-3,0
53130,1.0,Computer,1,27.0,Debit Card,4.0,4,Fashion,3,5,0,13.0,2.0,2.0,,223.24,111.62,1.0,1.0,,1
53131,1.0,Computer,2,30.0,UPI,3.0,4,Fashion,5,11,1,16.0,2.0,2.0,,224.5,112.25,1.0,1.0,,1
53132,16.0,Computer,1,12.0,UPI,4.0,4,Mobile Phone,3,6,0,18.0,3.0,3.0,1.0,145.93,48.64333333333334,0.17647058823529413,1.0,0-3,0
53133,10.0,Computer,3,17.0,Credit Card,3.0,4,Fashion,2,3,0,15.0,2.0,10.0,,224.8,22.48,0.9090909090909091,0.2,,0
53134,1.0,Computer,1,11.0,Cash on Delivery,3.0,5,Mobile Phone,3,7,0,17.0,2.0,2.0,3.0,163.94,81.97,1.0,1.0,0-3,1
53135,22.0,Mobile Phone,3,9.0,E wallet,3.0,4,Laptop & Accessory,2,4,0,15.0,5.0,7.0,8.0,165.51,23.64428571428571,0.30434782608695654,0.7142857142857143,8-14,0
53136,29.0,Mobile Phone,3,25.0,Debit Card,3.0,4,Grocery,4,5,0,,1.0,8.0,8.0,293.35,36.66875,0.26666666666666666,0.125,8-14,0
53137,15.0,Computer,3,17.0,Debit Card,3.0,4,Laptop & Accessory,2,9,0,15.0,1.0,2.0,11.0,187.3,93.65,0.125,0.5,8-14,0
53138,9.0,Mobile Phone,3,7.0,E wallet,3.0,4,Laptop & Accessory,3,11,0,12.0,4.0,7.0,10.0,172.17,24.595714285714283,0.7,0.5714285714285714,8-14,0
53139,14.0,Mobile Phone,1,13.0,Debit Card,4.0,4,Grocery,3,9,0,16.0,5.0,,14.0,257.37,,,,8-14,0
53140,13.0,Computer,1,15.0,Debit Card,3.0,4,Mobile Phone,3,3,0,12.0,1.0,2.0,8.0,162.55,81.275,0.14285714285714285,0.5,8-14,0
53141,5.0,Mobile Phone,3,9.0,Debit Card,4.0,4,Laptop & Accessory,2,6,1,14.0,2.0,2.0,6.0,190.82,95.41,0.3333333333333333,1.0,4-7,0
53142,16.0,Mobile Phone,1,31.0,Credit Card,3.0,4,Fashion,5,3,1,22.0,5.0,6.0,9.0,199.06,33.17666666666667,0.35294117647058826,0.8333333333333334,8-14,0
53143,19.0,Mobile Phone,3,9.0,UPI,4.0,4,Laptop & Accessory,4,2,0,20.0,4.0,4.0,8.0,173.05,43.2625,0.2,1.0,8-14,0
53144,1.0,Computer,2,24.0,Debit Card,3.0,4,Mobile Phone,3,2,1,12.0,1.0,2.0,1.0,152.41,76.205,1.0,0.5,0-3,1
53145,3.0,Mobile Phone,1,26.0,Cash on Delivery,3.0,4,Laptop & Accessory,2,6,0,13.0,1.0,2.0,3.0,167.62,83.81,0.5,0.5,0-3,0
53146,7.0,Mobile Phone,1,7.0,Credit Card,4.0,3,Grocery,3,6,0,20.0,,2.0,6.0,286.84,143.42,0.25,,4-7,0
53147,1.0,Mobile Phone,3,14.0,Debit Card,3.0,5,Fashion,2,11,0,22.0,2.0,,2.0,240.57,,,,0-3,0
53148,1.0,Computer,3,12.0,E wallet,4.0,4,Mobile Phone,4,3,1,15.0,2.0,2.0,1.0,143.78,71.89,1.0,1.0,0-3,1
53149,14.0,Computer,3,35.0,UPI,3.0,6,Fashion,5,5,0,16.0,2.0,,2.0,234.32,,,,0-3,0
53150,15.0,Computer,1,9.0,UPI,4.0,5,Laptop & Accessory,3,4,1,18.0,1.0,2.0,8.0,193.11,96.555,0.125,0.5,8-14,0
53151,1.0,Mobile Phone,3,36.0,Credit Card,3.0,4,Laptop & Accessory,3,7,0,13.0,2.0,2.0,1.0,168.06,84.03,1.0,1.0,0-3,0
53152,9.0,Mobile Phone,3,7.0,Credit Card,4.0,4,Laptop & Accessory,3,3,0,17.0,1.0,2.0,4.0,173.59,86.795,0.2,0.5,4-7,0
53153,8.0,Mobile Phone,3,28.0,Debit Card,4.0,3,Laptop & Accessory,2,3,0,13.0,6.0,6.0,8.0,178.37,29.728333333333335,0.6666666666666666,1.0,8-14,0
53154,1.0,Mobile Phone,1,31.0,Cash on Delivery,4.0,6,Mobile Phone,2,3,1,19.0,2.0,2.0,1.0,148.4,74.2,1.0,1.0,0-3,1
53155,11.0,Mobile Phone,1,7.0,Cash on Delivery,3.0,4,Fashion,2,6,0,18.0,2.0,2.0,3.0,199.91,99.955,0.16666666666666666,1.0,0-3,0
53156,20.0,Computer,1,25.0,Credit Card,3.0,4,Fashion,3,7,0,12.0,2.0,2.0,,230.27,115.135,0.09523809523809523,1.0,,0
53157,15.0,Mobile Phone,3,9.0,Debit Card,4.0,4,Grocery,5,9,0,17.0,,12.0,9.0,290.95,24.245833333333334,0.75,,8-14,0
53158,11.0,Computer,3,16.0,Credit Card,4.0,4,Fashion,4,3,0,14.0,7.0,8.0,,213.34,26.6675,0.6666666666666666,0.875,,0
53159,26.0,Mobile Phone,1,13.0,Cash on Delivery,4.0,4,Laptop & Accessory,5,5,1,13.0,3.0,7.0,10.0,180.77,25.824285714285715,0.25925925925925924,0.42857142857142855,8-14,0
53160,1.0,Computer,3,18.0,UPI,3.0,3,Laptop & Accessory,3,10,0,13.0,2.0,2.0,3.0,172.07,86.035,1.0,1.0,0-3,1
53161,1.0,Computer,3,31.0,Credit Card,3.0,4,Mobile Phone,2,2,0,14.0,1.0,3.0,2.0,149.0,49.666666666666664,1.5,0.3333333333333333,0-3,0
53162,12.0,Mobile Phone,1,17.0,Credit Card,4.0,4,Laptop & Accessory,3,5,0,20.0,2.0,2.0,,223.24,111.62,0.15384615384615385,1.0,,0
53163,11.0,Mobile Phone,1,7.0,Debit Card,4.0,4,Laptop & Accessory,4,8,0,13.0,4.0,5.0,4.0,189.47,37.894,0.4166666666666667,0.8,4-7,0
53164,23.0,Mobile Phone,1,25.0,Debit Card,3.0,5,Others,3,3,1,,1.0,2.0,10.0,320.02,160.01,0.08333333333333333,0.5,8-14,0
53165,1.0,Mobile Phone,1,30.0,Credit Card,3.0,3,Mobile Phone,2,3,1,12.0,1.0,2.0,5.0,152.25,76.125,1.0,0.5,4-7,0
53166,1.0,Mobile Phone,3,35.0,E wallet,4.0,4,Laptop & Accessory,4,3,0,21.0,2.0,2.0,5.0,187.72,93.86,1.0,1.0,4-7,0
53167,1.0,Mobile Phone,1,24.0,UPI,4.0,5,Mobile Phone,4,3,0,22.0,2.0,2.0,1.0,146.27,73.135,1.0,1.0,0-3,0
53168,24.0,Computer,2,10.0,Credit Card,3.0,4,Others,4,3,0,,7.0,11.0,8.0,307.0,27.90909090909091,0.44,0.6363636363636364,8-14,0
53169,1.0,Mobile Phone,3,20.0,Credit Card,3.0,4,Mobile Phone,3,3,0,12.0,2.0,2.0,7.0,145.96,72.98,1.0,1.0,4-7,0
53170,1.0,Computer,1,14.0,Debit Card,3.0,4,Mobile Phone,3,3,1,17.0,1.0,2.0,3.0,153.86,76.93,1.0,0.5,0-3,1
53171,1.0,Computer,3,19.0,Debit Card,4.0,5,Mobile Phone,5,3,0,19.0,2.0,2.0,1.0,145.33,72.665,1.0,1.0,0-3,1
53172,8.0,Mobile Phone,1,7.0,Debit Card,3.0,5,Mobile Phone,2,3,1,14.0,1.0,2.0,4.0,161.22,80.61,0.2222222222222222,0.5,4-7,0
53173,1.0,Mobile Phone,3,20.0,Credit Card,3.0,4,Laptop & Accessory,5,4,0,18.0,1.0,2.0,3.0,167.33,83.665,1.0,0.5,0-3,1
53174,9.0,Mobile Phone,1,32.0,UPI,3.0,5,Laptop & Accessory,2,6,0,15.0,1.0,2.0,3.0,161.81,80.905,0.2,0.5,0-3,0
53175,5.0,Mobile Phone,3,13.0,Credit Card,4.0,3,Laptop & Accessory,2,6,0,23.0,4.0,6.0,8.0,179.6,29.933333333333334,1.0,0.6666666666666666,8-14,0
53176,1.0,Mobile Phone,1,13.0,Credit Card,4.0,5,Mobile Phone,3,2,0,13.0,2.0,2.0,4.0,146.87,73.435,1.0,1.0,4-7,0
53177,11.0,Mobile Phone,3,9.0,E wallet,4.0,4,Laptop & Accessory,3,6,1,12.0,1.0,2.0,,221.02,110.51,0.16666666666666666,0.5,,0
53178,1.0,Mobile Phone,1,7.0,Debit Card,3.0,5,Mobile Phone,4,3,0,14.0,2.0,2.0,1.0,153.36,76.68,1.0,1.0,0-3,0
53179,16.0,Mobile Phone,1,9.0,Debit Card,3.0,4,Laptop & Accessory,2,3,0,14.0,3.0,3.0,3.0,165.89,55.29666666666666,0.17647058823529413,1.0,0-3,0
53180,17.0,Mobile Phone,1,13.0,UPI,3.0,5,Grocery,2,6,1,15.0,,2.0,1.0,291.27,145.635,0.1111111111111111,,0-3,0
53181,12.0,Mobile Phone,1,7.0,Debit Card,3.0,4,Mobile Phone,5,5,0,18.0,2.0,2.0,1.0,151.19,75.595,0.15384615384615385,1.0,0-3,0
53182,17.0,Computer,1,16.0,Credit Card,4.0,4,Laptop & Accessory,3,5,1,14.0,3.0,5.0,8.0,181.79,36.358,0.2777777777777778,0.6,8-14,0
53183,22.0,Mobile Phone,1,7.0,Debit Card,3.0,5,Grocery,5,9,0,12.0,,2.0,3.0,279.02,139.51,0.08695652173913043,,0-3,0
53184,18.0,Mobile Phone,2,7.0,Debit Card,3.0,5,Laptop & Accessory,3,6,0,12.0,2.0,2.0,3.0,184.85,92.425,0.10526315789473684,1.0,0-3,0
53185,8.0,Mobile Phone,3,21.0,Cash on Delivery,3.0,4,Mobile Phone,3,3,1,19.0,2.0,2.0,7.0,150.79,75.395,0.2222222222222222,1.0,4-7,0
53186,1.0,Mobile Phone,3,9.0,E wallet,3.0,4,Mobile Phone,5,2,0,12.0,1.0,2.0,3.0,155.41,77.705,1.0,0.5,0-3,1
53187,1.0,Mobile Phone,3,29.0,Cash on Delivery,3.0,4,Mobile Phone,3,3,0,12.0,2.0,2.0,3.0,159.47,79.735,1.0,1.0,0-3,0
53188,18.0,Mobile Phone,1,10.0,UPI,3.0,4,Others,2,6,1,,2.0,2.0,2.0,320.13,160.065,0.10526315789473684,1.0,0-3,0
53189,1.0,Mobile Phone,1,13.0,Credit Card,4.0,4,Mobile Phone,3,2,0,21.0,3.0,3.0,3.0,152.73,50.91,1.5,1.0,0-3,0
53190,7.0,Mobile Phone,3,15.0,E wallet,3.0,4,Laptop & Accessory,3,2,0,13.0,2.0,2.0,3.0,196.04,98.02,0.25,1.0,0-3,0
53191,6.0,Mobile Phone,1,16.0,Debit Card,4.0,4,Laptop & Accessory,2,3,1,13.0,2.0,2.0,6.0,188.22,94.11,0.2857142857142857,1.0,4-7,0
53192,4.0,Computer,1,10.0,Credit Card,4.0,4,Mobile Phone,3,3,0,21.0,2.0,2.0,1.0,145.83,72.915,0.4,1.0,0-3,0
53193,27.0,Mobile Phone,3,7.0,Credit Card,3.0,4,Laptop & Accessory,5,9,0,21.0,7.0,9.0,11.0,208.81,23.20111111111111,0.32142857142857145,0.7777777777777778,8-14,0
53194,8.0,Mobile Phone,1,7.0,Debit Card,3.0,4,Mobile Phone,2,3,0,13.0,7.0,9.0,9.0,151.91,16.878888888888888,1.0,0.7777777777777778,8-14,0
53195,9.0,Computer,3,33.0,Debit Card,4.0,4,Laptop & Accessory,5,4,0,15.0,1.0,2.0,1.0,167.86,83.93,0.2,0.5,0-3,1
53196,1.0,Mobile Phone,1,13.0,Debit Card,4.0,4,Mobile Phone,2,3,1,14.0,1.0,2.0,3.0,151.59,75.795,1.0,0.5,0-3,0
53197,11.0,Mobile Phone,1,10.0,UPI,3.0,4,Fashion,3,3,0,16.0,7.0,8.0,,219.34,27.4175,0.6666666666666666,0.875,,0
53198,3.0,Mobile Phone,3,10.0,Credit Card,4.0,4,Laptop & Accessory,3,3,0,15.0,1.0,2.0,3.0,180.61,90.305,0.5,0.5,0-3,0
53199,9.0,Mobile Phone,1,13.0,Debit Card,3.0,6,Laptop & Accessory,2,3,0,14.0,12.0,12.0,9.0,191.46,15.955,1.2,1.0,8-14,0
53200,7.0,Computer,1,13.0,Debit Card,2.0,4,Laptop & Accessory,2,5,0,24.0,5.0,5.0,8.0,202.25,40.45,0.625,1.0,8-14,0
53201,28.0,Mobile Phone,2,26.0,Credit Card,3.0,4,Fashion,4,4,0,16.0,4.0,,2.0,232.25,,,,0-3,0
53202,10.0,Mobile Phone,1,16.0,Credit Card,3.0,5,Laptop & Accessory,4,4,1,12.0,2.0,2.0,,213.47,106.735,0.18181818181818182,1.0,,0
53203,1.0,Mobile Phone,1,10.0,Credit Card,3.0,5,Mobile Phone,2,2,0,14.0,1.0,2.0,2.0,145.45,72.725,1.0,0.5,0-3,0
53204,1.0,Mobile Phone,1,17.0,Credit Card,3.0,4,Mobile Phone,3,3,1,12.0,1.0,2.0,2.0,135.09,67.545,1.0,0.5,0-3,1
53205,1.0,Computer,1,10.0,Debit Card,4.0,4,Mobile Phone,5,3,1,12.0,10.0,10.0,8.0,158.48,15.847999999999999,5.0,1.0,8-14,1
53206,9.0,Computer,1,10.0,Debit Card,3.0,5,Mobile Phone,3,3,0,19.0,2.0,2.0,1.0,137.81,68.905,0.2,1.0,0-3,0
53207,1.0,Mobile Phone,1,11.0,Credit Card,3.0,3,Mobile Phone,5,4,0,17.0,1.0,2.0,3.0,153.19,76.595,1.0,0.5,0-3,0
53208,1.0,Mobile Phone,3,15.0,Debit Card,3.0,3,Laptop & Accessory,4,2,0,23.0,1.0,2.0,3.0,173.51,86.755,1.0,0.5,0-3,0
53209,12.0,Mobile Phone,3,14.0,E wallet,3.0,5,Laptop & Accessory,2,2,0,21.0,2.0,2.0,6.0,165.28,82.64,0.15384615384615385,1.0,4-7,0
53210,3.0,Computer,1,7.0,Debit Card,4.0,6,Mobile Phone,2,3,0,19.0,3.0,3.0,9.0,152.2,50.73333333333333,0.75,1.0,8-14,0
53211,22.0,Mobile Phone,3,9.0,E wallet,3.0,3,Laptop & Accessory,4,5,0,13.0,3.0,3.0,3.0,206.2,68.73333333333333,0.13043478260869565,1.0,0-3,0
53212,1.0,Computer,3,10.0,Credit Card,4.0,3,Laptop & Accessory,2,3,1,21.0,2.0,2.0,5.0,171.47,85.735,1.0,1.0,4-7,0
53213,11.0,Mobile Phone,1,17.0,Debit Card,4.0,3,Mobile Phone,2,5,0,18.0,2.0,2.0,1.0,171.8,85.9,0.16666666666666666,1.0,0-3,0
53214,24.0,Mobile Phone,1,35.0,Credit Card,4.0,3,Mobile Phone,3,3,1,12.0,4.0,4.0,9.0,157.21,39.3025,0.16,1.0,8-14,0
53215,8.0,Mobile Phone,1,16.0,Credit Card,3.0,5,Fashion,4,3,0,15.0,5.0,8.0,,211.21,26.40125,0.8888888888888888,0.625,,0
53216,1.0,Mobile Phone,3,10.0,Debit Card,4.0,4,Laptop & Accessory,3,11,0,15.0,2.0,3.0,1.0,170.77,56.92333333333334,1.5,0.6666666666666666,0-3,1
53217,13.0,Mobile Phone,1,9.0,Cash on Delivery,4.0,5,Laptop & Accessory,3,3,0,12.0,3.0,12.0,11.0,170.53,14.210833333333333,0.8571428571428571,0.25,8-14,0
53218,6.0,Mobile Phone,3,17.0,E wallet,3.0,4,Laptop & Accessory,2,3,0,13.0,1.0,2.0,9.0,178.96,89.48,0.2857142857142857,0.5,8-14,0
53219,14.0,Computer,3,15.0,Cash on Delivery,3.0,4,Laptop & Accessory,3,5,1,15.0,2.0,2.0,4.0,192.96,96.48,0.13333333333333333,1.0,4-7,1
53220,12.0,Mobile Phone,1,7.0,Debit Card,3.0,3,Laptop & Accessory,2,2,0,14.0,2.0,2.0,9.0,201.25,100.625,0.15384615384615385,1.0,8-14,0
53221,1.0,Mobile Phone,1,7.0,Debit Card,4.0,4,Fashion,5,3,0,12.0,2.0,2.0,8.0,199.12,99.56,1.0,1.0,8-14,0
53222,6.0,Mobile Phone,1,10.0,Debit Card,3.0,4,Fashion,2,5,0,16.0,4.0,,8.0,236.59,,,,8-14,0
53223,21.0,Mobile Phone,3,21.0,E wallet,3.0,4,Laptop & Accessory,5,4,0,13.0,1.0,2.0,8.0,174.6,87.3,0.09090909090909091,0.5,8-14,0
53224,14.0,Computer,3,12.0,Debit Card,3.0,5,Fashion,5,7,1,22.0,1.0,2.0,,229.75,114.875,0.13333333333333333,0.5,,0
53225,27.0,Mobile Phone,1,14.0,Debit Card,3.0,3,Grocery,3,5,0,20.0,,2.0,4.0,273.14,136.57,0.07142857142857142,,4-7,0
53226,15.0,Mobile Phone,2,17.0,UPI,4.0,5,Others,2,5,0,,13.0,13.0,7.0,316.41,24.33923076923077,0.8125,1.0,4-7,0
53227,31.0,Mobile Phone,3,23.0,E wallet,3.0,4,Laptop & Accessory,5,10,0,15.0,2.0,3.0,3.0,179.05,59.68333333333334,0.09375,0.6666666666666666,0-3,0
53228,1.0,Computer,1,17.0,Debit Card,3.0,4,Fashion,5,3,0,22.0,2.0,2.0,,212.93,106.465,1.0,1.0,,0
53229,15.0,Mobile Phone,2,7.0,UPI,3.0,5,Others,3,3,0,,3.0,3.0,11.0,316.89,105.63,0.1875,1.0,8-14,0
53230,24.0,Mobile Phone,3,15.0,E wallet,3.0,4,Mobile Phone,4,9,0,16.0,2.0,3.0,3.0,163.75,54.583333333333336,0.12,0.6666666666666666,0-3,0
53231,1.0,Mobile Phone,1,7.0,Debit Card,4.0,6,Mobile Phone,4,9,1,14.0,2.0,4.0,8.0,147.16,36.79,2.0,0.5,8-14,1
53232,10.0,Computer,1,15.0,Debit Card,4.0,3,Fashion,5,11,0,15.0,1.0,,6.0,242.13,,,,4-7,0
53233,12.0,Mobile Phone,1,7.0,Debit Card,3.0,4,Fashion,3,6,1,15.0,1.0,2.0,1.0,203.61,101.805,0.15384615384615385,0.5,0-3,0
53234,18.0,Computer,1,31.0,Credit Card,3.0,6,Mobile Phone,3,4,0,15.0,1.0,2.0,5.0,162.08,81.04,0.10526315789473684,0.5,4-7,0
53235,21.0,Computer,3,10.0,Credit Card,3.0,4,Grocery,3,11,1,13.0,,12.0,14.0,262.7,21.891666666666666,0.5454545454545454,,8-14,0
53236,4.0,Mobile Phone,3,34.0,E wallet,3.0,4,Laptop & Accessory,2,9,0,24.0,5.0,8.0,8.0,178.04,22.255,1.6,0.625,8-14,0
53237,3.0,Mobile Phone,3,17.0,Debit Card,3.0,4,Mobile Phone,3,3,0,12.0,1.0,2.0,1.0,151.42,75.71,0.5,0.5,0-3,0
53238,6.0,Computer,1,26.0,Credit Card,3.0,3,Mobile Phone,3,8,1,13.0,3.0,3.0,3.0,152.59,50.86333333333334,0.42857142857142855,1.0,0-3,1
53239,17.0,Computer,3,22.0,Debit Card,3.0,5,Laptop & Accessory,2,5,0,19.0,1.0,3.0,3.0,193.04,64.34666666666666,0.16666666666666666,0.3333333333333333,0-3,0
53240,8.0,Mobile Phone,1,15.0,Credit Card,4.0,4,Laptop & Accessory,3,5,0,12.0,2.0,5.0,4.0,186.42,37.284,0.5555555555555556,0.4,4-7,0
53241,1.0,Mobile Phone,1,16.0,Credit Card,3.0,4,Mobile Phone,5,3,0,15.0,1.0,2.0,3.0,150.0,75.0,1.0,0.5,0-3,0
53242,13.0,Mobile Phone,2,10.0,UPI,3.0,3,Laptop & Accessory,4,11,0,16.0,4.0,4.0,7.0,188.89,47.2225,0.2857142857142857,1.0,4-7,0
53243,30.0,Mobile Phone,1,16.0,Credit Card,3.0,4,Grocery,2,9,0,12.0,1.0,,2.0,236.03,,,,0-3,0
53244,14.0,Mobile Phone,1,9.0,Credit Card,3.0,5,Mobile Phone,2,2,1,21.0,3.0,3.0,4.0,148.42,49.47333333333333,0.2,1.0,4-7,0
53245,1.0,Mobile Phone,1,14.0,Credit Card,3.0,5,Laptop & Accessory,5,10,0,20.0,2.0,2.0,8.0,193.11,96.555,1.0,1.0,8-14,0
53246,3.0,Mobile Phone,3,17.0,E wallet,3.0,4,Mobile Phone,4,3,0,15.0,1.0,3.0,3.0,147.97,49.32333333333333,0.75,0.3333333333333333,0-3,0
53247,27.0,Mobile Phone,1,13.0,Debit Card,3.0,4,Laptop & Accessory,2,4,0,18.0,2.0,3.0,3.0,149.5,49.833333333333336,0.10714285714285714,0.6666666666666666,0-3,0
53248,9.0,Computer,1,9.0,Debit Card,4.0,4,Laptop & Accessory,5,4,0,12.0,1.0,2.0,1.0,175.93,87.965,0.2,0.5,0-3,0
53249,6.0,Computer,1,31.0,Debit Card,4.0,4,Laptop & Accessory,2,3,0,16.0,3.0,5.0,8.0,178.09,35.618,0.7142857142857143,0.6,8-14,0
53250,12.0,Mobile Phone,1,9.0,Credit Card,4.0,4,Mobile Phone,3,8,1,14.0,1.0,2.0,2.0,155.57,77.785,0.15384615384615385,0.5,0-3,0
53251,8.0,Mobile Phone,1,15.0,Debit Card,3.0,4,Laptop & Accessory,5,5,0,15.0,2.0,2.0,1.0,176.21,88.105,0.2222222222222222,1.0,0-3,0
53252,26.0,Mobile Phone,3,10.0,E wallet,3.0,5,Grocery,5,3,0,,2.0,2.0,17.0,293.56,146.78,0.07407407407407407,1.0,15+,0
53253,1.0,Mobile Phone,1,7.0,UPI,4.0,4,Mobile Phone,2,3,1,14.0,6.0,8.0,9.0,151.86,18.9825,4.0,0.75,8-14,1
53254,1.0,Mobile Phone,3,33.0,Credit Card,3.0,4,Laptop & Accessory,2,3,0,24.0,1.0,2.0,5.0,186.8,93.4,1.0,0.5,4-7,0
53255,19.0,Mobile Phone,3,9.0,Cash on Delivery,3.0,6,Laptop & Accessory,3,2,0,14.0,1.0,4.0,2.0,191.32,47.83,0.2,0.25,0-3,0
53256,1.0,Mobile Phone,1,17.0,Credit Card,4.0,3,Mobile Phone,3,3,0,19.0,2.0,2.0,3.0,160.05,80.025,1.0,1.0,0-3,0
53257,11.0,Computer,3,34.0,Debit Card,4.0,2,Laptop & Accessory,3,6,1,13.0,2.0,2.0,4.0,188.97,94.485,0.16666666666666666,1.0,4-7,1
53258,8.0,Mobile Phone,3,9.0,UPI,3.0,4,Laptop & Accessory,2,3,0,23.0,1.0,2.0,5.0,187.74,93.87,0.2222222222222222,0.5,4-7,0
53259,19.0,Mobile Phone,1,9.0,Credit Card,4.0,4,Others,5,7,1,14.0,2.0,2.0,5.0,323.59,161.795,0.1,1.0,4-7,1
53260,10.0,Computer,3,15.0,Debit Card,4.0,5,Fashion,5,3,0,16.0,1.0,2.0,10.0,200.87,100.435,0.18181818181818182,0.5,8-14,0
53261,26.0,Computer,1,26.0,Credit Card,3.0,4,Mobile Phone,2,2,0,19.0,2.0,2.0,3.0,167.58,83.79,0.07407407407407407,1.0,0-3,0
53262,1.0,Computer,1,7.0,Debit Card,4.0,6,Mobile Phone,2,5,0,15.0,3.0,3.0,1.0,168.64,56.21333333333333,1.5,1.0,0-3,0
53263,3.0,Mobile Phone,1,34.0,Credit Card,4.0,4,Laptop & Accessory,3,6,0,13.0,2.0,2.0,2.0,168.35,84.175,0.5,1.0,0-3,0
53264,1.0,Mobile Phone,3,15.0,Cash on Delivery,3.0,5,Laptop & Accessory,5,8,0,18.0,2.0,2.0,3.0,178.26,89.13,1.0,1.0,0-3,1
53265,8.0,Mobile Phone,1,7.0,Debit Card,4.0,2,Mobile Phone,2,4,0,17.0,1.0,2.0,4.0,157.8,78.9,0.2222222222222222,0.5,4-7,0
53266,28.0,Mobile Phone,1,26.0,Credit Card,4.0,4,Laptop & Accessory,5,11,1,12.0,1.0,2.0,5.0,179.85,89.925,0.06896551724137931,0.5,4-7,0
53267,3.0,Computer,3,6.0,E wallet,3.0,4,Laptop & Accessory,2,2,0,20.0,1.0,2.0,2.0,168.42,84.21,0.5,0.5,0-3,0
53268,11.0,Mobile Phone,1,17.0,Debit Card,3.0,4,Mobile Phone,5,2,1,14.0,4.0,5.0,4.0,152.82,30.564,0.4166666666666667,0.8,4-7,0
53269,12.0,Computer,1,9.0,Debit Card,4.0,2,Laptop & Accessory,5,8,1,13.0,5.0,5.0,13.0,184.8,36.96,0.38461538461538464,1.0,8-14,0
53270,8.0,Mobile Phone,1,9.0,Credit Card,3.0,5,Mobile Phone,5,3,0,12.0,2.0,2.0,4.0,168.81,84.405,0.2222222222222222,1.0,4-7,0
53271,9.0,Mobile Phone,3,15.0,Debit Card,4.0,4,Mobile Phone,2,3,0,17.0,1.0,2.0,3.0,150.72,75.36,0.2,0.5,0-3,0
53272,4.0,Mobile Phone,1,7.0,Debit Card,3.0,6,Mobile Phone,3,5,0,22.0,2.0,2.0,3.0,163.33,81.665,0.4,1.0,0-3,0
53273,14.0,Computer,1,9.0,Credit Card,3.0,2,Laptop & Accessory,4,3,0,25.0,1.0,4.0,8.0,167.44,41.86,0.26666666666666666,0.25,8-14,0
53274,8.0,Mobile Phone,3,15.0,Debit Card,4.0,4,Laptop & Accessory,5,7,0,18.0,2.0,2.0,3.0,190.0,95.0,0.2222222222222222,1.0,0-3,0
53275,16.0,Computer,1,15.0,Debit Card,4.0,4,Others,2,3,0,,1.0,15.0,10.0,309.3,20.62,0.8823529411764706,0.06666666666666667,8-14,0
53276,1.0,Mobile Phone,1,13.0,Debit Card,4.0,2,Mobile Phone,5,3,1,22.0,2.0,2.0,1.0,141.01,70.505,1.0,1.0,0-3,1
53277,1.0,Computer,1,16.0,Debit Card,3.0,5,Mobile Phone,4,3,0,12.0,2.0,2.0,1.0,151.94,75.97,1.0,1.0,0-3,0
53278,26.0,Mobile Phone,1,18.0,Debit Card,3.0,4,Laptop & Accessory,3,10,0,21.0,2.0,2.0,5.0,156.49,78.245,0.07407407407407407,1.0,4-7,0
53279,24.0,Mobile Phone,1,9.0,Credit Card,4.0,4,Grocery,3,7,0,,1.0,2.0,4.0,301.39,150.695,0.08,0.5,4-7,0
53280,1.0,Mobile Phone,1,7.0,Debit Card,3.0,5,Mobile Phone,5,3,1,12.0,1.0,2.0,1.0,148.19,74.095,1.0,0.5,0-3,1
53281,7.0,Mobile Phone,1,14.0,Credit Card,3.0,4,Fashion,3,2,0,12.0,1.0,,8.0,241.91000000000005,,,,8-14,0
53282,1.0,Mobile Phone,3,23.0,E wallet,4.0,4,Laptop & Accessory,5,7,0,16.0,2.0,2.0,3.0,178.24,89.12,1.0,1.0,0-3,1
53283,21.0,Mobile Phone,1,9.0,UPI,3.0,4,Grocery,2,3,1,,4.0,4.0,1.0,292.52,73.13,0.18181818181818182,1.0,0-3,0
53284,10.0,Mobile Phone,1,7.0,UPI,3.0,4,Laptop & Accessory,4,2,0,16.0,1.0,2.0,6.0,177.28,88.64,0.18181818181818182,0.5,4-7,0
53285,3.0,Mobile Phone,1,30.0,Debit Card,3.0,2,Mobile Phone,3,3,0,25.0,2.0,2.0,8.0,152.0,76.0,0.5,1.0,8-14,0
53286,21.0,Mobile Phone,1,9.0,Debit Card,3.0,4,Others,4,9,1,,6.0,14.0,9.0,317.46,22.675714285714285,0.6363636363636364,0.42857142857142855,8-14,1
53287,9.0,Mobile Phone,1,7.0,Debit Card,3.0,2,Mobile Phone,3,5,0,14.0,1.0,3.0,3.0,150.06,50.02,0.3,0.3333333333333333,0-3,0
53288,16.0,Mobile Phone,1,7.0,Debit Card,3.0,5,Laptop & Accessory,2,11,1,14.0,1.0,2.0,3.0,185.62,92.81,0.11764705882352941,0.5,0-3,0
53289,1.0,Mobile Phone,1,9.0,Credit Card,3.0,4,Mobile Phone,3,8,0,18.0,1.0,3.0,2.0,168.82,56.27333333333333,1.5,0.3333333333333333,0-3,1
53290,10.0,Mobile Phone,2,20.0,UPI,3.0,4,Mobile Phone,4,5,0,14.0,2.0,2.0,5.0,146.43,73.215,0.18181818181818182,1.0,4-7,0
53291,6.0,Mobile Phone,1,11.0,Debit Card,4.0,5,Laptop & Accessory,3,3,0,13.0,2.0,7.0,9.0,186.62,26.66,1.0,0.2857142857142857,8-14,0
53292,14.0,Computer,1,23.0,Credit Card,3.0,5,Laptop & Accessory,3,8,0,15.0,2.0,2.0,1.0,175.94,87.97,0.13333333333333333,1.0,0-3,0
53293,4.0,Mobile Phone,1,9.0,Credit Card,3.0,5,Laptop & Accessory,2,7,1,25.0,2.0,2.0,1.0,193.77,96.885,0.4,1.0,0-3,0
53294,19.0,Mobile Phone,1,9.0,Debit Card,4.0,5,Mobile Phone,3,3,0,15.0,2.0,2.0,1.0,147.74,73.87,0.1,1.0,0-3,0
53295,16.0,Mobile Phone,1,36.0,Debit Card,4.0,4,Laptop & Accessory,4,3,0,14.0,3.0,8.0,9.0,169.34,21.1675,0.47058823529411764,0.375,8-14,0
53296,12.0,Computer,1,19.0,Debit Card,3.0,5,Laptop & Accessory,5,4,0,16.0,2.0,2.0,3.0,187.88,93.94,0.15384615384615385,1.0,0-3,0
53297,8.0,Computer,1,23.0,Debit Card,4.0,5,Mobile Phone,2,3,0,17.0,2.0,2.0,4.0,150.53,75.265,0.2222222222222222,1.0,4-7,0
53298,13.0,Mobile Phone,3,18.0,E wallet,3.0,4,Fashion,2,3,0,19.0,1.0,8.0,8.0,201.54,25.1925,0.5714285714285714,0.125,8-14,1
53299,19.0,Mobile Phone,3,9.0,Credit Card,3.0,4,Laptop & Accessory,2,6,0,17.0,1.0,8.0,4.0,176.6,22.075,0.4,0.125,4-7,1
53300,17.0,Mobile Phone,1,21.0,Debit Card,4.0,4,Grocery,5,8,0,,2.0,2.0,1.0,296.59,148.295,0.1111111111111111,1.0,0-3,0
53301,1.0,Mobile Phone,1,12.0,Cash on Delivery,3.0,5,Fashion,2,3,1,17.0,1.0,,9.0,253.08,,,,8-14,0
53302,9.0,Mobile Phone,1,14.0,UPI,3.0,4,Fashion,3,5,0,22.0,1.0,2.0,,227.21,113.605,0.2,0.5,,0
53303,2.0,Mobile Phone,3,9.0,E wallet,3.0,4,Laptop & Accessory,4,3,1,21.0,8.0,8.0,6.0,172.79,21.59875,2.6666666666666665,1.0,4-7,0
53304,8.0,Mobile Phone,2,10.0,UPI,3.0,4,Mobile Phone,2,2,0,20.0,2.0,2.0,3.0,162.37,81.185,0.2222222222222222,1.0,0-3,0
53305,1.0,Computer,1,12.0,Credit Card,3.0,5,Mobile Phone,3,3,1,15.0,1.0,2.0,8.0,148.66,74.33,1.0,0.5,8-14,1
53306,1.0,Computer,1,10.0,Credit Card,3.0,4,Mobile Phone,2,3,0,12.0,2.0,2.0,1.0,142.06,71.03,1.0,1.0,0-3,0
53307,25.0,Mobile Phone,3,33.0,E wallet,4.0,4,Grocery,3,4,0,15.0,,5.0,18.0,288.07,57.614,0.19230769230769232,,15+,0
53308,18.0,Mobile Phone,1,11.0,Credit Card,3.0,4,Laptop & Accessory,4,11,0,13.0,2.0,3.0,4.0,184.33,61.443333333333335,0.15789473684210525,0.6666666666666666,4-7,0
53309,1.0,Mobile Phone,1,9.0,Credit Card,4.0,2,Mobile Phone,5,9,0,14.0,2.0,2.0,2.0,159.24,79.62,1.0,1.0,0-3,0
53310,7.0,Mobile Phone,3,7.0,Credit Card,3.0,2,Laptop & Accessory,5,3,0,23.0,1.0,2.0,9.0,165.37,82.685,0.25,0.5,8-14,0
53311,9.0,Mobile Phone,1,34.0,Credit Card,3.0,5,Mobile Phone,5,3,0,12.0,2.0,2.0,2.0,150.59,75.295,0.2,1.0,0-3,0
53312,10.0,Mobile Phone,3,7.0,Debit Card,3.0,4,Laptop & Accessory,2,3,1,15.0,3.0,5.0,12.0,187.01,37.402,0.45454545454545453,0.6,8-14,0
53313,6.0,Mobile Phone,3,20.0,Debit Card,4.0,4,Laptop & Accessory,2,4,0,12.0,1.0,2.0,4.0,169.03,84.515,0.2857142857142857,0.5,4-7,0
53314,4.0,Computer,1,12.0,Debit Card,4.0,5,Mobile Phone,2,11,0,13.0,1.0,2.0,4.0,162.61,81.305,0.4,0.5,4-7,0
53315,27.0,Mobile Phone,3,14.0,E wallet,4.0,5,Fashion,2,9,1,19.0,1.0,,5.0,234.34,,,,4-7,0
53316,19.0,Mobile Phone,3,16.0,E wallet,4.0,4,Fashion,5,6,1,13.0,2.0,,3.0,232.61,,,,0-3,0
53317,6.0,Mobile Phone,1,15.0,Credit Card,4.0,2,Laptop & Accessory,3,7,0,13.0,2.0,2.0,4.0,176.75,88.375,0.2857142857142857,1.0,4-7,0
53318,26.0,Computer,1,32.0,Credit Card,3.0,5,Grocery,2,5,0,23.0,,2.0,1.0,263.26,131.63,0.07407407407407407,,0-3,0
53319,11.0,Mobile Phone,3,23.0,E wallet,4.0,5,Laptop & Accessory,3,6,0,20.0,2.0,2.0,1.0,188.34,94.17,0.16666666666666666,1.0,0-3,0
53320,2.0,Mobile Phone,2,15.0,Credit Card,4.0,5,Mobile Phone,2,3,0,14.0,1.0,2.0,5.0,174.36,87.18,0.6666666666666666,0.5,4-7,0
53321,1.0,Mobile Phone,1,7.0,Debit Card,3.0,5,Laptop & Accessory,2,8,0,23.0,3.0,3.0,3.0,172.75,57.583333333333336,1.5,1.0,0-3,0
53322,18.0,Mobile Phone,1,15.0,Debit Card,4.0,2,Mobile Phone,2,4,1,25.0,2.0,2.0,3.0,153.18,76.59,0.10526315789473684,1.0,0-3,0
53323,16.0,Computer,1,9.0,Credit Card,3.0,4,Mobile Phone,2,7,1,15.0,1.0,3.0,3.0,150.15,50.050000000000004,0.17647058823529413,0.3333333333333333,0-3,0
53324,10.0,Mobile Phone,2,15.0,Debit Card,4.0,5,Mobile Phone,5,2,0,22.0,2.0,2.0,4.0,148.42,74.21,0.18181818181818182,1.0,4-7,0
53325,1.0,Mobile Phone,3,10.0,UPI,4.0,4,Laptop & Accessory,5,3,1,19.0,2.0,2.0,4.0,166.94,83.47,1.0,1.0,4-7,0
53326,9.0,Mobile Phone,1,16.0,Debit Card,4.0,5,Fashion,3,3,1,21.0,3.0,,16.0,231.85,,,,15+,0
53327,1.0,Computer,1,32.0,Debit Card,4.0,4,Mobile Phone,4,3,1,20.0,1.0,8.0,9.0,145.22,18.1525,4.0,0.125,8-14,1
53328,6.0,Computer,1,7.0,Debit Card,4.0,4,Mobile Phone,2,2,0,13.0,1.0,2.0,3.0,148.14,74.07,0.2857142857142857,0.5,0-3,0
53329,1.0,Mobile Phone,3,11.0,E wallet,3.0,5,Laptop & Accessory,5,3,0,13.0,2.0,2.0,4.0,167.56,83.78,1.0,1.0,4-7,0
53330,23.0,Mobile Phone,1,7.0,Cash on Delivery,3.0,4,Mobile Phone,5,4,0,17.0,2.0,2.0,3.0,160.8,80.4,0.08333333333333333,1.0,0-3,0
53331,1.0,Computer,1,11.0,Debit Card,3.0,5,Mobile Phone,2,2,0,18.0,1.0,4.0,5.0,156.62,39.155,2.0,0.25,4-7,0
53332,6.0,Computer,3,12.0,Debit Card,3.0,4,Laptop & Accessory,4,3,0,15.0,3.0,6.0,4.0,190.24,31.706666666666667,0.8571428571428571,0.5,4-7,0
53333,12.0,Mobile Phone,3,16.0,E wallet,4.0,5,Mobile Phone,4,2,0,20.0,1.0,2.0,3.0,153.99,76.995,0.15384615384615385,0.5,0-3,0
53334,16.0,Mobile Phone,1,10.0,Debit Card,4.0,2,Laptop & Accessory,2,4,1,14.0,1.0,2.0,4.0,177.31,88.655,0.11764705882352941,0.5,4-7,0
53335,5.0,Mobile Phone,1,18.0,Debit Card,3.0,4,Mobile Phone,2,5,1,20.0,2.0,2.0,3.0,148.56,74.28,0.3333333333333333,1.0,0-3,0
53336,1.0,Mobile Phone,3,7.0,Credit Card,3.0,5,Mobile Phone,3,8,1,20.0,1.0,2.0,3.0,153.0,76.5,1.0,0.5,0-3,1
53337,27.0,Mobile Phone,3,15.0,E wallet,4.0,4,Grocery,2,7,0,15.0,1.0,,3.0,243.36,,,,0-3,0
53338,9.0,Mobile Phone,1,32.0,Cash on Delivery,4.0,5,Fashion,4,5,0,17.0,4.0,,9.0,234.03,,,,8-14,0
53339,11.0,Computer,3,28.0,Credit Card,3.0,4,Mobile Phone,2,7,0,16.0,2.0,2.0,1.0,154.73,77.365,0.16666666666666666,1.0,0-3,0
53340,27.0,Mobile Phone,1,30.0,Debit Card,4.0,4,Grocery,2,8,0,19.0,,4.0,9.0,267.75,66.9375,0.14285714285714285,,8-14,0
53341,17.0,Computer,1,7.0,Debit Card,3.0,4,Laptop & Accessory,2,6,0,14.0,2.0,3.0,3.0,180.62,60.20666666666667,0.16666666666666666,0.6666666666666666,0-3,0
53342,21.0,Mobile Phone,3,9.0,E wallet,3.0,4,Laptop & Accessory,2,2,1,23.0,6.0,8.0,8.0,170.37,21.29625,0.36363636363636365,0.75,8-14,0
53343,11.0,Computer,3,26.0,Credit Card,3.0,4,Fashion,4,3,1,14.0,1.0,2.0,10.0,201.42,100.71,0.16666666666666666,0.5,8-14,0
53344,24.0,Computer,1,9.0,Debit Card,4.0,4,Grocery,5,3,0,,14.0,15.0,8.0,304.24,20.282666666666668,0.6,0.9333333333333333,8-14,0
53345,13.0,Mobile Phone,2,9.0,Debit Card,3.0,5,Laptop & Accessory,2,10,0,12.0,1.0,2.0,5.0,177.04,88.52,0.14285714285714285,0.5,4-7,0
53346,7.0,Mobile Phone,2,10.0,UPI,3.0,4,Mobile Phone,4,5,1,12.0,1.0,2.0,4.0,147.77,73.885,0.25,0.5,4-7,0
53347,1.0,Mobile Phone,1,32.0,Debit Card,3.0,4,Mobile Phone,2,3,1,25.0,2.0,2.0,2.0,152.95,76.475,1.0,1.0,0-3,1
53348,3.0,Mobile Phone,1,14.0,Credit Card,4.0,5,Mobile Phone,2,8,0,15.0,2.0,2.0,4.0,150.32,75.16,0.5,1.0,4-7,0
53349,18.0,Mobile Phone,1,16.0,Debit Card,4.0,4,Mobile Phone,5,3,1,14.0,3.0,8.0,2.0,150.59,18.82375,0.42105263157894735,0.375,0-3,0
53350,2.0,Mobile Phone,3,12.0,Credit Card,4.0,4,Laptop & Accessory,2,3,0,15.0,2.0,2.0,3.0,174.08,87.04,0.6666666666666666,1.0,0-3,0
53351,21.0,Computer,1,9.0,Debit Card,3.0,5,Mobile Phone,2,11,1,15.0,1.0,2.0,1.0,148.8,74.4,0.09090909090909091,0.5,0-3,1
53352,17.0,Mobile Phone,1,15.0,Debit Card,3.0,4,Laptop & Accessory,4,6,0,22.0,2.0,2.0,1.0,172.65,86.325,0.1111111111111111,1.0,0-3,0
53353,1.0,Mobile Phone,3,9.0,Credit Card,3.0,5,Mobile Phone,3,3,0,14.0,1.0,2.0,3.0,145.44,72.72,1.0,0.5,0-3,1
53354,1.0,Mobile Phone,1,25.0,UPI,4.0,4,Mobile Phone,2,3,0,20.0,2.0,2.0,1.0,151.93,75.965,1.0,1.0,0-3,1
53355,10.0,Mobile Phone,1,21.0,Debit Card,4.0,4,Laptop & Accessory,2,2,1,18.0,5.0,5.0,12.0,190.86,38.172000000000004,0.45454545454545453,1.0,8-14,0
53356,21.0,Mobile Phone,3,9.0,Debit Card,4.0,5,Mobile Phone,2,3,1,19.0,2.0,2.0,3.0,157.94,78.97,0.09090909090909091,1.0,0-3,0
53357,1.0,Mobile Phone,1,10.0,Debit Card,3.0,4,Laptop & Accessory,3,2,1,20.0,2.0,2.0,3.0,166.71,83.355,1.0,1.0,0-3,1
53358,5.0,Mobile Phone,1,9.0,Debit Card,3.0,6,Mobile Phone,2,6,1,14.0,1.0,2.0,1.0,152.78,76.39,0.3333333333333333,0.5,0-3,1
53359,2.0,Mobile Phone,1,16.0,Credit Card,4.0,4,Mobile Phone,3,7,0,19.0,3.0,3.0,3.0,148.77,49.59,1.0,1.0,0-3,0
53360,3.0,Mobile Phone,1,13.0,Credit Card,4.0,4,Mobile Phone,5,9,1,22.0,2.0,3.0,3.0,149.04,49.68,0.75,0.6666666666666666,0-3,1
53361,1.0,Mobile Phone,1,11.0,Debit Card,4.0,4,Mobile Phone,3,3,0,20.0,2.0,2.0,1.0,148.18,74.09,1.0,1.0,0-3,0
53362,8.0,Mobile Phone,1,17.0,Debit Card,3.0,4,Mobile Phone,4,3,0,15.0,2.0,2.0,1.0,145.08,72.54,0.2222222222222222,1.0,0-3,0
53363,16.0,Mobile Phone,3,21.0,Credit Card,4.0,5,Laptop & Accessory,3,9,0,18.0,1.0,2.0,4.0,187.44,93.72,0.11764705882352941,0.5,4-7,0
53364,7.0,Mobile Phone,1,7.0,UPI,4.0,5,Mobile Phone,5,5,1,12.0,1.0,2.0,3.0,152.99,76.495,0.25,0.5,0-3,0
53365,31.0,Mobile Phone,1,12.0,Cash on Delivery,3.0,5,Fashion,4,4,1,14.0,2.0,2.0,,230.52,115.26,0.0625,1.0,,0
53366,5.0,Mobile Phone,3,14.0,Debit Card,3.0,5,Mobile Phone,3,5,0,16.0,4.0,6.0,3.0,148.29,24.715,1.0,0.6666666666666666,0-3,0
53367,9.0,Mobile Phone,1,28.0,Debit Card,3.0,4,Laptop & Accessory,2,3,1,26.0,1.0,2.0,8.0,165.14,82.57,0.2,0.5,8-14,0
53368,23.0,Mobile Phone,1,15.0,UPI,3.0,4,Fashion,4,6,0,12.0,1.0,2.0,8.0,199.03,99.515,0.08333333333333333,0.5,8-14,0
53369,22.0,Mobile Phone,1,27.0,Credit Card,3.0,4,Mobile Phone,3,6,0,18.0,1.0,2.0,1.0,147.59,73.795,0.08695652173913043,0.5,0-3,0
53370,5.0,Computer,3,27.0,E wallet,3.0,4,Laptop & Accessory,3,3,0,14.0,2.0,2.0,1.0,194.32,97.16,0.3333333333333333,1.0,0-3,0
53371,10.0,Mobile Phone,1,14.0,UPI,4.0,4,Mobile Phone,2,4,0,19.0,1.0,2.0,2.0,171.78,85.89,0.18181818181818182,0.5,0-3,0
53372,12.0,Mobile Phone,1,7.0,Cash on Delivery,4.0,4,Fashion,5,3,0,14.0,4.0,6.0,12.0,260.82,43.47,0.46153846153846156,0.6666666666666666,8-14,0
53373,6.0,Computer,1,7.0,Debit Card,4.0,5,Mobile Phone,4,8,0,21.0,2.0,2.0,3.0,148.32,74.16,0.2857142857142857,1.0,0-3,0
53374,1.0,Mobile Phone,3,26.0,E wallet,3.0,5,Mobile Phone,4,3,1,19.0,1.0,2.0,1.0,149.13,74.565,1.0,0.5,0-3,1
53375,14.0,Mobile Phone,3,17.0,E wallet,4.0,5,Fashion,4,4,0,13.0,2.0,2.0,,222.05,111.025,0.13333333333333333,1.0,,0
53376,1.0,Computer,3,7.0,Credit Card,3.0,5,Laptop & Accessory,5,3,0,13.0,2.0,2.0,8.0,167.94,83.97,1.0,1.0,8-14,0
53377,15.0,Mobile Phone,1,13.0,Credit Card,3.0,4,Mobile Phone,5,4,1,14.0,2.0,3.0,18.0,172.21,57.403333333333336,0.1875,0.6666666666666666,15+,0
53378,10.0,Mobile Phone,1,9.0,Credit Card,4.0,4,Mobile Phone,3,6,0,22.0,3.0,4.0,10.0,150.19,37.5475,0.36363636363636365,0.75,8-14,0
53379,1.0,Mobile Phone,3,28.0,UPI,3.0,5,Mobile Phone,4,3,1,14.0,1.0,2.0,1.0,146.21,73.105,1.0,0.5,0-3,1
53380,1.0,Mobile Phone,1,11.0,Cash on Delivery,3.0,4,Mobile Phone,5,3,0,20.0,2.0,2.0,1.0,154.73,77.365,1.0,1.0,0-3,1
53381,5.0,Mobile Phone,1,19.0,Credit Card,3.0,4,Laptop & Accessory,2,2,1,12.0,1.0,9.0,6.0,183.55,20.394444444444446,1.5,0.1111111111111111,4-7,0
53382,14.0,Computer,1,16.0,Credit Card,3.0,4,Mobile Phone,4,10,1,15.0,1.0,2.0,1.0,161.17,80.585,0.13333333333333333,0.5,0-3,0
53383,6.0,Mobile Phone,1,10.0,Credit Card,4.0,4,Laptop & Accessory,5,3,0,13.0,7.0,7.0,4.0,192.25,27.464285714285715,1.0,1.0,4-7,0
53384,1.0,Mobile Phone,3,10.0,Debit Card,3.0,5,Fashion,2,3,1,12.0,4.0,4.0,,228.25,57.0625,2.0,1.0,,1
53385,7.0,Mobile Phone,1,7.0,Debit Card,3.0,5,Laptop & Accessory,2,2,0,15.0,1.0,2.0,5.0,194.49,97.245,0.25,0.5,4-7,0
53386,1.0,Mobile Phone,3,7.0,Debit Card,3.0,5,Fashion,3,7,0,12.0,2.0,12.0,,231.09,19.2575,6.0,0.16666666666666666,,1
53387,19.0,Computer,1,11.0,Debit Card,3.0,4,Laptop & Accessory,4,3,0,13.0,2.0,2.0,9.0,169.47,84.735,0.1,1.0,8-14,0
53388,3.0,Computer,3,27.0,Cash on Delivery,3.0,4,Mobile Phone,2,3,0,16.0,1.0,2.0,3.0,146.57,73.285,0.5,0.5,0-3,0
53389,9.0,Mobile Phone,3,25.0,Credit Card,3.0,4,Laptop & Accessory,3,3,0,17.0,2.0,2.0,1.0,171.01,85.505,0.2,1.0,0-3,0
53390,26.0,Mobile Phone,1,7.0,Debit Card,4.0,4,Grocery,2,4,0,,8.0,8.0,9.0,295.99,36.99875,0.2962962962962963,1.0,8-14,0
53391,21.0,Mobile Phone,1,9.0,Cash on Delivery,3.0,4,Mobile Phone,3,6,0,25.0,2.0,2.0,1.0,149.79,74.895,0.09090909090909091,1.0,0-3,1
53392,27.0,Mobile Phone,3,9.0,Credit Card,3.0,4,Grocery,3,8,0,14.0,,16.0,3.0,273.52,17.095,0.5714285714285714,,0-3,0
53393,4.0,Mobile Phone,3,15.0,UPI,4.0,4,Fashion,3,7,0,12.0,5.0,8.0,8.0,197.64,24.705,1.6,0.625,8-14,0
53394,12.0,Computer,3,17.0,Cash on Delivery,3.0,4,Laptop & Accessory,2,3,1,14.0,1.0,2.0,4.0,181.66,90.83,0.15384615384615385,0.5,4-7,0
53395,9.0,Mobile Phone,3,10.0,Debit Card,4.0,4,Fashion,2,8,0,14.0,1.0,2.0,9.0,203.23,101.615,0.2,0.5,8-14,0
53396,13.0,Mobile Phone,3,9.0,Debit Card,3.0,2,Fashion,3,2,0,19.0,2.0,2.0,8.0,203.8,101.9,0.14285714285714285,1.0,8-14,0
53397,4.0,Computer,3,31.0,Debit Card,4.0,2,Grocery,4,6,1,17.0,2.0,,1.0,256.94,,,,0-3,1
53398,21.0,Computer,1,23.0,Credit Card,4.0,2,Laptop & Accessory,3,3,1,20.0,1.0,3.0,8.0,175.67,58.556666666666665,0.13636363636363635,0.3333333333333333,8-14,0
53399,10.0,Computer,3,15.0,Cash on Delivery,3.0,4,Laptop & Accessory,2,6,0,14.0,2.0,2.0,8.0,175.79,87.895,0.18181818181818182,1.0,8-14,0
53400,1.0,Computer,1,16.0,Credit Card,3.0,5,Mobile Phone,5,2,1,23.0,2.0,2.0,3.0,148.21,74.105,1.0,1.0,0-3,1
53401,7.0,Computer,3,24.0,Debit Card,3.0,4,Grocery,3,3,0,,6.0,7.0,1.0,299.44,42.777142857142856,0.875,0.8571428571428571,0-3,0
53402,1.0,Mobile Phone,1,17.0,Debit Card,4.0,5,Mobile Phone,5,8,1,21.0,2.0,2.0,1.0,149.04,74.52,1.0,1.0,0-3,1
53403,7.0,Mobile Phone,1,20.0,Debit Card,3.0,4,Mobile Phone,2,5,0,19.0,2.0,2.0,3.0,159.52,79.76,0.25,1.0,0-3,0
53404,19.0,Mobile Phone,1,7.0,Credit Card,4.0,4,Mobile Phone,2,5,0,15.0,1.0,2.0,3.0,147.7,73.85,0.1,0.5,0-3,0
53405,24.0,Mobile Phone,1,7.0,Credit Card,4.0,4,Grocery,2,11,0,,1.0,2.0,4.0,298.99,149.495,0.08,0.5,4-7,0
53406,7.0,Computer,1,7.0,UPI,3.0,2,Laptop & Accessory,4,3,1,14.0,1.0,2.0,3.0,179.88,89.94,0.25,0.5,0-3,0
53407,15.0,Computer,1,16.0,Credit Card,4.0,4,Others,3,4,0,,2.0,2.0,12.0,319.19,159.595,0.125,1.0,8-14,0
53408,1.0,Mobile Phone,1,23.0,Cash on Delivery,3.0,4,Mobile Phone,4,11,0,15.0,3.0,3.0,3.0,153.11,51.03666666666667,1.5,1.0,0-3,0
53409,19.0,Computer,1,30.0,Debit Card,3.0,4,Laptop & Accessory,5,3,1,16.0,2.0,2.0,9.0,161.33,80.665,0.1,1.0,8-14,0
53410,21.0,Mobile Phone,3,11.0,Debit Card,3.0,4,Laptop & Accessory,2,3,1,18.0,2.0,2.0,8.0,166.63,83.315,0.09090909090909091,1.0,8-14,0
53411,1.0,Mobile Phone,1,29.0,Debit Card,3.0,4,Mobile Phone,3,6,1,12.0,1.0,2.0,2.0,146.32,73.16,1.0,0.5,0-3,1
53412,24.0,Mobile Phone,1,31.0,Debit Card,4.0,4,Grocery,3,5,1,19.0,,2.0,6.0,264.73,132.365,0.08,,4-7,0
53413,12.0,Computer,1,17.0,Credit Card,4.0,4,Mobile Phone,3,2,0,18.0,1.0,2.0,3.0,151.84,75.92,0.15384615384615385,0.5,0-3,0
53414,20.0,Mobile Phone,1,14.0,Credit Card,4.0,4,Fashion,3,8,0,14.0,1.0,,8.0,233.45,,,,8-14,0
53415,1.0,Mobile Phone,1,24.0,Credit Card,3.0,5,Laptop & Accessory,3,3,0,16.0,3.0,4.0,3.0,168.77,42.1925,2.0,0.75,0-3,0
53416,1.0,Mobile Phone,1,21.0,UPI,3.0,5,Mobile Phone,4,3,1,25.0,2.0,2.0,3.0,162.43,81.215,1.0,1.0,0-3,1
53417,5.0,Computer,1,7.0,Debit Card,4.0,4,Laptop & Accessory,5,3,0,13.0,2.0,2.0,4.0,166.48,83.24,0.3333333333333333,1.0,4-7,0
53418,1.0,Computer,1,12.0,Debit Card,4.0,4,Mobile Phone,2,3,0,16.0,2.0,2.0,1.0,135.51,67.755,1.0,1.0,0-3,0
53419,28.0,Mobile Phone,1,24.0,Cash on Delivery,3.0,4,Fashion,3,10,0,12.0,2.0,,9.0,232.39,,,,8-14,0
53420,9.0,Mobile Phone,1,32.0,Credit Card,3.0,4,Fashion,3,3,1,12.0,3.0,11.0,,228.88,20.80727272727273,1.1,0.2727272727272727,,0
53421,4.0,Mobile Phone,1,15.0,Debit Card,4.0,2,Fashion,5,2,1,13.0,1.0,,8.0,239.16000000000005,,,,8-14,0
53422,1.0,Mobile Phone,1,18.0,Credit Card,4.0,5,Mobile Phone,5,3,1,16.0,1.0,2.0,1.0,151.0,75.5,1.0,0.5,0-3,1
53423,1.0,Computer,1,12.0,Credit Card,3.0,4,Mobile Phone,4,2,0,18.0,1.0,2.0,3.0,149.22,74.61,1.0,0.5,0-3,1
53424,1.0,Mobile Phone,1,9.0,Credit Card,3.0,2,Laptop & Accessory,2,3,0,13.0,2.0,2.0,4.0,179.72,89.86,1.0,1.0,4-7,0
53425,1.0,Mobile Phone,1,15.0,Debit Card,4.0,6,Mobile Phone,5,3,0,16.0,2.0,2.0,2.0,149.51,74.755,1.0,1.0,0-3,0
53426,22.0,Mobile Phone,1,13.0,Debit Card,4.0,5,Laptop & Accessory,3,4,0,14.0,1.0,3.0,3.0,167.4,55.800000000000004,0.13043478260869565,0.3333333333333333,0-3,0
53427,22.0,Mobile Phone,1,11.0,Debit Card,4.0,5,Fashion,3,9,0,15.0,2.0,,9.0,234.99,,,,8-14,0
53428,15.0,Mobile Phone,1,14.0,Credit Card,3.0,4,Laptop & Accessory,3,8,0,15.0,2.0,3.0,2.0,175.03,58.343333333333334,0.1875,0.6666666666666666,0-3,0
53429,13.0,Mobile Phone,1,7.0,Debit Card,4.0,5,Grocery,2,3,0,17.0,1.0,,9.0,252.42,,,,8-14,0
53430,1.0,Mobile Phone,1,9.0,Debit Card,3.0,4,Laptop & Accessory,2,2,0,19.0,1.0,3.0,3.0,167.27,55.75666666666667,1.5,0.3333333333333333,0-3,0
53431,9.0,Mobile Phone,1,17.0,UPI,3.0,4,Mobile Phone,2,3,0,21.0,2.0,2.0,3.0,164.17,82.085,0.2,1.0,0-3,0
53432,16.0,Mobile Phone,3,12.0,E wallet,3.0,4,Others,3,8,0,,1.0,2.0,1.0,308.03,154.015,0.11764705882352941,0.5,0-3,0
53433,24.0,Mobile Phone,1,16.0,Debit Card,4.0,4,Mobile Phone,2,6,0,19.0,2.0,2.0,1.0,148.8,74.4,0.08,1.0,0-3,0
53434,31.0,Mobile Phone,1,9.0,Debit Card,4.0,5,Grocery,2,5,1,14.0,,5.0,4.0,262.26,52.452,0.15625,,4-7,0
53435,1.0,Mobile Phone,1,18.0,Credit Card,4.0,6,Laptop & Accessory,4,7,0,16.0,2.0,2.0,1.0,172.77,86.385,1.0,1.0,0-3,1
53436,29.0,Computer,1,25.0,Credit Card,4.0,4,Laptop & Accessory,4,5,1,15.0,7.0,7.0,8.0,188.85,26.978571428571428,0.23333333333333334,1.0,8-14,0
53437,15.0,Computer,1,14.0,Debit Card,3.0,6,Others,3,3,0,23.0,2.0,6.0,11.0,324.73,54.12166666666667,0.375,0.3333333333333333,8-14,0
53438,12.0,Mobile Phone,3,10.0,Debit Card,3.0,4,Laptop & Accessory,2,10,1,13.0,2.0,2.0,1.0,193.61,96.805,0.15384615384615385,1.0,0-3,0
53439,1.0,Computer,3,36.0,Credit Card,4.0,6,Laptop & Accessory,5,10,0,19.0,1.0,3.0,3.0,174.69,58.23,1.5,0.3333333333333333,0-3,1
53440,16.0,Mobile Phone,3,9.0,E wallet,3.0,6,Others,2,3,0,16.0,6.0,7.0,10.0,323.45,46.207142857142856,0.4117647058823529,0.8571428571428571,8-14,1
53441,18.0,Mobile Phone,3,35.0,Credit Card,3.0,2,Grocery,2,5,1,19.0,2.0,,12.0,258.2,,,,8-14,0
53442,24.0,Computer,3,7.0,Debit Card,4.0,4,Laptop & Accessory,3,2,0,13.0,2.0,2.0,14.0,188.47,94.235,0.08,1.0,8-14,0
53443,1.0,Mobile Phone,1,23.0,Debit Card,3.0,2,Mobile Phone,5,3,0,17.0,16.0,16.0,15.0,152.43,9.526875,8.0,1.0,15+,1
53444,13.0,Computer,1,29.0,Credit Card,3.0,4,Fashion,5,3,1,14.0,2.0,,9.0,233.8,,,,8-14,0
53445,7.0,Computer,3,15.0,Debit Card,3.0,5,Mobile Phone,2,2,0,20.0,3.0,3.0,3.0,148.42,49.47333333333333,0.375,1.0,0-3,0
53446,19.0,Mobile Phone,3,18.0,Debit Card,3.0,4,Grocery,2,5,0,,2.0,2.0,2.0,301.5,150.75,0.1,1.0,0-3,0
53447,6.0,Computer,1,36.0,Credit Card,4.0,4,Mobile Phone,3,11,0,13.0,6.0,8.0,8.0,165.25,20.65625,1.1428571428571428,0.75,8-14,0
53448,8.0,Mobile Phone,3,7.0,E wallet,4.0,2,Laptop & Accessory,2,2,0,12.0,2.0,2.0,,222.25,111.125,0.2222222222222222,1.0,,0
53449,31.0,Mobile Phone,3,7.0,Cash on Delivery,4.0,4,Fashion,2,5,1,15.0,1.0,,5.0,244.04,,,,4-7,0
53450,19.0,Mobile Phone,2,31.0,Credit Card,3.0,4,Mobile Phone,4,3,0,17.0,1.0,2.0,5.0,146.77,73.385,0.1,0.5,4-7,0
53451,27.0,Computer,3,9.0,E wallet,3.0,5,Fashion,4,4,0,13.0,1.0,7.0,13.0,200.25,28.607142857142858,0.25,0.14285714285714285,8-14,0
53452,1.0,Mobile Phone,1,22.0,UPI,3.0,4,Laptop & Accessory,3,9,0,15.0,1.0,2.0,1.0,173.34,86.67,1.0,0.5,0-3,1
53453,1.0,Computer,1,9.0,Debit Card,3.0,4,Mobile Phone,5,8,1,15.0,2.0,2.0,3.0,145.42,72.71,1.0,1.0,0-3,1
53454,8.0,Mobile Phone,3,17.0,Debit Card,3.0,4,Mobile Phone,3,3,1,20.0,1.0,2.0,1.0,147.2,73.6,0.2222222222222222,0.5,0-3,0
53455,2.0,Mobile Phone,3,17.0,Credit Card,4.0,4,Mobile Phone,4,3,0,23.0,2.0,2.0,1.0,135.52,67.76,0.6666666666666666,1.0,0-3,0
53456,12.0,Computer,1,10.0,UPI,3.0,4,Mobile Phone,3,5,0,17.0,3.0,3.0,3.0,153.21,51.07,0.23076923076923078,1.0,0-3,0
53457,24.0,Mobile Phone,1,9.0,Credit Card,4.0,4,Others,3,4,1,,8.0,8.0,8.0,317.37,39.67125,0.32,1.0,8-14,0
53458,11.0,Mobile Phone,1,10.0,UPI,3.0,4,Laptop & Accessory,4,5,0,16.0,2.0,2.0,2.0,166.07,83.035,0.16666666666666666,1.0,0-3,0
53459,14.0,Mobile Phone,3,33.0,E wallet,4.0,4,Laptop & Accessory,5,3,0,15.0,6.0,8.0,6.0,208.96,26.12,0.5333333333333333,0.75,4-7,0
53460,1.0,Computer,1,7.0,Credit Card,4.0,5,Mobile Phone,3,3,0,14.0,2.0,2.0,4.0,145.07,72.535,1.0,1.0,4-7,0
53461,20.0,Mobile Phone,1,7.0,Credit Card,3.0,4,Others,2,11,0,,2.0,3.0,3.0,321.27,107.08999999999999,0.14285714285714285,0.6666666666666666,0-3,0
53462,28.0,Mobile Phone,3,9.0,Debit Card,3.0,5,Fashion,3,8,0,12.0,7.0,,1.0,231.86,,,,0-3,0
53463,30.0,Computer,1,16.0,Credit Card,4.0,4,Mobile Phone,3,4,0,20.0,1.0,2.0,4.0,154.42,77.21,0.06451612903225806,0.5,4-7,0
53464,10.0,Mobile Phone,1,19.0,Credit Card,3.0,5,Fashion,2,2,0,12.0,6.0,8.0,,213.58,26.6975,0.7272727272727273,0.75,,0
53465,29.0,Computer,1,9.0,Credit Card,3.0,5,Grocery,5,9,0,,4.0,7.0,3.0,292.56,41.794285714285714,0.23333333333333334,0.5714285714285714,0-3,0
53466,17.0,Mobile Phone,3,32.0,Credit Card,4.0,5,Fashion,2,7,0,14.0,2.0,,1.0,259.0,,,,0-3,0
53467,1.0,Computer,3,16.0,E wallet,3.0,4,Mobile Phone,2,3,1,15.0,1.0,2.0,3.0,148.23,74.115,1.0,0.5,0-3,1
53468,1.0,Mobile Phone,1,17.0,Debit Card,3.0,5,Mobile Phone,5,3,0,14.0,2.0,2.0,1.0,139.16,69.58,1.0,1.0,0-3,1
53469,20.0,Mobile Phone,1,15.0,Debit Card,4.0,5,Laptop & Accessory,5,10,1,24.0,2.0,2.0,8.0,171.15,85.575,0.09523809523809523,1.0,8-14,0
53470,15.0,Mobile Phone,1,11.0,Debit Card,3.0,4,Mobile Phone,3,11,1,13.0,2.0,3.0,8.0,149.61,49.870000000000005,0.1875,0.6666666666666666,8-14,1
53471,1.0,Computer,1,31.0,Cash on Delivery,4.0,5,Fashion,5,3,0,13.0,1.0,2.0,,212.22,106.11,1.0,0.5,,1
53472,1.0,Mobile Phone,1,7.0,Credit Card,3.0,5,Mobile Phone,5,3,0,17.0,1.0,2.0,4.0,164.55,82.275,1.0,0.5,4-7,0
53473,4.0,Mobile Phone,1,27.0,UPI,3.0,4,Laptop & Accessory,5,2,0,16.0,2.0,2.0,,224.57,112.285,0.4,1.0,,0
53474,15.0,Mobile Phone,1,14.0,Cash on Delivery,3.0,2,Mobile Phone,3,3,0,14.0,2.0,2.0,9.0,158.76,79.38,0.125,1.0,8-14,0
53475,12.0,Mobile Phone,1,24.0,Debit Card,4.0,5,Fashion,3,2,0,19.0,1.0,2.0,,213.23,106.615,0.15384615384615385,0.5,,0
53476,14.0,Mobile Phone,1,27.0,Cash on Delivery,4.0,4,Fashion,2,6,0,21.0,5.0,12.0,,228.22,19.018333333333334,0.8,0.4166666666666667,,0
53477,1.0,Computer,1,15.0,Debit Card,3.0,6,Mobile Phone,3,3,0,20.0,2.0,2.0,3.0,171.21,85.605,1.0,1.0,0-3,0
53478,29.0,Computer,1,9.0,Debit Card,4.0,4,Fashion,4,5,0,19.0,2.0,,3.0,234.76,,,,0-3,0
53479,2.0,Mobile Phone,1,17.0,UPI,3.0,4,Laptop & Accessory,3,5,0,14.0,2.0,2.0,8.0,161.6,80.8,0.6666666666666666,1.0,8-14,0
53480,8.0,Mobile Phone,2,7.0,Credit Card,4.0,5,Fashion,5,11,0,15.0,3.0,4.0,,229.82,57.455,0.4444444444444444,0.75,,1
53481,7.0,Mobile Phone,1,12.0,Debit Card,3.0,5,Fashion,2,6,0,16.0,1.0,2.0,3.0,196.19,98.095,0.25,0.5,0-3,0
53482,1.0,Mobile Phone,3,11.0,Cash on Delivery,3.0,4,Fashion,5,2,1,23.0,4.0,5.0,,220.82,44.164,2.5,0.8,,1
53483,1.0,Computer,1,36.0,Credit Card,3.0,5,Laptop & Accessory,3,3,0,23.0,4.0,4.0,9.0,170.08,42.52,2.0,1.0,8-14,1
53484,2.0,Mobile Phone,1,22.0,Debit Card,3.0,4,Mobile Phone,3,3,0,17.0,3.0,3.0,3.0,147.07,49.02333333333333,1.0,1.0,0-3,0
53485,8.0,Computer,1,10.0,Debit Card,3.0,4,Laptop & Accessory,2,2,0,18.0,2.0,2.0,5.0,202.56,101.28,0.2222222222222222,1.0,4-7,0
53486,11.0,Mobile Phone,3,17.0,Debit Card,3.0,5,Laptop & Accessory,2,4,1,15.0,1.0,2.0,1.0,191.94,95.97,0.16666666666666666,0.5,0-3,0
53487,1.0,Mobile Phone,1,11.0,Cash on Delivery,3.0,4,Mobile Phone,2,3,1,16.0,6.0,6.0,7.0,161.91,26.985,3.0,1.0,4-7,1
53488,1.0,Mobile Phone,1,28.0,Credit Card,3.0,4,Mobile Phone,3,3,0,21.0,2.0,2.0,1.0,148.77,74.385,1.0,1.0,0-3,1
53489,1.0,Mobile Phone,1,32.0,Credit Card,3.0,5,Mobile Phone,4,6,1,21.0,1.0,3.0,3.0,148.13,49.376666666666665,1.5,0.3333333333333333,0-3,1
53490,16.0,Mobile Phone,1,9.0,Credit Card,3.0,4,Grocery,5,2,0,,6.0,14.0,8.0,301.65,21.54642857142857,0.8235294117647058,0.42857142857142855,8-14,0
53491,1.0,Computer,1,5.0,Credit Card,3.0,5,Mobile Phone,4,3,0,16.0,1.0,2.0,1.0,150.96,75.48,1.0,0.5,0-3,1
53492,14.0,Computer,3,7.0,UPI,3.0,4,Laptop & Accessory,3,5,1,15.0,1.0,2.0,1.0,172.28,86.14,0.13333333333333333,0.5,0-3,1
53493,7.0,Computer,3,14.0,Debit Card,2.0,4,Laptop & Accessory,4,2,0,18.0,2.0,2.0,3.0,168.02,84.01,0.25,1.0,0-3,0
53494,8.0,Computer,1,10.0,Debit Card,3.0,5,Mobile Phone,2,5,0,18.0,2.0,2.0,1.0,154.79,77.395,0.2222222222222222,1.0,0-3,0
53495,22.0,Computer,1,7.0,Credit Card,3.0,2,Grocery,2,4,0,,1.0,3.0,2.0,293.85,97.95,0.13043478260869565,0.3333333333333333,0-3,0
53496,19.0,Computer,3,16.0,Debit Card,4.0,5,Laptop & Accessory,3,3,0,14.0,1.0,5.0,13.0,180.93,36.186,0.25,0.2,8-14,0
53497,26.0,Mobile Phone,1,14.0,Debit Card,3.0,4,Fashion,4,9,0,20.0,4.0,5.0,,229.45,45.89,0.18518518518518517,0.8,,0
53498,12.0,Mobile Phone,3,17.0,E wallet,4.0,5,Fashion,3,2,1,15.0,3.0,3.0,,212.4,70.8,0.23076923076923078,1.0,,0
53499,3.0,Mobile Phone,1,35.0,Debit Card,4.0,4,Mobile Phone,2,6,0,23.0,1.0,2.0,8.0,150.14,75.07,0.5,0.5,8-14,0
53500,2.0,Mobile Phone,1,10.0,Credit Card,4.0,4,Fashion,4,2,0,18.0,1.0,2.0,8.0,201.55,100.775,0.6666666666666666,0.5,8-14,0
53501,20.0,Mobile Phone,3,10.0,E wallet,3.0,4,Grocery,3,5,0,,2.0,5.0,10.0,299.65,59.92999999999999,0.23809523809523808,0.4,8-14,0
53502,12.0,Mobile Phone,3,9.0,E wallet,3.0,4,Fashion,4,9,0,17.0,2.0,2.0,1.0,198.51,99.255,0.15384615384615385,1.0,0-3,0
53503,17.0,Computer,1,34.0,Debit Card,3.0,4,Fashion,5,10,0,12.0,1.0,,2.0,233.2,,,,0-3,0
53504,3.0,Computer,1,9.0,Debit Card,3.0,4,Grocery,2,9,0,12.0,8.0,,6.0,246.69,,,,4-7,1
53505,14.0,Mobile Phone,1,21.0,Credit Card,3.0,5,Others,3,3,0,,5.0,5.0,10.0,321.26,64.252,0.3333333333333333,1.0,8-14,0
53506,1.0,Mobile Phone,1,7.0,Cash on Delivery,4.0,5,Mobile Phone,4,3,1,12.0,1.0,3.0,3.0,145.7,48.56666666666666,1.5,0.3333333333333333,0-3,0
53507,13.0,Computer,1,16.0,Debit Card,4.0,4,Laptop & Accessory,4,22,0,16.0,2.0,2.0,4.0,192.82,96.41,0.14285714285714285,1.0,4-7,0
53508,10.0,Computer,1,25.0,Debit Card,4.0,4,Laptop & Accessory,2,4,0,21.0,2.0,2.0,10.0,202.79,101.395,0.18181818181818182,1.0,8-14,0
53509,5.0,Computer,3,27.0,Debit Card,4.0,2,Mobile Phone,2,2,0,13.0,2.0,3.0,3.0,152.91,50.97,0.5,0.6666666666666666,0-3,0
53510,2.0,Mobile Phone,1,9.0,Debit Card,4.0,5,Mobile Phone,4,2,0,18.0,1.0,2.0,5.0,157.01,78.505,0.6666666666666666,0.5,4-7,0
53511,9.0,Computer,3,18.0,E wallet,3.0,4,Laptop & Accessory,2,3,0,12.0,1.0,2.0,3.0,174.68,87.34,0.2,0.5,0-3,0
53512,23.0,Mobile Phone,3,15.0,Cash on Delivery,3.0,5,Grocery,4,8,0,18.0,2.0,,4.0,256.2,,,,4-7,0
53513,8.0,Computer,1,9.0,Debit Card,4.0,4,Laptop & Accessory,3,4,0,12.0,2.0,2.0,3.0,165.33,82.665,0.2222222222222222,1.0,0-3,0
53514,3.0,Computer,1,17.0,Debit Card,4.0,4,Mobile Phone,4,2,0,15.0,2.0,2.0,2.0,157.91,78.955,0.5,1.0,0-3,0
53515,16.0,Mobile Phone,1,36.0,Credit Card,3.0,6,Laptop & Accessory,2,6,0,20.0,2.0,2.0,1.0,167.72,83.86,0.11764705882352941,1.0,0-3,0
53516,3.0,Mobile Phone,1,15.0,Credit Card,4.0,5,Laptop & Accessory,2,3,1,14.0,1.0,2.0,3.0,175.56,87.78,0.5,0.5,0-3,0
53517,12.0,Mobile Phone,2,7.0,UPI,3.0,2,Mobile Phone,3,3,0,14.0,2.0,6.0,1.0,153.44,25.573333333333334,0.46153846153846156,0.3333333333333333,0-3,0
53518,5.0,Computer,1,13.0,Debit Card,3.0,5,Mobile Phone,3,3,1,15.0,2.0,2.0,3.0,152.03,76.015,0.3333333333333333,1.0,0-3,0
53519,1.0,Computer,1,15.0,Credit Card,4.0,4,Mobile Phone,3,3,0,13.0,1.0,2.0,1.0,144.04,72.02,1.0,0.5,0-3,1
53520,1.0,Mobile Phone,3,16.0,E wallet,4.0,4,Laptop & Accessory,5,2,1,18.0,1.0,2.0,4.0,207.24,103.62,1.0,0.5,4-7,1
53521,15.0,Mobile Phone,1,19.0,Debit Card,3.0,4,Mobile Phone,2,5,1,12.0,2.0,2.0,1.0,172.66,86.33,0.125,1.0,0-3,0
53522,1.0,Computer,1,22.0,Credit Card,4.0,4,Mobile Phone,3,3,0,13.0,3.0,3.0,3.0,151.1,50.36666666666667,1.5,1.0,0-3,1
53523,11.0,Mobile Phone,1,32.0,Credit Card,3.0,5,Laptop & Accessory,2,9,0,14.0,1.0,2.0,4.0,182.31,91.155,0.16666666666666666,0.5,4-7,0
53524,1.0,Mobile Phone,1,13.0,Debit Card,3.0,5,Mobile Phone,3,3,0,14.0,3.0,3.0,3.0,150.39,50.129999999999995,1.5,1.0,0-3,0
53525,8.0,Mobile Phone,3,16.0,Debit Card,4.0,4,Laptop & Accessory,3,3,0,21.0,2.0,2.0,4.0,182.14,91.07,0.2222222222222222,1.0,4-7,0
53526,9.0,Mobile Phone,2,15.0,Cash on Delivery,4.0,4,Mobile Phone,3,3,0,18.0,1.0,2.0,5.0,168.23,84.115,0.2,0.5,4-7,0
53527,1.0,Mobile Phone,3,30.0,Debit Card,3.0,5,Fashion,5,3,0,14.0,1.0,4.0,11.0,198.36,49.59,2.0,0.25,8-14,1
53528,14.0,Computer,1,16.0,Credit Card,3.0,4,Fashion,3,11,0,18.0,1.0,,14.0,259.99,,,,8-14,0
53529,6.0,Computer,3,19.0,Debit Card,3.0,4,Grocery,5,2,1,13.0,,14.0,15.0,262.58,18.755714285714284,2.0,,15+,1
53530,16.0,Mobile Phone,3,11.0,E wallet,3.0,4,Laptop & Accessory,5,9,0,14.0,2.0,2.0,6.0,176.55,88.275,0.11764705882352941,1.0,4-7,0
53531,9.0,Mobile Phone,1,7.0,Credit Card,3.0,5,Mobile Phone,3,8,0,13.0,2.0,2.0,8.0,147.58,73.79,0.2,1.0,8-14,0
53532,1.0,Mobile Phone,1,31.0,Credit Card,3.0,4,Mobile Phone,4,10,0,23.0,2.0,2.0,3.0,160.97,80.485,1.0,1.0,0-3,0
53533,1.0,Mobile Phone,1,19.0,Debit Card,4.0,4,Mobile Phone,2,3,1,12.0,2.0,2.0,1.0,150.15,75.075,1.0,1.0,0-3,1
53534,1.0,Mobile Phone,1,10.0,Credit Card,3.0,2,Mobile Phone,2,3,0,23.0,2.0,2.0,8.0,169.2,84.6,1.0,1.0,8-14,0
53535,4.0,Mobile Phone,3,17.0,E wallet,4.0,5,Laptop & Accessory,3,3,0,19.0,2.0,2.0,5.0,190.78,95.39,0.4,1.0,4-7,0
53536,14.0,Computer,1,33.0,Credit Card,4.0,5,Laptop & Accessory,2,5,1,14.0,2.0,2.0,1.0,169.22,84.61,0.13333333333333333,1.0,0-3,0
53537,9.0,Mobile Phone,1,9.0,Debit Card,3.0,5,Fashion,4,4,0,19.0,7.0,7.0,,227.74,32.534285714285716,0.7,1.0,,0
53538,8.0,Computer,1,7.0,Credit Card,4.0,5,Laptop & Accessory,5,2,0,21.0,2.0,5.0,10.0,178.43,35.686,0.5555555555555556,0.4,8-14,0
53539,9.0,Computer,1,11.0,UPI,3.0,5,Mobile Phone,2,3,0,14.0,3.0,3.0,3.0,148.76,49.586666666666666,0.3,1.0,0-3,0
53540,7.0,Mobile Phone,3,16.0,E wallet,3.0,6,Laptop & Accessory,3,10,0,14.0,2.0,2.0,4.0,178.46,89.23,0.25,1.0,4-7,1
53541,6.0,Computer,3,9.0,Debit Card,4.0,4,Mobile Phone,5,3,0,13.0,1.0,2.0,1.0,153.27,76.635,0.2857142857142857,0.5,0-3,0
53542,30.0,Mobile Phone,1,11.0,Cash on Delivery,4.0,4,Others,5,6,0,14.0,1.0,5.0,3.0,324.43,64.886,0.16129032258064516,0.2,0-3,0
53543,3.0,Mobile Phone,1,13.0,Credit Card,3.0,4,Mobile Phone,2,3,0,14.0,1.0,2.0,9.0,156.31,78.155,0.5,0.5,8-14,0
53544,1.0,Mobile Phone,1,16.0,Debit Card,3.0,4,Mobile Phone,5,3,0,26.0,1.0,2.0,1.0,150.52,75.26,1.0,0.5,0-3,0
53545,19.0,Mobile Phone,1,14.0,Credit Card,3.0,4,Mobile Phone,3,6,1,20.0,2.0,2.0,3.0,169.77,84.885,0.1,1.0,0-3,0
53546,11.0,Mobile Phone,1,7.0,Debit Card,3.0,5,Laptop & Accessory,2,3,0,14.0,4.0,4.0,12.0,189.74,47.435,0.3333333333333333,1.0,8-14,0
53547,1.0,Mobile Phone,1,10.0,Debit Card,3.0,5,Mobile Phone,3,3,0,13.0,1.0,2.0,3.0,155.33,77.665,1.0,0.5,0-3,0
53548,8.0,Mobile Phone,1,17.0,Debit Card,4.0,4,Mobile Phone,3,3,1,12.0,2.0,2.0,3.0,154.36,77.18,0.2222222222222222,1.0,0-3,1
53549,27.0,Mobile Phone,1,14.0,Credit Card,3.0,4,Others,3,5,0,,5.0,5.0,8.0,311.06,62.212,0.17857142857142858,1.0,8-14,0
53550,3.0,Mobile Phone,1,22.0,Debit Card,4.0,6,Mobile Phone,2,2,1,19.0,2.0,2.0,4.0,146.68,73.34,0.5,1.0,4-7,0
53551,1.0,Computer,1,10.0,Debit Card,3.0,5,Mobile Phone,2,2,1,12.0,1.0,2.0,1.0,153.53,76.765,1.0,0.5,0-3,1
53552,20.0,Mobile Phone,3,9.0,E wallet,4.0,4,Grocery,5,10,0,,13.0,16.0,10.0,295.48,18.4675,0.7619047619047619,0.8125,8-14,0
53553,18.0,Computer,1,24.0,Debit Card,4.0,6,Mobile Phone,3,4,0,14.0,2.0,2.0,1.0,147.9,73.95,0.10526315789473684,1.0,0-3,0
53554,7.0,Mobile Phone,2,9.0,UPI,3.0,4,Mobile Phone,3,3,0,14.0,1.0,2.0,5.0,161.0,80.5,0.25,0.5,4-7,0
53555,5.0,Computer,1,12.0,Debit Card,4.0,5,Mobile Phone,5,8,0,18.0,2.0,2.0,1.0,146.07,73.035,0.3333333333333333,1.0,0-3,1
53556,4.0,Mobile Phone,3,36.0,Debit Card,4.0,4,Laptop & Accessory,5,10,0,20.0,2.0,2.0,4.0,166.15,83.075,0.4,1.0,4-7,0
53557,14.0,Computer,3,9.0,Credit Card,4.0,4,Laptop & Accessory,4,7,0,13.0,2.0,2.0,1.0,168.27,84.135,0.13333333333333333,1.0,0-3,0
53558,24.0,Computer,1,9.0,Credit Card,2.0,4,Grocery,5,4,0,,3.0,3.0,3.0,303.56,101.18666666666667,0.12,1.0,0-3,0
53559,2.0,Mobile Phone,1,26.0,Credit Card,4.0,5,Mobile Phone,5,3,0,13.0,2.0,4.0,4.0,156.96,39.24,1.3333333333333333,0.5,4-7,0
53560,20.0,Mobile Phone,1,22.0,Debit Card,3.0,4,Others,4,7,0,,2.0,2.0,4.0,315.81,157.905,0.09523809523809523,1.0,4-7,0
53561,9.0,Mobile Phone,3,24.0,Debit Card,4.0,4,Laptop & Accessory,5,5,1,16.0,2.0,2.0,,214.66,107.33,0.2,1.0,,0
53562,1.0,Mobile Phone,1,24.0,Debit Card,4.0,4,Mobile Phone,4,3,0,14.0,1.0,2.0,1.0,147.1,73.55,1.0,0.5,0-3,1
53563,7.0,Computer,3,32.0,Credit Card,3.0,4,Laptop & Accessory,3,3,0,13.0,1.0,2.0,2.0,170.39,85.195,0.25,0.5,0-3,0
53564,10.0,Mobile Phone,1,13.0,Debit Card,3.0,6,Mobile Phone,3,3,0,15.0,1.0,2.0,8.0,152.41,76.205,0.18181818181818182,0.5,8-14,0
53565,4.0,Mobile Phone,1,14.0,Debit Card,3.0,4,Laptop & Accessory,3,3,0,14.0,9.0,9.0,10.0,159.91,17.767777777777777,1.8,1.0,8-14,0
53566,18.0,Mobile Phone,1,36.0,UPI,3.0,4,Laptop & Accessory,2,3,0,26.0,2.0,2.0,18.0,170.41,85.205,0.10526315789473684,1.0,15+,0
53567,1.0,Mobile Phone,3,28.0,E wallet,3.0,2,Mobile Phone,2,3,0,18.0,1.0,3.0,3.0,151.78,50.593333333333334,1.5,0.3333333333333333,0-3,0
53568,20.0,Mobile Phone,1,9.0,Cash on Delivery,3.0,4,Laptop & Accessory,2,4,0,12.0,2.0,2.0,5.0,198.79,99.395,0.09523809523809523,1.0,4-7,0
53569,16.0,Computer,2,9.0,Credit Card,4.0,2,Laptop & Accessory,5,9,0,17.0,1.0,2.0,4.0,187.72,93.86,0.11764705882352941,0.5,4-7,0
53570,31.0,Mobile Phone,3,14.0,E wallet,3.0,2,Laptop & Accessory,2,2,1,19.0,1.0,2.0,10.0,177.2,88.6,0.0625,0.5,8-14,0
53571,6.0,Computer,1,20.0,UPI,4.0,5,Mobile Phone,4,3,0,21.0,1.0,3.0,3.0,152.43,50.81,0.42857142857142855,0.3333333333333333,0-3,0
53572,6.0,Computer,1,9.0,Debit Card,3.0,4,Laptop & Accessory,3,6,1,15.0,2.0,2.0,8.0,174.98,87.49,0.2857142857142857,1.0,8-14,0
53573,10.0,Mobile Phone,1,7.0,Cash on Delivery,4.0,6,Fashion,5,4,1,22.0,6.0,8.0,,227.52,28.44,0.7272727272727273,0.75,,0
53574,7.0,Mobile Phone,1,16.0,Credit Card,3.0,4,Mobile Phone,2,2,0,14.0,2.0,5.0,11.0,152.81,30.562,0.625,0.4,8-14,0
53575,14.0,Mobile Phone,3,17.0,Cash on Delivery,3.0,5,Laptop & Accessory,4,9,0,13.0,2.0,2.0,4.0,193.52,96.76,0.13333333333333333,1.0,4-7,0
53576,1.0,Mobile Phone,3,17.0,Debit Card,3.0,4,Laptop & Accessory,2,2,0,15.0,1.0,2.0,2.0,174.5,87.25,1.0,0.5,0-3,0
53577,4.0,Mobile Phone,1,7.0,Credit Card,4.0,4,Mobile Phone,4,2,1,22.0,2.0,6.0,8.0,160.79,26.798333333333332,1.2,0.3333333333333333,8-14,0
53578,16.0,Computer,1,33.0,Credit Card,3.0,4,Fashion,5,5,1,18.0,1.0,,1.0,256.91,,,,0-3,0
53579,9.0,Computer,3,15.0,E wallet,4.0,5,Fashion,2,6,1,12.0,3.0,5.0,,228.77,45.754000000000005,0.5,0.6,,0
53580,1.0,Mobile Phone,1,21.0,Debit Card,3.0,4,Mobile Phone,5,3,1,15.0,3.0,7.0,9.0,147.35,21.05,3.5,0.42857142857142855,8-14,0
53581,28.0,Computer,1,7.0,Debit Card,3.0,4,Fashion,3,9,0,18.0,2.0,2.0,,230.02,115.01,0.06896551724137931,1.0,,0
53582,18.0,Mobile Phone,1,9.0,Debit Card,4.0,2,Mobile Phone,2,3,0,14.0,7.0,8.0,8.0,145.11,18.13875,0.42105263157894735,0.875,8-14,0
53583,1.0,Computer,1,17.0,Credit Card,4.0,5,Mobile Phone,4,3,1,26.0,2.0,2.0,1.0,143.59,71.795,1.0,1.0,0-3,1
53584,3.0,Mobile Phone,1,7.0,Debit Card,4.0,4,Mobile Phone,2,3,0,16.0,1.0,2.0,3.0,162.6,81.3,0.5,0.5,0-3,0
53585,28.0,Mobile Phone,1,10.0,Debit Card,3.0,4,Grocery,2,5,0,,2.0,2.0,10.0,302.79,151.395,0.06896551724137931,1.0,8-14,0
53586,5.0,Mobile Phone,1,18.0,Credit Card,4.0,4,Laptop & Accessory,5,3,1,13.0,1.0,2.0,2.0,193.33,96.665,0.3333333333333333,0.5,0-3,0
53587,5.0,Mobile Phone,1,31.0,Credit Card,4.0,5,Laptop & Accessory,5,3,0,20.0,1.0,2.0,9.0,193.12,96.56,0.3333333333333333,0.5,8-14,0
53588,31.0,Mobile Phone,3,10.0,Debit Card,3.0,5,Laptop & Accessory,2,7,0,18.0,1.0,2.0,6.0,176.71,88.355,0.0625,0.5,4-7,0
53589,17.0,Mobile Phone,1,10.0,Debit Card,4.0,6,Others,2,5,0,,2.0,2.0,8.0,322.4,161.2,0.1111111111111111,1.0,8-14,0
53590,23.0,Mobile Phone,1,11.0,Credit Card,3.0,5,Others,3,4,0,,1.0,2.0,1.0,312.11,156.055,0.08333333333333333,0.5,0-3,0
53591,10.0,Computer,1,10.0,Cash on Delivery,3.0,4,Mobile Phone,4,3,0,13.0,2.0,2.0,8.0,161.92,80.96,0.18181818181818182,1.0,8-14,0
53592,22.0,Mobile Phone,1,9.0,Cash on Delivery,4.0,2,Mobile Phone,4,7,0,12.0,1.0,2.0,1.0,150.59,75.295,0.08695652173913043,0.5,0-3,0
53593,1.0,Mobile Phone,1,11.0,Debit Card,4.0,4,Mobile Phone,3,3,0,12.0,2.0,2.0,4.0,150.17,75.085,1.0,1.0,4-7,0
53594,3.0,Mobile Phone,1,14.0,Debit Card,3.0,4,Laptop & Accessory,2,3,1,12.0,1.0,2.0,1.0,191.23,95.615,0.5,0.5,0-3,0
53595,22.0,Mobile Phone,1,7.0,Debit Card,4.0,5,Others,2,8,0,,2.0,2.0,1.0,307.65,153.825,0.08695652173913043,1.0,0-3,0
53596,3.0,Mobile Phone,1,7.0,Debit Card,3.0,5,Grocery,2,5,0,15.0,,2.0,8.0,286.24,143.12,0.5,,8-14,0
53597,8.0,Mobile Phone,1,27.0,Cash on Delivery,3.0,2,Mobile Phone,3,2,0,18.0,2.0,2.0,1.0,150.85,75.425,0.2222222222222222,1.0,0-3,0
53598,18.0,Mobile Phone,3,12.0,E wallet,3.0,4,Others,4,9,0,,2.0,4.0,11.0,307.13,76.7825,0.21052631578947367,0.5,8-14,0
53599,7.0,Mobile Phone,3,17.0,E wallet,3.0,2,Fashion,3,2,1,15.0,2.0,2.0,9.0,208.8,104.4,0.25,1.0,8-14,0
53600,1.0,Mobile Phone,1,32.0,Debit Card,3.0,2,Mobile Phone,2,3,1,13.0,2.0,2.0,2.0,154.94,77.47,1.0,1.0,0-3,0
53601,1.0,Mobile Phone,1,7.0,Debit Card,3.0,4,Mobile Phone,3,3,0,23.0,1.0,2.0,2.0,137.23,68.615,1.0,0.5,0-3,0
53602,1.0,Computer,3,31.0,Debit Card,4.0,6,Mobile Phone,2,3,1,15.0,2.0,2.0,1.0,136.18,68.09,1.0,1.0,0-3,1
53603,1.0,Mobile Phone,1,11.0,Debit Card,3.0,4,Mobile Phone,2,3,1,21.0,1.0,3.0,3.0,153.75,51.25,1.5,0.3333333333333333,0-3,0
53604,9.0,Mobile Phone,3,9.0,E wallet,4.0,6,Others,4,4,1,,1.0,2.0,12.0,313.24,156.62,0.2,0.5,8-14,1
53605,29.0,Computer,1,15.0,Credit Card,3.0,5,Grocery,4,3,1,16.0,4.0,16.0,1.0,260.77,16.298125,0.5333333333333333,0.25,0-3,0
53606,1.0,Computer,1,17.0,Debit Card,3.0,5,Mobile Phone,3,3,0,21.0,3.0,3.0,3.0,151.25,50.416666666666664,1.5,1.0,0-3,1
53607,20.0,Mobile Phone,3,11.0,E wallet,3.0,5,Others,4,4,0,,2.0,2.0,9.0,312.89,156.445,0.09523809523809523,1.0,8-14,0
53608,8.0,Mobile Phone,3,9.0,E wallet,3.0,4,Laptop & Accessory,5,2,1,13.0,2.0,2.0,3.0,170.38,85.19,0.2222222222222222,1.0,0-3,0
53609,25.0,Computer,3,16.0,Debit Card,3.0,4,Others,4,6,1,25.0,3.0,12.0,11.0,323.47,26.955833333333334,0.46153846153846156,0.25,8-14,0
53610,31.0,Mobile Phone,1,25.0,Credit Card,4.0,4,Fashion,2,8,0,13.0,2.0,6.0,,230.12,38.35333333333333,0.1875,0.3333333333333333,,0
53611,8.0,Computer,1,26.0,Credit Card,3.0,4,Laptop & Accessory,4,6,0,14.0,4.0,6.0,11.0,169.44,28.24,0.6666666666666666,0.6666666666666666,8-14,0
53612,2.0,Computer,1,7.0,Credit Card,3.0,4,Mobile Phone,3,2,1,12.0,1.0,2.0,3.0,146.54,73.27,0.6666666666666666,0.5,0-3,0
53613,18.0,Mobile Phone,1,11.0,Debit Card,4.0,2,Others,5,3,0,,2.0,15.0,14.0,316.9,21.126666666666665,0.7894736842105263,0.13333333333333333,8-14,0
53614,8.0,Computer,2,18.0,Debit Card,3.0,5,Laptop & Accessory,4,6,0,12.0,1.0,2.0,9.0,169.9,84.95,0.2222222222222222,0.5,8-14,0
53615,9.0,Mobile Phone,1,13.0,Debit Card,4.0,4,Mobile Phone,3,2,1,15.0,2.0,3.0,3.0,160.06,53.35333333333333,0.3,0.6666666666666666,0-3,0
53616,16.0,Mobile Phone,1,14.0,Credit Card,4.0,2,Laptop & Accessory,4,8,1,17.0,1.0,2.0,1.0,148.72,74.36,0.11764705882352941,0.5,0-3,0
53617,17.0,Mobile Phone,3,11.0,E wallet,3.0,5,Fashion,2,5,0,15.0,11.0,16.0,,227.31,14.206875,0.8888888888888888,0.6875,,0
53618,10.0,Mobile Phone,1,9.0,Debit Card,3.0,4,Laptop & Accessory,4,11,1,12.0,5.0,6.0,13.0,179.1,29.849999999999998,0.5454545454545454,0.8333333333333334,8-14,0
53619,8.0,Mobile Phone,1,22.0,Credit Card,4.0,4,Fashion,2,3,0,12.0,1.0,2.0,6.0,204.78,102.39,0.2222222222222222,0.5,4-7,1
53620,2.0,Computer,1,9.0,Debit Card,3.0,5,Mobile Phone,2,3,1,13.0,3.0,3.0,3.0,163.67,54.556666666666665,1.0,1.0,0-3,0
53621,25.0,Computer,1,13.0,Credit Card,3.0,5,Mobile Phone,3,2,0,15.0,8.0,8.0,8.0,153.38,19.1725,0.3076923076923077,1.0,8-14,0
53622,4.0,Computer,1,16.0,Credit Card,4.0,4,Laptop & Accessory,3,9,1,19.0,2.0,2.0,8.0,171.95,85.975,0.4,1.0,8-14,0
53623,1.0,Mobile Phone,1,14.0,Cash on Delivery,3.0,4,Mobile Phone,3,5,1,14.0,2.0,8.0,8.0,158.39,19.79875,4.0,0.25,8-14,1
53624,2.0,Mobile Phone,1,7.0,Cash on Delivery,3.0,4,Mobile Phone,5,4,0,12.0,1.0,2.0,3.0,145.8,72.9,0.6666666666666666,0.5,0-3,0
53625,1.0,Mobile Phone,1,7.0,Credit Card,3.0,4,Mobile Phone,4,3,0,19.0,2.0,3.0,2.0,145.96,48.653333333333336,1.5,0.6666666666666666,0-3,0
53626,6.0,Mobile Phone,3,15.0,Credit Card,3.0,2,Laptop & Accessory,2,3,0,16.0,1.0,2.0,9.0,187.09,93.545,0.2857142857142857,0.5,8-14,0
53627,19.0,Computer,1,32.0,Credit Card,3.0,4,Others,4,5,0,,2.0,2.0,1.0,305.61,152.805,0.1,1.0,0-3,0
53628,13.0,Mobile Phone,1,20.0,Credit Card,4.0,5,Grocery,4,8,1,,14.0,16.0,3.0,296.23,18.514375,1.1428571428571428,0.875,0-3,0
53629,31.0,Mobile Phone,1,30.0,Debit Card,3.0,4,Mobile Phone,3,3,0,13.0,3.0,3.0,3.0,148.72,49.57333333333333,0.09375,1.0,0-3,0
53630,1.0,Mobile Phone,1,14.0,Debit Card,4.0,4,Laptop & Accessory,3,3,0,19.0,2.0,2.0,2.0,173.83,86.915,1.0,1.0,0-3,1
53631,3.0,Mobile Phone,1,30.0,Credit Card,4.0,4,Mobile Phone,5,2,0,14.0,1.0,2.0,4.0,164.04,82.02,0.5,0.5,4-7,1
53632,4.0,Mobile Phone,1,13.0,Cash on Delivery,3.0,5,Laptop & Accessory,2,2,0,13.0,6.0,7.0,8.0,171.27,24.467142857142857,1.4,0.8571428571428571,8-14,0
53633,10.0,Mobile Phone,1,17.0,Cash on Delivery,4.0,4,Fashion,3,5,0,13.0,1.0,2.0,8.0,195.94,97.97,0.18181818181818182,0.5,8-14,0
53634,20.0,Mobile Phone,2,7.0,Debit Card,3.0,4,Mobile Phone,5,8,0,13.0,4.0,6.0,8.0,159.23,26.53833333333333,0.2857142857142857,0.6666666666666666,8-14,0
53635,2.0,Computer,1,7.0,Debit Card,3.0,6,Laptop & Accessory,2,2,0,12.0,8.0,8.0,6.0,191.74,23.9675,2.6666666666666665,1.0,4-7,0
53636,24.0,Mobile Phone,1,35.0,Debit Card,3.0,4,Grocery,5,6,1,,1.0,2.0,3.0,293.8,146.9,0.08,0.5,0-3,0
53637,4.0,Mobile Phone,3,32.0,E wallet,3.0,5,Fashion,4,4,1,13.0,1.0,2.0,,215.94,107.97,0.4,0.5,,1
53638,16.0,Mobile Phone,3,12.0,Debit Card,4.0,4,Fashion,4,11,1,20.0,6.0,8.0,,209.46,26.1825,0.47058823529411764,0.75,,1
53639,4.0,Mobile Phone,1,24.0,Credit Card,4.0,4,Fashion,5,3,1,24.0,1.0,,9.0,244.16000000000005,,,,8-14,0
53640,13.0,Mobile Phone,1,25.0,Debit Card,3.0,4,Laptop & Accessory,3,2,0,12.0,1.0,2.0,8.0,170.34,85.17,0.14285714285714285,0.5,8-14,0
53641,5.0,Computer,3,9.0,Debit Card,3.0,4,Fashion,3,3,1,20.0,4.0,10.0,,223.52,22.352,1.6666666666666667,0.4,,0
53642,15.0,Computer,3,17.0,Credit Card,3.0,6,Laptop & Accessory,4,3,0,14.0,4.0,12.0,10.0,186.51,15.542499999999999,0.75,0.3333333333333333,8-14,0
53643,1.0,Computer,3,7.0,Debit Card,3.0,4,Mobile Phone,4,3,1,12.0,2.0,3.0,3.0,148.02,49.34,1.5,0.6666666666666666,0-3,1
53644,8.0,Mobile Phone,1,10.0,Debit Card,3.0,4,Mobile Phone,5,6,0,13.0,2.0,2.0,3.0,148.62,74.31,0.2222222222222222,1.0,0-3,1
53645,16.0,Computer,1,9.0,Debit Card,3.0,4,Grocery,3,2,1,,1.0,3.0,11.0,303.61,101.20333333333333,0.17647058823529413,0.3333333333333333,8-14,0
53646,29.0,Mobile Phone,1,9.0,Credit Card,3.0,6,Others,3,6,0,,6.0,10.0,12.0,316.87,31.687,0.3333333333333333,0.6,8-14,0
53647,30.0,Mobile Phone,2,15.0,Debit Card,3.0,4,Others,4,8,0,,2.0,8.0,8.0,322.17,40.27125,0.25806451612903225,0.25,8-14,0
53648,14.0,Computer,1,23.0,Debit Card,4.0,4,Mobile Phone,3,11,0,17.0,2.0,2.0,1.0,160.44,80.22,0.13333333333333333,1.0,0-3,0
53649,8.0,Mobile Phone,1,16.0,Debit Card,3.0,4,Fashion,2,2,0,12.0,2.0,2.0,,210.0,105.0,0.2222222222222222,1.0,,0
53650,14.0,Mobile Phone,1,9.0,Debit Card,4.0,4,Laptop & Accessory,2,3,0,14.0,4.0,9.0,9.0,171.61,19.067777777777778,0.6,0.4444444444444444,8-14,0
53651,15.0,Computer,3,7.0,E wallet,4.0,4,Laptop & Accessory,5,2,0,18.0,1.0,2.0,8.0,166.03,83.015,0.125,0.5,8-14,0
53652,9.0,Computer,1,11.0,Debit Card,3.0,4,Laptop & Accessory,3,3,1,12.0,2.0,2.0,2.0,167.49,83.745,0.2,1.0,0-3,0
53653,25.0,Mobile Phone,2,12.0,Debit Card,3.0,4,Grocery,4,3,1,12.0,,2.0,11.0,265.26,132.63,0.07692307692307693,,8-14,0
53654,12.0,Mobile Phone,3,9.0,Debit Card,3.0,4,Laptop & Accessory,5,5,0,16.0,1.0,2.0,8.0,193.93,96.965,0.15384615384615385,0.5,8-14,0
53655,8.0,Mobile Phone,3,22.0,Credit Card,4.0,4,Laptop & Accessory,5,3,0,13.0,2.0,10.0,7.0,186.25,18.625,1.1111111111111112,0.2,4-7,0
53656,1.0,Mobile Phone,1,26.0,Credit Card,4.0,4,Mobile Phone,2,5,0,12.0,2.0,2.0,3.0,161.69,80.845,1.0,1.0,0-3,0
53657,21.0,Mobile Phone,1,14.0,Credit Card,3.0,5,Fashion,5,9,1,15.0,5.0,6.0,,225.08,37.513333333333335,0.2727272727272727,0.8333333333333334,,1
53658,14.0,Mobile Phone,1,7.0,Debit Card,3.0,4,Mobile Phone,4,5,0,23.0,2.0,2.0,4.0,148.87,74.435,0.13333333333333333,1.0,4-7,0
53659,10.0,Computer,3,14.0,E wallet,3.0,2,Laptop & Accessory,5,4,0,17.0,6.0,7.0,14.0,171.39,24.48428571428571,0.6363636363636364,0.8571428571428571,8-14,0
53660,22.0,Mobile Phone,1,11.0,Debit Card,3.0,4,Fashion,2,3,0,12.0,2.0,2.0,9.0,203.98,101.99,0.08695652173913043,1.0,8-14,0
53661,1.0,Mobile Phone,3,18.0,Credit Card,4.0,2,Mobile Phone,2,10,0,15.0,2.0,2.0,1.0,150.34,75.17,1.0,1.0,0-3,0
53662,25.0,Mobile Phone,1,18.0,Cash on Delivery,3.0,5,Grocery,4,5,0,17.0,1.0,,4.0,256.42,,,,4-7,0
53663,1.0,Computer,1,7.0,Debit Card,4.0,4,Mobile Phone,2,3,0,16.0,2.0,2.0,1.0,141.11,70.555,1.0,1.0,0-3,0
53664,9.0,Mobile Phone,1,7.0,Credit Card,3.0,5,Laptop & Accessory,2,2,0,13.0,2.0,2.0,1.0,178.63,89.315,0.2,1.0,0-3,0
53665,1.0,Computer,3,9.0,Debit Card,3.0,6,Laptop & Accessory,2,5,0,21.0,2.0,2.0,1.0,175.71,87.855,1.0,1.0,0-3,0
53666,19.0,Mobile Phone,3,20.0,E wallet,3.0,2,Grocery,3,8,1,18.0,,4.0,9.0,261.95,65.4875,0.2,,8-14,1
53667,30.0,Mobile Phone,1,30.0,Debit Card,4.0,4,Grocery,4,6,1,13.0,12.0,,10.0,259.02,,,,8-14,0
53668,8.0,Computer,1,33.0,Cash on Delivery,4.0,5,Mobile Phone,3,3,0,21.0,2.0,2.0,1.0,145.29,72.645,0.2222222222222222,1.0,0-3,0
53669,14.0,Mobile Phone,1,9.0,Credit Card,3.0,2,Laptop & Accessory,3,7,0,21.0,6.0,12.0,9.0,188.77,15.730833333333335,0.8,0.5,8-14,0
53670,8.0,Mobile Phone,1,36.0,Credit Card,3.0,4,Laptop & Accessory,3,6,0,14.0,1.0,8.0,8.0,179.29,22.41125,0.8888888888888888,0.125,8-14,0
53671,1.0,Computer,3,9.0,Debit Card,3.0,5,Mobile Phone,2,9,0,15.0,1.0,2.0,1.0,152.85,76.425,1.0,0.5,0-3,1
53672,1.0,Computer,3,25.0,E wallet,4.0,4,Laptop & Accessory,3,2,1,19.0,4.0,4.0,3.0,171.14,42.785,2.0,1.0,0-3,1
53673,12.0,Computer,1,14.0,Debit Card,3.0,2,Mobile Phone,3,3,0,12.0,1.0,2.0,4.0,151.1,75.55,0.15384615384615385,0.5,4-7,0
53674,8.0,Mobile Phone,1,9.0,Cash on Delivery,4.0,4,Laptop & Accessory,2,3,0,12.0,2.0,5.0,12.0,191.87,38.374,0.5555555555555556,0.4,8-14,0
53675,2.0,Mobile Phone,3,33.0,Debit Card,3.0,5,Laptop & Accessory,5,3,0,12.0,2.0,2.0,5.0,172.24,86.12,0.6666666666666666,1.0,4-7,0
53676,1.0,Mobile Phone,1,29.0,Credit Card,4.0,4,Laptop & Accessory,3,3,1,16.0,4.0,7.0,8.0,186.79,26.684285714285714,3.5,0.5714285714285714,8-14,1
53677,13.0,Mobile Phone,3,28.0,Debit Card,3.0,5,Laptop & Accessory,2,5,1,13.0,1.0,2.0,5.0,186.2,93.1,0.14285714285714285,0.5,4-7,0
53678,25.0,Computer,3,9.0,E wallet,3.0,4,Fashion,4,4,0,12.0,1.0,4.0,,230.96,57.74,0.15384615384615385,0.25,,0
53679,15.0,Computer,1,29.0,Debit Card,4.0,4,Laptop & Accessory,2,5,1,15.0,1.0,4.0,4.0,179.67,44.9175,0.25,0.25,4-7,0
53680,11.0,Mobile Phone,1,11.0,Debit Card,3.0,4,Mobile Phone,3,9,1,16.0,2.0,2.0,4.0,154.96,77.48,0.16666666666666666,1.0,4-7,0
53681,7.0,Computer,3,12.0,Debit Card,4.0,4,Laptop & Accessory,2,8,0,14.0,2.0,2.0,,224.98,112.49,0.25,1.0,,0
53682,6.0,Mobile Phone,3,9.0,E wallet,3.0,4,Laptop & Accessory,4,2,1,14.0,1.0,2.0,3.0,165.78,82.89,0.2857142857142857,0.5,0-3,0
53683,13.0,Computer,1,32.0,Debit Card,4.0,4,Fashion,3,5,0,22.0,1.0,,6.0,234.2,,,,4-7,0
53684,1.0,Mobile Phone,3,25.0,Debit Card,4.0,2,Laptop & Accessory,3,4,0,12.0,1.0,2.0,3.0,187.32,93.66,1.0,0.5,0-3,0
53685,26.0,Computer,1,35.0,Credit Card,3.0,2,Grocery,3,4,1,12.0,1.0,,3.0,257.47,,,,0-3,0
53686,17.0,Mobile Phone,1,13.0,Credit Card,4.0,5,Laptop & Accessory,3,3,1,15.0,2.0,2.0,9.0,165.81,82.905,0.1111111111111111,1.0,8-14,0
53687,1.0,Mobile Phone,3,17.0,E wallet,4.0,5,Laptop & Accessory,2,3,1,12.0,3.0,5.0,5.0,182.69,36.538,2.5,0.6,4-7,0
53688,1.0,Mobile Phone,1,24.0,Debit Card,3.0,4,Mobile Phone,3,3,1,14.0,4.0,8.0,8.0,148.94,18.6175,4.0,0.5,8-14,1
53689,1.0,Mobile Phone,1,9.0,Credit Card,3.0,5,Mobile Phone,2,2,0,13.0,1.0,2.0,2.0,164.04,82.02,1.0,0.5,0-3,0
53690,16.0,Mobile Phone,2,17.0,UPI,3.0,4,Grocery,5,2,0,,1.0,2.0,10.0,292.99,146.495,0.11764705882352941,0.5,8-14,0
53691,26.0,Mobile Phone,1,15.0,UPI,3.0,4,Mobile Phone,5,11,0,14.0,2.0,2.0,5.0,154.5,77.25,0.07407407407407407,1.0,4-7,0
53692,11.0,Mobile Phone,1,18.0,Credit Card,4.0,4,Mobile Phone,3,6,0,19.0,1.0,2.0,3.0,161.29,80.645,0.16666666666666666,0.5,0-3,0
53693,9.0,Computer,1,25.0,Debit Card,3.0,4,Fashion,2,4,0,12.0,1.0,3.0,,218.62,72.87333333333333,0.3,0.3333333333333333,,0
53694,1.0,Mobile Phone,1,7.0,Cash on Delivery,3.0,4,Mobile Phone,2,6,0,12.0,2.0,2.0,3.0,157.29,78.645,1.0,1.0,0-3,0
53695,1.0,Mobile Phone,1,14.0,UPI,4.0,2,Mobile Phone,5,2,0,13.0,2.0,2.0,8.0,160.78,80.39,1.0,1.0,8-14,0
53696,3.0,Mobile Phone,2,24.0,UPI,3.0,5,Fashion,5,3,0,14.0,1.0,2.0,10.0,204.88,102.44,0.5,0.5,8-14,0
53697,1.0,Computer,1,35.0,Debit Card,4.0,5,Laptop & Accessory,5,5,0,21.0,1.0,2.0,4.0,167.84,83.92,1.0,0.5,4-7,1
53698,1.0,Computer,1,21.0,UPI,3.0,4,Fashion,2,2,1,13.0,3.0,8.0,8.0,200.53,25.06625,4.0,0.375,8-14,1
53699,28.0,Mobile Phone,1,7.0,Credit Card,3.0,4,Grocery,2,8,0,,6.0,13.0,8.0,298.28,22.944615384615382,0.4482758620689655,0.46153846153846156,8-14,0
53700,31.0,Mobile Phone,1,7.0,Credit Card,4.0,4,Others,5,5,1,,2.0,2.0,6.0,322.01,161.005,0.0625,1.0,4-7,0
53701,29.0,Mobile Phone,1,7.0,Credit Card,3.0,2,Grocery,2,4,0,14.0,,2.0,1.0,272.32,136.16,0.06666666666666667,,0-3,0
53702,10.0,Mobile Phone,3,10.0,E wallet,3.0,4,Laptop & Accessory,4,5,1,17.0,1.0,2.0,,217.78,108.89,0.18181818181818182,0.5,,0
53703,1.0,Computer,3,7.0,Debit Card,3.0,6,Mobile Phone,3,3,0,13.0,2.0,2.0,1.0,138.59,69.295,1.0,1.0,0-3,1
53704,4.0,Mobile Phone,3,14.0,E wallet,4.0,4,Laptop & Accessory,5,9,0,15.0,2.0,2.0,3.0,172.79,86.395,0.4,1.0,0-3,0
53705,5.0,Mobile Phone,1,15.0,Debit Card,4.0,4,Grocery,4,5,0,12.0,,2.0,1.0,289.22,144.61,0.3333333333333333,,0-3,0
53706,8.0,Computer,1,7.0,UPI,4.0,4,Mobile Phone,5,7,0,15.0,2.0,2.0,4.0,154.96,77.48,0.2222222222222222,1.0,4-7,0
53707,1.0,Mobile Phone,1,15.0,Debit Card,3.0,5,Mobile Phone,4,3,0,13.0,1.0,2.0,1.0,137.61,68.805,1.0,0.5,0-3,1
53708,1.0,Mobile Phone,1,18.0,Debit Card,4.0,4,Mobile Phone,5,2,0,15.0,2.0,2.0,5.0,145.99,72.995,1.0,1.0,4-7,0
53709,10.0,Mobile Phone,1,11.0,Debit Card,3.0,5,Laptop & Accessory,2,3,0,17.0,2.0,2.0,9.0,183.1,91.55,0.18181818181818182,1.0,8-14,0
53710,10.0,Mobile Phone,3,23.0,E wallet,4.0,5,Laptop & Accessory,5,6,0,14.0,2.0,2.0,3.0,181.47,90.735,0.18181818181818182,1.0,0-3,0
53711,21.0,Mobile Phone,1,7.0,Cash on Delivery,4.0,4,Mobile Phone,2,9,0,13.0,2.0,2.0,3.0,159.2,79.6,0.09090909090909091,1.0,0-3,0
53712,1.0,Mobile Phone,3,16.0,Debit Card,4.0,5,Mobile Phone,5,5,0,13.0,2.0,3.0,3.0,169.0,56.333333333333336,1.5,0.6666666666666666,0-3,1
53713,11.0,Computer,1,12.0,Cash on Delivery,3.0,2,Mobile Phone,3,2,0,15.0,2.0,2.0,4.0,160.0,80.0,0.16666666666666666,1.0,4-7,0
53714,30.0,Mobile Phone,1,7.0,Debit Card,3.0,4,Mobile Phone,5,4,0,23.0,2.0,2.0,1.0,145.66,72.83,0.06451612903225806,1.0,0-3,0
53715,21.0,Mobile Phone,1,9.0,Credit Card,3.0,4,Grocery,3,5,0,,4.0,6.0,7.0,296.69,49.44833333333333,0.2727272727272727,0.6666666666666666,4-7,0
53716,1.0,Mobile Phone,3,11.0,Credit Card,3.0,4,Laptop & Accessory,3,3,1,13.0,2.0,2.0,4.0,166.62,83.31,1.0,1.0,4-7,0
53717,6.0,Mobile Phone,3,14.0,E wallet,4.0,4,Laptop & Accessory,2,6,0,13.0,2.0,2.0,,217.04,108.52,0.2857142857142857,1.0,,0
53718,8.0,Mobile Phone,1,7.0,Debit Card,3.0,5,Mobile Phone,4,7,0,18.0,2.0,2.0,3.0,157.94,78.97,0.2222222222222222,1.0,0-3,0
53719,15.0,Mobile Phone,1,12.0,Credit Card,3.0,2,Mobile Phone,3,4,1,13.0,2.0,2.0,4.0,146.27,73.135,0.125,1.0,4-7,0
53720,14.0,Computer,1,16.0,UPI,3.0,4,Laptop & Accessory,3,5,0,12.0,2.0,2.0,8.0,164.75,82.375,0.13333333333333333,1.0,8-14,0
53721,5.0,Mobile Phone,3,15.0,Debit Card,3.0,4,Fashion,2,3,0,19.0,3.0,,10.0,232.93,,,,8-14,0
53722,10.0,Mobile Phone,3,16.0,E wallet,3.0,4,Fashion,1,6,0,12.0,1.0,5.0,,225.96,45.192,0.45454545454545453,0.2,,1
53723,3.0,Computer,1,9.0,Debit Card,3.0,5,Mobile Phone,5,4,1,24.0,1.0,2.0,1.0,161.46,80.73,0.5,0.5,0-3,1
53724,1.0,Computer,1,7.0,Debit Card,4.0,2,Fashion,4,3,0,12.0,4.0,5.0,8.0,199.46,39.892,2.5,0.8,8-14,1
53725,19.0,Mobile Phone,1,27.0,Credit Card,4.0,6,Fashion,5,4,1,19.0,1.0,,8.0,233.51,,,,8-14,0
53726,5.0,Mobile Phone,2,15.0,Credit Card,4.0,2,Mobile Phone,4,11,0,19.0,1.0,2.0,3.0,146.09,73.045,0.3333333333333333,0.5,0-3,0
53727,1.0,Computer,1,9.0,Debit Card,4.0,4,Mobile Phone,1,8,1,14.0,3.0,3.0,3.0,162.22,54.07333333333333,1.5,1.0,0-3,1
53728,19.0,Mobile Phone,1,36.0,Cash on Delivery,3.0,4,Fashion,1,6,1,19.0,2.0,2.0,,218.8,109.4,0.1,1.0,,0
53729,22.0,Mobile Phone,3,14.0,E wallet,4.0,4,Laptop & Accessory,5,6,0,12.0,2.0,3.0,3.0,179.86,59.95333333333334,0.13043478260869565,0.6666666666666666,0-3,0
53730,1.0,Mobile Phone,2,16.0,Cash on Delivery,3.0,4,Mobile Phone,3,3,0,16.0,2.0,3.0,3.0,152.42,50.806666666666665,1.5,0.6666666666666666,0-3,1
53731,14.0,Computer,1,15.0,Credit Card,3.0,5,Fashion,4,4,0,12.0,,5.0,9.0,262.57,52.513999999999996,0.3333333333333333,,8-14,0
53732,2.0,Mobile Phone,3,12.0,Credit Card,3.0,4,Laptop & Accessory,5,2,0,19.0,2.0,2.0,,209.63,104.815,0.6666666666666666,1.0,,0
53733,18.0,Computer,1,12.0,Debit Card,3.0,5,Mobile Phone,3,5,0,15.0,1.0,2.0,4.0,156.62,78.31,0.10526315789473684,0.5,4-7,0
53734,27.0,Mobile Phone,1,9.0,Credit Card,3.0,2,Grocery,4,6,0,13.0,,9.0,9.0,290.98,32.33111111111111,0.32142857142857145,,8-14,0
53735,23.0,Mobile Phone,1,12.0,Cash on Delivery,4.0,4,Laptop & Accessory,3,4,0,15.0,1.0,2.0,3.0,191.51,95.755,0.08333333333333333,0.5,0-3,0
53736,14.0,Mobile Phone,1,9.0,Credit Card,4.0,4,Mobile Phone,3,4,0,15.0,1.0,2.0,3.0,148.45,74.225,0.13333333333333333,0.5,0-3,0
53737,18.0,Mobile Phone,1,27.0,Debit Card,3.0,4,Mobile Phone,4,3,0,14.0,2.0,2.0,4.0,159.2,79.6,0.10526315789473684,1.0,4-7,0
53738,7.0,Computer,3,14.0,Credit Card,3.0,4,Laptop & Accessory,5,2,0,15.0,1.0,2.0,4.0,168.73,84.365,0.25,0.5,4-7,0
53739,8.0,Mobile Phone,3,10.0,UPI,3.0,6,Laptop & Accessory,5,5,0,19.0,3.0,4.0,13.0,172.59,43.1475,0.4444444444444444,0.75,8-14,0
53740,4.0,Mobile Phone,3,23.0,Debit Card,4.0,4,Laptop & Accessory,3,10,0,16.0,1.0,3.0,3.0,178.01,59.336666666666666,0.6,0.3333333333333333,0-3,0
53741,16.0,Computer,1,16.0,Credit Card,4.0,4,Mobile Phone,1,3,0,14.0,5.0,6.0,9.0,161.73,26.955,0.35294117647058826,0.8333333333333334,8-14,0
53742,18.0,Computer,3,7.0,E wallet,4.0,4,Laptop & Accessory,3,9,0,13.0,2.0,2.0,1.0,172.68,86.34,0.10526315789473684,1.0,0-3,0
53743,4.0,Computer,1,14.0,Cash on Delivery,4.0,4,Mobile Phone,3,3,0,14.0,1.0,2.0,1.0,137.74,68.87,0.4,0.5,0-3,0
53744,51.0,Mobile Phone,1,7.0,Debit Card,4.0,2,Laptop & Accessory,3,2,0,25.0,2.0,3.0,9.0,174.0,58.0,0.057692307692307696,0.6666666666666666,8-14,0
53745,23.0,Mobile Phone,1,14.0,Debit Card,3.0,4,Fashion,4,5,0,15.0,1.0,2.0,,229.66,114.83,0.08333333333333333,0.5,,0
53746,8.0,Computer,1,22.0,Credit Card,4.0,4,Grocery,5,9,0,,3.0,7.0,10.0,295.07,42.152857142857144,0.7777777777777778,0.42857142857142855,8-14,0
53747,1.0,Computer,3,7.0,Cash on Delivery,4.0,4,Mobile Phone,3,5,0,16.0,2.0,2.0,3.0,154.09,77.045,1.0,1.0,0-3,1
53748,1.0,Computer,3,20.0,Cash on Delivery,3.0,4,Laptop & Accessory,4,7,0,12.0,1.0,2.0,1.0,182.65,91.325,1.0,0.5,0-3,1
53749,1.0,Mobile Phone,3,31.0,Credit Card,3.0,5,Laptop & Accessory,4,2,1,24.0,3.0,11.0,11.0,170.99,15.544545454545455,5.5,0.2727272727272727,8-14,1
53750,9.0,Mobile Phone,3,14.0,Debit Card,4.0,4,Mobile Phone,3,3,0,14.0,2.0,2.0,1.0,149.04,74.52,0.2,1.0,0-3,0
53751,1.0,Computer,1,16.0,Credit Card,3.0,4,Mobile Phone,5,4,1,12.0,1.0,2.0,1.0,156.72,78.36,1.0,0.5,0-3,1
53752,1.0,Computer,3,20.0,Debit Card,4.0,4,Mobile Phone,4,3,0,14.0,1.0,2.0,1.0,145.33,72.665,1.0,0.5,0-3,0
53753,18.0,Computer,1,9.0,Credit Card,3.0,4,Fashion,3,7,1,19.0,1.0,3.0,,227.09,75.69666666666667,0.15789473684210525,0.3333333333333333,,0
53754,3.0,Mobile Phone,3,26.0,Debit Card,4.0,5,Laptop & Accessory,3,3,0,15.0,2.0,2.0,,211.2,105.6,0.5,1.0,,0
53755,4.0,Mobile Phone,2,7.0,Debit Card,3.0,4,Mobile Phone,3,2,0,22.0,1.0,2.0,4.0,145.64,72.82,0.4,0.5,4-7,0
53756,29.0,Mobile Phone,1,11.0,Debit Card,2.0,4,Laptop & Accessory,3,2,1,17.0,1.0,2.0,3.0,165.35,82.675,0.06666666666666667,0.5,0-3,0
53757,7.0,Mobile Phone,1,11.0,Credit Card,3.0,5,Mobile Phone,4,10,0,12.0,1.0,2.0,3.0,163.38,81.69,0.25,0.5,0-3,0
53758,21.0,Mobile Phone,3,21.0,Credit Card,4.0,4,Laptop & Accessory,3,5,1,18.0,2.0,2.0,3.0,170.91,85.455,0.09090909090909091,1.0,0-3,0
53759,1.0,Computer,1,9.0,Credit Card,3.0,5,Mobile Phone,5,9,0,12.0,1.0,2.0,1.0,150.61,75.305,1.0,0.5,0-3,1
53760,2.0,Mobile Phone,1,7.0,Debit Card,4.0,5,Mobile Phone,3,3,0,15.0,1.0,2.0,1.0,140.63,70.315,0.6666666666666666,0.5,0-3,0
53761,2.0,Computer,3,14.0,Debit Card,3.0,4,Laptop & Accessory,5,2,0,15.0,2.0,2.0,4.0,173.98,86.99,0.6666666666666666,1.0,4-7,0
53762,23.0,Mobile Phone,1,10.0,Credit Card,3.0,5,Laptop & Accessory,5,6,0,26.0,2.0,2.0,3.0,172.89,86.445,0.08333333333333333,1.0,0-3,0
53763,3.0,Computer,1,9.0,Debit Card,4.0,4,Mobile Phone,4,2,0,14.0,1.0,2.0,3.0,156.8,78.4,0.5,0.5,0-3,0
53764,2.0,Mobile Phone,1,36.0,Debit Card,4.0,6,Laptop & Accessory,4,3,0,15.0,2.0,2.0,8.0,190.49,95.245,0.6666666666666666,1.0,8-14,0
53765,7.0,Mobile Phone,1,15.0,Debit Card,4.0,4,Laptop & Accessory,3,4,1,18.0,1.0,2.0,1.0,188.88,94.44,0.25,0.5,0-3,0
53766,6.0,Mobile Phone,1,17.0,Credit Card,1.0,4,Fashion,1,4,0,26.0,1.0,,1.0,237.44,,,,0-3,0
53767,28.0,Computer,1,18.0,Credit Card,3.0,4,Grocery,1,5,0,21.0,,2.0,13.0,285.32,142.66,0.06896551724137931,,8-14,0
53768,1.0,Mobile Phone,1,7.0,Cash on Delivery,4.0,5,Mobile Phone,5,8,0,14.0,1.0,2.0,8.0,148.62,74.31,1.0,0.5,8-14,1
53769,18.0,Mobile Phone,1,35.0,Debit Card,3.0,4,Grocery,5,5,0,14.0,,15.0,18.0,288.28,19.218666666666664,0.7894736842105263,,15+,0
53770,13.0,Mobile Phone,1,13.0,Debit Card,3.0,4,Fashion,4,6,0,19.0,1.0,3.0,3.0,208.76,69.58666666666666,0.21428571428571427,0.3333333333333333,0-3,0
53771,20.0,Mobile Phone,3,10.0,Debit Card,3.0,4,Grocery,4,10,0,13.0,,6.0,2.0,291.06,48.51,0.2857142857142857,,0-3,0
53772,9.0,Mobile Phone,1,23.0,Debit Card,4.0,5,Fashion,4,3,0,20.0,2.0,4.0,,211.06,52.765,0.4,0.5,,0
53773,1.0,Mobile Phone,1,27.0,Debit Card,4.0,4,Laptop & Accessory,3,2,0,15.0,2.0,2.0,3.0,147.72,73.86,1.0,1.0,0-3,0
53774,4.0,Mobile Phone,1,16.0,Debit Card,3.0,4,Mobile Phone,5,5,0,15.0,2.0,2.0,1.0,145.18,72.59,0.4,1.0,0-3,1
53775,8.0,Mobile Phone,3,7.0,Cash on Delivery,4.0,5,Fashion,3,3,1,15.0,8.0,9.0,7.0,195.83,21.75888888888889,1.0,0.8888888888888888,4-7,0
53776,1.0,Computer,1,10.0,Debit Card,3.0,4,Mobile Phone,3,3,0,13.0,7.0,8.0,8.0,165.84,20.73,4.0,0.875,8-14,1
53777,24.0,Computer,1,29.0,Credit Card,3.0,6,Grocery,1,3,1,14.0,,14.0,10.0,269.11,19.22214285714286,0.56,,8-14,0
53778,8.0,Mobile Phone,3,14.0,Cash on Delivery,3.0,4,Mobile Phone,3,2,1,26.0,1.0,6.0,8.0,148.08,24.680000000000003,0.6666666666666666,0.16666666666666666,8-14,0
53779,16.0,Mobile Phone,1,9.0,Credit Card,4.0,5,Mobile Phone,4,6,0,15.0,2.0,2.0,1.0,173.41,86.705,0.11764705882352941,1.0,0-3,0
53780,11.0,Mobile Phone,1,20.0,Credit Card,3.0,4,Laptop & Accessory,1,3,0,18.0,1.0,4.0,8.0,167.85,41.9625,0.3333333333333333,0.25,8-14,0
53781,3.0,Mobile Phone,1,15.0,UPI,3.0,6,Laptop & Accessory,5,5,0,14.0,1.0,2.0,,222.15,111.075,0.5,0.5,,0
53782,7.0,Mobile Phone,1,32.0,Debit Card,3.0,5,Laptop & Accessory,4,3,0,14.0,1.0,2.0,3.0,168.2,84.1,0.25,0.5,0-3,0
53783,19.0,Mobile Phone,1,35.0,Cash on Delivery,4.0,4,Mobile Phone,1,6,0,21.0,2.0,2.0,4.0,146.32,73.16,0.1,1.0,4-7,0
53784,16.0,Computer,1,9.0,Debit Card,3.0,4,Fashion,1,4,1,15.0,13.0,14.0,,226.24,16.16,0.8235294117647058,0.9285714285714286,,0
53785,14.0,Mobile Phone,3,16.0,Credit Card,3.0,4,Laptop & Accessory,5,2,0,13.0,3.0,8.0,2.0,179.73,22.46625,0.5333333333333333,0.375,0-3,0
53786,7.0,Mobile Phone,1,35.0,Debit Card,4.0,4,Laptop & Accessory,3,3,1,13.0,2.0,6.0,8.0,177.07,29.511666666666667,0.75,0.3333333333333333,8-14,0
53787,14.0,Mobile Phone,2,13.0,Credit Card,3.0,4,Grocery,1,3,1,22.0,,8.0,8.0,289.37,36.17125,0.5333333333333333,,8-14,0
53788,1.0,Mobile Phone,1,28.0,Cash on Delivery,3.0,5,Mobile Phone,5,2,0,15.0,1.0,2.0,1.0,147.96,73.98,1.0,0.5,0-3,0
53789,14.0,Computer,1,15.0,Debit Card,4.0,4,Laptop & Accessory,1,5,1,19.0,3.0,3.0,3.0,165.69,55.23,0.2,1.0,0-3,0
53790,19.0,Mobile Phone,1,7.0,Cash on Delivery,4.0,4,Fashion,4,3,0,13.0,7.0,8.0,8.0,199.41,24.92625,0.4,0.875,8-14,0
53791,9.0,Mobile Phone,3,7.0,Debit Card,4.0,5,Mobile Phone,3,2,0,24.0,3.0,5.0,3.0,149.3,29.860000000000003,0.5,0.6,0-3,0
53792,6.0,Mobile Phone,1,12.0,Debit Card,4.0,5,Laptop & Accessory,4,5,0,13.0,2.0,3.0,6.0,183.78,61.26,0.42857142857142855,0.6666666666666666,4-7,0
53793,10.0,Mobile Phone,3,9.0,Debit Card,4.0,4,Mobile Phone,1,5,1,22.0,1.0,2.0,3.0,151.44,75.72,0.18181818181818182,0.5,0-3,0
53794,22.0,Mobile Phone,3,23.0,Debit Card,4.0,4,Laptop & Accessory,3,10,0,15.0,2.0,8.0,8.0,189.39,23.67375,0.34782608695652173,0.25,8-14,0
53795,3.0,Mobile Phone,1,16.0,Debit Card,4.0,2,Mobile Phone,3,8,0,19.0,2.0,2.0,1.0,149.51,74.755,0.5,1.0,0-3,0
53796,7.0,Mobile Phone,3,15.0,Debit Card,3.0,4,Laptop & Accessory,5,4,0,14.0,3.0,3.0,3.0,188.92,62.97333333333333,0.375,1.0,0-3,0
53797,1.0,Mobile Phone,3,7.0,Debit Card,4.0,5,Laptop & Accessory,5,3,0,12.0,4.0,7.0,,222.14,31.73428571428571,3.5,0.5714285714285714,,1
53798,12.0,Computer,2,17.0,UPI,4.0,4,Laptop & Accessory,3,5,0,12.0,1.0,2.0,3.0,185.77,92.885,0.15384615384615385,0.5,0-3,0
53799,9.0,Mobile Phone,1,7.0,Credit Card,4.0,5,Mobile Phone,5,3,0,20.0,1.0,2.0,3.0,149.5,74.75,0.2,0.5,0-3,0
53800,4.0,Mobile Phone,3,36.0,Cash on Delivery,3.0,4,Fashion,4,5,0,13.0,1.0,2.0,,217.5,108.75,0.4,0.5,,0
53801,1.0,Mobile Phone,1,9.0,Debit Card,4.0,4,Mobile Phone,5,3,1,13.0,2.0,2.0,1.0,145.74,72.87,1.0,1.0,0-3,1
53802,17.0,Mobile Phone,1,9.0,Cash on Delivery,4.0,5,Fashion,1,2,0,17.0,2.0,2.0,,226.69,113.345,0.1111111111111111,1.0,,1
53803,2.0,Mobile Phone,1,9.0,Credit Card,3.0,4,Laptop & Accessory,4,6,0,12.0,1.0,2.0,5.0,173.55,86.775,0.6666666666666666,0.5,4-7,1
53804,6.0,Computer,1,7.0,Cash on Delivery,4.0,4,Laptop & Accessory,5,6,0,15.0,2.0,2.0,3.0,165.87,82.935,0.2857142857142857,1.0,0-3,0
53805,22.0,Mobile Phone,1,22.0,UPI,4.0,4,Mobile Phone,5,10,0,13.0,8.0,8.0,7.0,148.67,18.58375,0.34782608695652173,1.0,4-7,0
53806,8.0,Mobile Phone,1,14.0,Credit Card,3.0,4,Mobile Phone,1,3,0,14.0,1.0,2.0,1.0,154.72,77.36,0.2222222222222222,0.5,0-3,0
53807,29.0,Mobile Phone,3,33.0,E wallet,3.0,5,Others,1,3,0,,3.0,3.0,14.0,320.86,106.95333333333333,0.1,1.0,8-14,0
53808,8.0,Mobile Phone,1,7.0,Debit Card,3.0,4,Laptop & Accessory,1,11,0,18.0,2.0,3.0,2.0,179.84,59.946666666666665,0.3333333333333333,0.6666666666666666,0-3,0
53809,1.0,Mobile Phone,1,10.0,Debit Card,3.0,4,Mobile Phone,1,3,0,22.0,2.0,2.0,1.0,145.61,72.805,1.0,1.0,0-3,0
53810,12.0,Mobile Phone,3,21.0,Debit Card,4.0,4,Laptop & Accessory,4,2,0,12.0,6.0,8.0,,224.24,28.03,0.6153846153846154,0.75,,0
53811,12.0,Mobile Phone,3,23.0,Debit Card,3.0,4,Laptop & Accessory,4,4,0,13.0,1.0,2.0,3.0,166.98,83.49,0.15384615384615385,0.5,0-3,0
53812,10.0,Mobile Phone,3,7.0,Debit Card,4.0,4,Laptop & Accessory,3,8,0,14.0,2.0,2.0,1.0,193.15,96.575,0.18181818181818182,1.0,0-3,0
53813,3.0,Mobile Phone,1,10.0,Credit Card,3.0,4,Mobile Phone,5,3,1,19.0,1.0,2.0,6.0,172.23,86.115,0.5,0.5,4-7,0
53814,9.0,Mobile Phone,1,17.0,Credit Card,3.0,4,Laptop & Accessory,3,5,1,17.0,2.0,2.0,5.0,186.42,93.21,0.2,1.0,4-7,0
53815,13.0,Mobile Phone,3,13.0,Credit Card,3.0,2,Fashion,3,4,0,12.0,5.0,8.0,7.0,207.37,25.92125,0.5714285714285714,0.625,4-7,0
53816,3.0,Computer,1,9.0,Debit Card,3.0,4,Laptop & Accessory,1,3,0,20.0,1.0,2.0,,213.53,106.765,0.5,0.5,,0
53817,24.0,Mobile Phone,3,6.0,E wallet,3.0,4,Others,3,6,1,,1.0,2.0,1.0,318.31,159.155,0.08,0.5,0-3,0
53818,1.0,Mobile Phone,1,17.0,Cash on Delivery,3.0,2,Mobile Phone,3,4,0,17.0,3.0,3.0,3.0,145.73,48.57666666666666,1.5,1.0,0-3,0
53819,10.0,Computer,1,13.0,Debit Card,4.0,2,Laptop & Accessory,5,5,1,14.0,2.0,2.0,3.0,180.62,90.31,0.18181818181818182,1.0,0-3,0
53820,16.0,Mobile Phone,1,16.0,UPI,4.0,5,Others,1,10,0,,2.0,2.0,2.0,321.13,160.565,0.11764705882352941,1.0,0-3,0
53821,9.0,Mobile Phone,1,35.0,Debit Card,3.0,2,Laptop & Accessory,3,3,0,18.0,6.0,7.0,9.0,159.07,22.724285714285713,0.7,0.8571428571428571,8-14,0
53822,8.0,Computer,1,17.0,Cash on Delivery,4.0,5,Laptop & Accessory,3,3,0,15.0,3.0,8.0,8.0,175.63,21.95375,0.8888888888888888,0.375,8-14,0
53823,14.0,Mobile Phone,3,21.0,Debit Card,3.0,4,Laptop & Accessory,5,3,0,16.0,1.0,2.0,3.0,171.39,85.695,0.13333333333333333,0.5,0-3,0
53824,17.0,Mobile Phone,1,34.0,Cash on Delivery,3.0,2,Mobile Phone,4,7,0,13.0,2.0,2.0,3.0,173.76,86.88,0.1111111111111111,1.0,0-3,0
53825,9.0,Mobile Phone,1,14.0,Debit Card,4.0,5,Mobile Phone,1,3,0,19.0,2.0,2.0,2.0,151.9,75.95,0.2,1.0,0-3,0
53826,20.0,Mobile Phone,3,7.0,Debit Card,3.0,2,Grocery,5,3,0,,2.0,2.0,13.0,300.67,150.335,0.09523809523809523,1.0,8-14,0
53827,1.0,Mobile Phone,1,31.0,Credit Card,3.0,4,Mobile Phone,4,3,1,18.0,1.0,2.0,1.0,149.08,74.54,1.0,0.5,0-3,1
53828,1.0,Computer,1,33.0,UPI,3.0,5,Mobile Phone,3,3,1,15.0,1.0,2.0,4.0,153.14,76.57,1.0,0.5,4-7,0
53829,24.0,Computer,1,27.0,Credit Card,3.0,4,Grocery,3,4,1,16.0,4.0,,14.0,237.45,,,,8-14,0
53830,6.0,Mobile Phone,1,12.0,UPI,3.0,2,Mobile Phone,1,5,0,18.0,2.0,2.0,3.0,158.12,79.06,0.2857142857142857,1.0,0-3,0
53831,18.0,Mobile Phone,1,14.0,Credit Card,3.0,4,Others,1,2,1,,2.0,2.0,11.0,315.49,157.745,0.10526315789473684,1.0,8-14,0
53832,4.0,Mobile Phone,1,14.0,Credit Card,3.0,5,Mobile Phone,4,3,0,13.0,1.0,2.0,2.0,146.41,73.205,0.4,0.5,0-3,0
53833,19.0,Mobile Phone,1,12.0,Credit Card,3.0,6,Laptop & Accessory,5,3,1,15.0,2.0,2.0,5.0,182.69,91.345,0.1,1.0,4-7,0
53834,19.0,Computer,3,33.0,E wallet,3.0,5,Laptop & Accessory,5,3,0,16.0,1.0,5.0,6.0,168.85,33.769999999999996,0.25,0.2,4-7,0
53835,5.0,Computer,3,9.0,UPI,3.0,4,Laptop & Accessory,5,9,0,14.0,1.0,2.0,4.0,178.32,89.16,0.3333333333333333,0.5,4-7,0
53836,10.0,Mobile Phone,1,19.0,Debit Card,4.0,4,Laptop & Accessory,3,11,1,13.0,1.0,2.0,2.0,171.63,85.815,0.18181818181818182,0.5,0-3,0
53837,8.0,Computer,1,17.0,Debit Card,3.0,2,Laptop & Accessory,1,3,0,14.0,6.0,8.0,3.0,172.24,21.53,0.8888888888888888,0.75,0-3,0
53838,23.0,Mobile Phone,1,32.0,Debit Card,3.0,4,Mobile Phone,5,3,0,15.0,1.0,2.0,5.0,157.11,78.555,0.08333333333333333,0.5,4-7,0
53839,13.0,Mobile Phone,1,17.0,Credit Card,4.0,4,Laptop & Accessory,5,4,0,14.0,5.0,8.0,8.0,178.77,22.34625,0.5714285714285714,0.625,8-14,0
53840,1.0,Mobile Phone,1,26.0,UPI,4.0,5,Mobile Phone,5,3,0,12.0,1.0,2.0,8.0,165.66,82.83,1.0,0.5,8-14,0
53841,9.0,Mobile Phone,1,25.0,Debit Card,3.0,2,Laptop & Accessory,5,3,0,12.0,1.0,2.0,11.0,177.08,88.54,0.2,0.5,8-14,0
53842,2.0,Mobile Phone,1,34.0,Credit Card,3.0,6,Laptop & Accessory,5,2,0,22.0,2.0,2.0,1.0,25.0,12.5,0.6666666666666666,1.0,0-3,0
53843,1.0,Mobile Phone,1,12.0,Credit Card,4.0,4,Mobile Phone,1,3,0,19.0,2.0,3.0,3.0,156.17,52.056666666666665,1.5,0.6666666666666666,0-3,0
53844,1.0,Computer,3,10.0,Credit Card,4.0,4,Mobile Phone,1,3,1,13.0,1.0,2.0,1.0,140.69,70.345,1.0,0.5,0-3,1
53845,21.0,Mobile Phone,2,33.0,Debit Card,4.0,4,Others,3,5,0,,2.0,2.0,1.0,321.58,160.79,0.09090909090909091,1.0,0-3,0
53846,13.0,Mobile Phone,1,10.0,Credit Card,4.0,5,Laptop & Accessory,3,2,0,16.0,1.0,2.0,8.0,155.69,77.845,0.14285714285714285,0.5,8-14,0
53847,14.0,Mobile Phone,1,22.0,Debit Card,4.0,5,Fashion,3,3,0,14.0,2.0,15.0,,229.35,15.29,1.0,0.13333333333333333,,0
53848,9.0,Computer,1,15.0,Debit Card,3.0,4,Laptop & Accessory,3,3,0,13.0,3.0,3.0,10.0,166.48,55.49333333333333,0.3,1.0,8-14,0
53849,11.0,Mobile Phone,1,26.0,Debit Card,3.0,4,Laptop & Accessory,3,5,0,18.0,1.0,2.0,3.0,182.68,91.34,0.16666666666666666,0.5,0-3,0
53850,13.0,Computer,1,11.0,Credit Card,3.0,4,Laptop & Accessory,3,2,0,14.0,4.0,4.0,9.0,175.42,43.855,0.2857142857142857,1.0,8-14,0
53851,19.0,Mobile Phone,1,9.0,UPI,3.0,5,Laptop & Accessory,1,3,0,20.0,3.0,4.0,10.0,182.7,45.675,0.2,0.75,8-14,0
53852,12.0,Mobile Phone,1,9.0,Credit Card,3.0,5,Fashion,3,5,1,20.0,2.0,2.0,3.0,202.56,101.28,0.15384615384615385,1.0,0-3,0
53853,1.0,Mobile Phone,3,17.0,Credit Card,3.0,5,Fashion,5,11,0,18.0,5.0,7.0,,228.06,32.58,3.5,0.7142857142857143,,1
53854,11.0,Mobile Phone,1,17.0,Credit Card,4.0,4,Mobile Phone,4,3,0,12.0,2.0,8.0,8.0,164.36,20.545,0.6666666666666666,0.25,8-14,0
53855,14.0,Mobile Phone,1,23.0,Debit Card,3.0,4,Fashion,1,8,1,16.0,2.0,4.0,4.0,204.45,51.1125,0.26666666666666666,0.5,4-7,0
53856,18.0,Computer,2,7.0,UPI,3.0,4,Laptop & Accessory,1,6,1,12.0,2.0,2.0,3.0,182.43,91.215,0.10526315789473684,1.0,0-3,0
53857,22.0,Computer,1,11.0,Credit Card,3.0,5,Grocery,1,4,0,26.0,,3.0,3.0,277.02,92.33999999999999,0.13043478260869565,,0-3,0
53858,1.0,Mobile Phone,3,22.0,Credit Card,3.0,6,Laptop & Accessory,1,8,1,15.0,2.0,3.0,3.0,179.4,59.800000000000004,1.5,0.6666666666666666,0-3,1
53859,1.0,Computer,1,9.0,Cash on Delivery,3.0,4,Mobile Phone,1,3,1,14.0,2.0,2.0,4.0,162.6,81.3,1.0,1.0,4-7,0
53860,1.0,Mobile Phone,1,15.0,Credit Card,3.0,2,Mobile Phone,3,9,0,18.0,1.0,2.0,3.0,160.17,80.085,1.0,0.5,0-3,0
53861,1.0,Computer,1,9.0,Credit Card,3.0,4,Mobile Phone,1,4,0,14.0,1.0,2.0,3.0,150.8,75.4,1.0,0.5,0-3,0
53862,4.0,Mobile Phone,1,14.0,Debit Card,4.0,4,Mobile Phone,5,5,1,15.0,1.0,2.0,4.0,146.66,73.33,0.4,0.5,4-7,1
53863,3.0,Mobile Phone,3,17.0,Credit Card,3.0,5,Laptop & Accessory,3,11,0,12.0,2.0,2.0,5.0,183.69,91.845,0.5,1.0,4-7,0
53864,10.0,Mobile Phone,1,12.0,Debit Card,3.0,4,Fashion,5,6,0,13.0,2.0,2.0,3.0,205.08,102.54,0.18181818181818182,1.0,0-3,0
53865,1.0,Computer,1,9.0,Debit Card,4.0,2,Laptop & Accessory,3,3,0,18.0,1.0,2.0,8.0,177.06,88.53,1.0,0.5,8-14,0
53866,13.0,Mobile Phone,1,19.0,Credit Card,4.0,4,Laptop & Accessory,4,6,0,22.0,2.0,2.0,1.0,177.95,88.975,0.14285714285714285,1.0,0-3,0
53867,23.0,Mobile Phone,1,29.0,UPI,4.0,4,Grocery,4,5,0,17.0,,2.0,3.0,289.13,144.565,0.08333333333333333,,0-3,0
53868,24.0,Mobile Phone,1,24.0,Debit Card,3.0,5,Fashion,5,7,0,16.0,2.0,,12.0,257.69,,,,8-14,0
53869,1.0,Mobile Phone,3,9.0,Credit Card,3.0,4,Mobile Phone,3,3,0,20.0,1.0,3.0,3.0,152.83,50.943333333333335,1.5,0.3333333333333333,0-3,0
53870,8.0,Mobile Phone,1,10.0,Debit Card,4.0,4,Laptop & Accessory,4,3,0,13.0,8.0,8.0,10.0,179.33,22.41625,0.8888888888888888,1.0,8-14,0
53871,10.0,Mobile Phone,1,14.0,Debit Card,4.0,4,Mobile Phone,4,4,0,12.0,1.0,2.0,4.0,145.13,72.565,0.18181818181818182,0.5,4-7,0
53872,23.0,Mobile Phone,1,13.0,Debit Card,3.0,5,Grocery,3,4,1,20.0,,3.0,13.0,264.66,88.22000000000001,0.125,,8-14,0
53873,10.0,Computer,1,7.0,Credit Card,3.0,5,Laptop & Accessory,3,2,0,16.0,2.0,2.0,3.0,168.74,84.37,0.18181818181818182,1.0,0-3,0
53874,10.0,Mobile Phone,1,10.0,Debit Card,4.0,2,Laptop & Accessory,5,8,0,21.0,2.0,2.0,5.0,193.42,96.71,0.18181818181818182,1.0,4-7,0
53875,28.0,Mobile Phone,1,29.0,Credit Card,4.0,4,Grocery,3,5,0,,3.0,5.0,8.0,299.26,59.852,0.1724137931034483,0.6,8-14,0
53876,17.0,Mobile Phone,1,22.0,Debit Card,4.0,5,Grocery,3,3,0,,5.0,7.0,12.0,301.03,43.00428571428571,0.3888888888888889,0.7142857142857143,8-14,0
53877,1.0,Computer,3,19.0,UPI,3.0,4,Laptop & Accessory,1,5,1,25.0,4.0,7.0,8.0,170.81,24.40142857142857,3.5,0.5714285714285714,8-14,1
53878,12.0,Computer,1,7.0,Debit Card,3.0,4,Laptop & Accessory,1,9,0,16.0,3.0,3.0,10.0,172.35,57.449999999999996,0.23076923076923078,1.0,8-14,0
53879,3.0,Mobile Phone,3,12.0,Credit Card,3.0,5,Laptop & Accessory,4,3,1,14.0,1.0,2.0,10.0,166.87,83.435,0.5,0.5,8-14,0
53880,7.0,Mobile Phone,3,9.0,Credit Card,4.0,4,Laptop & Accessory,1,3,0,15.0,2.0,2.0,5.0,180.05,90.025,0.25,1.0,4-7,0
53881,6.0,Mobile Phone,1,9.0,Credit Card,3.0,4,Laptop & Accessory,4,2,0,14.0,1.0,2.0,7.0,179.7,89.85,0.2857142857142857,0.5,4-7,0
53882,5.0,Mobile Phone,3,12.0,Debit Card,4.0,4,Laptop & Accessory,1,3,0,12.0,1.0,2.0,3.0,179.76,89.88,0.3333333333333333,0.5,0-3,0
53883,23.0,Mobile Phone,1,23.0,Credit Card,4.0,4,Mobile Phone,5,6,1,17.0,2.0,3.0,3.0,150.87,50.29,0.125,0.6666666666666666,0-3,0
53884,12.0,Computer,1,9.0,Credit Card,3.0,5,Mobile Phone,4,3,0,23.0,2.0,4.0,4.0,149.4,37.35,0.3076923076923077,0.5,4-7,0
53885,21.0,Mobile Phone,3,9.0,Debit Card,3.0,2,Grocery,4,8,0,15.0,,2.0,3.0,284.72,142.36,0.09090909090909091,,0-3,0
53886,23.0,Mobile Phone,1,7.0,Debit Card,3.0,4,Grocery,3,6,0,15.0,,2.0,1.0,278.79,139.395,0.08333333333333333,,0-3,0
53887,15.0,Mobile Phone,3,30.0,Debit Card,4.0,4,Fashion,3,5,1,17.0,1.0,2.0,3.0,195.82,97.91,0.125,0.5,0-3,0
53888,1.0,Mobile Phone,3,16.0,Debit Card,3.0,4,Mobile Phone,5,3,0,12.0,1.0,2.0,3.0,152.28,76.14,1.0,0.5,0-3,0
53889,7.0,Computer,3,23.0,Debit Card,3.0,4,Laptop & Accessory,1,3,1,26.0,1.0,2.0,3.0,178.68,89.34,0.25,0.5,0-3,0
53890,10.0,Mobile Phone,1,33.0,Debit Card,4.0,4,Laptop & Accessory,3,8,0,15.0,2.0,2.0,3.0,178.47,89.235,0.18181818181818182,1.0,0-3,0
53891,18.0,Mobile Phone,2,7.0,Debit Card,3.0,4,Mobile Phone,1,6,1,19.0,3.0,3.0,3.0,156.95,52.31666666666666,0.15789473684210525,1.0,0-3,0
53892,1.0,Mobile Phone,1,15.0,Credit Card,4.0,5,Mobile Phone,3,3,1,12.0,2.0,2.0,3.0,164.89,82.445,1.0,1.0,0-3,1
53893,12.0,Mobile Phone,1,11.0,Credit Card,3.0,4,Mobile Phone,3,9,0,20.0,1.0,2.0,1.0,158.06,79.03,0.15384615384615385,0.5,0-3,0
53894,27.0,Mobile Phone,1,31.0,Credit Card,3.0,2,Fashion,1,5,0,16.0,1.0,2.0,3.0,195.05,97.525,0.07142857142857142,0.5,0-3,0
53895,12.0,Computer,3,14.0,Credit Card,4.0,4,Mobile Phone,3,4,1,12.0,5.0,8.0,8.0,151.55,18.94375,0.6153846153846154,0.625,8-14,1
53896,1.0,Mobile Phone,1,9.0,Debit Card,4.0,4,Mobile Phone,4,3,0,13.0,2.0,2.0,1.0,138.93,69.465,1.0,1.0,0-3,1
53897,1.0,Computer,1,14.0,Credit Card,4.0,4,Mobile Phone,1,3,0,21.0,6.0,6.0,8.0,150.7,25.116666666666664,3.0,1.0,8-14,0
53898,29.0,Mobile Phone,1,29.0,Cash on Delivery,4.0,5,Mobile Phone,4,7,0,13.0,2.0,2.0,3.0,160.37,80.185,0.06666666666666667,1.0,0-3,0
53899,8.0,Mobile Phone,1,12.0,Credit Card,3.0,5,Laptop & Accessory,1,3,0,15.0,5.0,5.0,14.0,164.86,32.972,0.5555555555555556,1.0,8-14,0
53900,31.0,Mobile Phone,1,7.0,Credit Card,4.0,6,Fashion,1,5,0,21.0,1.0,,1.0,233.83,,,,0-3,0
53901,7.0,Mobile Phone,1,28.0,Credit Card,4.0,2,Mobile Phone,4,3,0,19.0,3.0,3.0,14.0,145.28,48.42666666666667,0.375,1.0,8-14,0
53902,11.0,Computer,3,7.0,Credit Card,3.0,6,Laptop & Accessory,1,3,0,15.0,1.0,2.0,,220.25,110.125,0.16666666666666666,0.5,,0
53903,8.0,Mobile Phone,1,26.0,Debit Card,3.0,5,Mobile Phone,1,3,0,13.0,4.0,9.0,8.0,154.29,17.14333333333333,1.0,0.4444444444444444,8-14,0
53904,1.0,Mobile Phone,3,14.0,Debit Card,3.0,4,Mobile Phone,1,3,1,22.0,2.0,2.0,3.0,147.75,73.875,1.0,1.0,0-3,1
53905,18.0,Mobile Phone,1,9.0,Debit Card,4.0,2,Fashion,1,3,1,20.0,7.0,7.0,8.0,203.79,29.11285714285714,0.3684210526315789,1.0,8-14,0
53906,9.0,Computer,1,9.0,Credit Card,4.0,5,Mobile Phone,1,2,1,15.0,2.0,2.0,5.0,174.3,87.15,0.2,1.0,4-7,0
53907,17.0,Mobile Phone,3,9.0,Credit Card,4.0,4,Laptop & Accessory,1,3,1,18.0,1.0,9.0,9.0,203.47,22.607777777777777,0.5,0.1111111111111111,8-14,0
53908,1.0,Mobile Phone,1,16.0,Credit Card,4.0,2,Mobile Phone,3,3,0,17.0,1.0,2.0,5.0,169.01,84.505,1.0,0.5,4-7,0
53909,15.0,Mobile Phone,3,13.0,E wallet,3.0,4,Fashion,3,3,0,13.0,7.0,9.0,,217.41,24.156666666666666,0.5625,0.7777777777777778,,0
53910,3.0,Mobile Phone,1,16.0,Credit Card,3.0,4,Mobile Phone,3,11,0,18.0,2.0,2.0,3.0,154.74,77.37,0.5,1.0,0-3,0
53911,10.0,Mobile Phone,3,9.0,Debit Card,3.0,4,Laptop & Accessory,1,5,0,16.0,4.0,7.0,8.0,170.02,24.28857142857143,0.6363636363636364,0.5714285714285714,8-14,0
53912,19.0,Computer,1,7.0,Debit Card,4.0,5,Fashion,3,5,0,24.0,4.0,,5.0,232.48,,,,4-7,0
53913,1.0,Mobile Phone,2,29.0,UPI,3.0,6,Mobile Phone,3,3,0,12.0,1.0,2.0,1.0,140.55,70.275,1.0,0.5,0-3,1
53914,11.0,Computer,3,16.0,Debit Card,3.0,6,Grocery,3,9,0,12.0,2.0,,11.0,254.36,,,,8-14,1
53915,1.0,Mobile Phone,1,24.0,Credit Card,4.0,6,Mobile Phone,3,3,0,16.0,1.0,2.0,3.0,148.05,74.025,1.0,0.5,0-3,0
53916,19.0,Mobile Phone,1,35.0,Cash on Delivery,3.0,5,Grocery,4,3,0,,4.0,9.0,7.0,292.04,32.44888888888889,0.45,0.4444444444444444,4-7,0
53917,6.0,Computer,1,17.0,Debit Card,3.0,4,Mobile Phone,3,8,0,14.0,1.0,2.0,4.0,159.33,79.665,0.2857142857142857,0.5,4-7,0
53918,5.0,Mobile Phone,1,9.0,Debit Card,4.0,4,Mobile Phone,3,3,0,15.0,1.0,2.0,4.0,159.77,79.885,0.3333333333333333,0.5,4-7,0
53919,15.0,Computer,2,11.0,UPI,3.0,6,Laptop & Accessory,4,8,0,20.0,1.0,2.0,3.0,189.3,94.65,0.125,0.5,0-3,0
53920,14.0,Mobile Phone,1,15.0,Debit Card,4.0,4,Laptop & Accessory,5,4,1,17.0,1.0,2.0,1.0,190.16,95.08,0.13333333333333333,0.5,0-3,0
53921,1.0,Mobile Phone,1,36.0,Credit Card,4.0,4,Mobile Phone,5,3,0,14.0,2.0,2.0,3.0,164.07,82.035,1.0,1.0,0-3,0
53922,20.0,Mobile Phone,1,20.0,Debit Card,3.0,4,Laptop & Accessory,4,8,0,15.0,2.0,2.0,10.0,180.62,90.31,0.09523809523809523,1.0,8-14,0
53923,9.0,Mobile Phone,1,34.0,Debit Card,3.0,4,Laptop & Accessory,3,4,0,17.0,1.0,2.0,8.0,193.83,96.915,0.2,0.5,8-14,0
53924,4.0,Mobile Phone,1,23.0,Debit Card,3.0,4,Mobile Phone,1,3,0,13.0,1.0,2.0,9.0,153.62,76.81,0.4,0.5,8-14,0
53925,21.0,Computer,3,9.0,E wallet,3.0,4,Laptop & Accessory,4,9,0,12.0,1.0,2.0,1.0,174.78,87.39,0.09090909090909091,0.5,0-3,0
53926,20.0,Mobile Phone,3,9.0,Debit Card,4.0,4,Fashion,1,6,1,13.0,1.0,2.0,,228.68,114.34,0.09523809523809523,0.5,,0
53927,1.0,Mobile Phone,3,20.0,E wallet,4.0,5,Laptop & Accessory,5,7,1,14.0,3.0,3.0,3.0,186.34,62.11333333333334,1.5,1.0,0-3,1
53928,1.0,Mobile Phone,3,7.0,Debit Card,3.0,6,Laptop & Accessory,4,8,0,16.0,1.0,2.0,1.0,192.35,96.175,1.0,0.5,0-3,1
53929,1.0,Mobile Phone,1,11.0,Credit Card,3.0,4,Mobile Phone,4,3,0,14.0,2.0,2.0,3.0,157.95,78.975,1.0,1.0,0-3,0
53930,5.0,Computer,1,31.0,Cash on Delivery,2.0,4,Laptop & Accessory,1,4,0,21.0,2.0,2.0,5.0,177.38,88.69,0.3333333333333333,1.0,4-7,0
53931,13.0,Computer,1,7.0,Debit Card,4.0,4,Laptop & Accessory,1,3,1,16.0,4.0,6.0,9.0,189.72,31.62,0.42857142857142855,0.6666666666666666,8-14,0
53932,6.0,Mobile Phone,3,26.0,Debit Card,4.0,6,Fashion,3,5,0,14.0,2.0,2.0,,221.1,110.55,0.2857142857142857,1.0,,0
53933,14.0,Mobile Phone,3,14.0,Credit Card,3.0,4,Others,4,3,0,,2.0,13.0,9.0,323.33,24.87153846153846,0.8666666666666667,0.15384615384615385,8-14,0
53934,19.0,Mobile Phone,2,11.0,Debit Card,3.0,6,Fashion,3,6,0,22.0,2.0,2.0,,222.56,111.28,0.1,1.0,,0
53935,4.0,Computer,1,9.0,Cash on Delivery,4.0,5,Mobile Phone,5,2,0,17.0,1.0,2.0,8.0,174.68,87.34,0.4,0.5,8-14,0
53936,1.0,Computer,2,17.0,Credit Card,3.0,4,Mobile Phone,1,2,0,15.0,2.0,3.0,2.0,146.45,48.81666666666666,1.5,0.6666666666666666,0-3,0
53937,1.0,Computer,2,15.0,UPI,4.0,5,Mobile Phone,1,8,0,12.0,2.0,2.0,3.0,146.8,73.4,1.0,1.0,0-3,1
53938,5.0,Mobile Phone,3,12.0,Cash on Delivery,3.0,4,Laptop & Accessory,3,3,0,20.0,1.0,2.0,3.0,208.46,104.23,0.3333333333333333,0.5,0-3,0
53939,1.0,Mobile Phone,1,15.0,Credit Card,4.0,4,Mobile Phone,1,3,0,12.0,2.0,2.0,5.0,159.45,79.725,1.0,1.0,4-7,0
53940,1.0,Mobile Phone,3,16.0,E wallet,3.0,6,Mobile Phone,4,3,0,14.0,2.0,3.0,3.0,152.6,50.86666666666667,1.5,0.6666666666666666,0-3,1
53941,3.0,Computer,1,7.0,Debit Card,4.0,2,Laptop & Accessory,3,10,1,13.0,1.0,2.0,3.0,187.94,93.97,0.5,0.5,0-3,0
53942,4.0,Mobile Phone,3,22.0,E wallet,4.0,5,Fashion,5,4,0,12.0,1.0,2.0,8.0,196.4,98.2,0.4,0.5,8-14,0
53943,8.0,Mobile Phone,1,9.0,Credit Card,4.0,2,Mobile Phone,1,2,1,15.0,1.0,2.0,3.0,154.32,77.16,0.2222222222222222,0.5,0-3,0
53944,7.0,Computer,3,9.0,E wallet,4.0,4,Laptop & Accessory,4,10,0,16.0,1.0,2.0,8.0,176.47,88.235,0.25,0.5,8-14,0
53945,23.0,Mobile Phone,3,18.0,E wallet,4.0,4,Laptop & Accessory,1,5,0,13.0,1.0,2.0,5.0,170.07,85.035,0.08333333333333333,0.5,4-7,0
53946,1.0,Mobile Phone,3,23.0,Debit Card,4.0,4,Fashion,5,4,1,21.0,1.0,2.0,,210.64,105.32,1.0,0.5,,1
53947,12.0,Computer,1,9.0,Credit Card,4.0,5,Mobile Phone,4,6,0,15.0,1.0,2.0,6.0,149.68,74.84,0.15384615384615385,0.5,4-7,0
53948,1.0,Mobile Phone,3,23.0,E wallet,4.0,4,Fashion,3,4,0,14.0,2.0,2.0,1.0,206.61,103.305,1.0,1.0,0-3,1
53949,3.0,Mobile Phone,1,11.0,Cash on Delivery,4.0,5,Mobile Phone,5,3,0,14.0,1.0,2.0,1.0,146.09,73.045,0.5,0.5,0-3,0
53950,1.0,Mobile Phone,1,23.0,Debit Card,3.0,2,Laptop & Accessory,3,5,0,17.0,2.0,2.0,8.0,177.94,88.97,1.0,1.0,8-14,0
53951,6.0,Computer,1,12.0,Cash on Delivery,4.0,4,Mobile Phone,4,4,0,15.0,2.0,2.0,8.0,152.18,76.09,0.2857142857142857,1.0,8-14,0
53952,12.0,Mobile Phone,1,25.0,Credit Card,3.0,6,Laptop & Accessory,1,5,1,17.0,1.0,2.0,1.0,183.11,91.555,0.15384615384615385,0.5,0-3,0
53953,7.0,Computer,1,24.0,Cash on Delivery,3.0,5,Mobile Phone,3,11,1,17.0,2.0,2.0,1.0,149.37,74.685,0.25,1.0,0-3,1
53954,16.0,Mobile Phone,1,19.0,Credit Card,3.0,4,Mobile Phone,4,10,0,23.0,2.0,2.0,5.0,152.66,76.33,0.11764705882352941,1.0,4-7,0
53955,29.0,Mobile Phone,1,9.0,Credit Card,3.0,5,Others,5,10,0,,1.0,2.0,1.0,315.38,157.69,0.06666666666666667,0.5,0-3,0
53956,7.0,Computer,1,11.0,Cash on Delivery,3.0,4,Laptop & Accessory,4,7,0,16.0,1.0,2.0,8.0,155.55,77.775,0.25,0.5,8-14,0
53957,15.0,Mobile Phone,1,16.0,Debit Card,4.0,4,Mobile Phone,5,3,0,21.0,2.0,2.0,5.0,147.89,73.945,0.125,1.0,4-7,0
53958,8.0,Computer,3,17.0,Debit Card,3.0,4,Laptop & Accessory,3,3,1,15.0,2.0,2.0,8.0,165.01,82.505,0.2222222222222222,1.0,8-14,0
53959,27.0,Computer,1,7.0,Credit Card,3.0,5,Grocery,3,6,1,21.0,1.0,,3.0,254.65,,,,0-3,0
53960,17.0,Mobile Phone,2,9.0,Debit Card,4.0,4,Mobile Phone,1,2,0,14.0,1.0,2.0,9.0,160.39,80.195,0.1111111111111111,0.5,8-14,0
53961,8.0,Mobile Phone,3,10.0,Debit Card,3.0,6,Laptop & Accessory,1,7,0,13.0,2.0,3.0,3.0,185.29,61.76333333333333,0.3333333333333333,0.6666666666666666,0-3,0
53962,1.0,Mobile Phone,3,14.0,E wallet,3.0,4,Mobile Phone,4,3,0,14.0,2.0,2.0,1.0,151.79,75.895,1.0,1.0,0-3,1
53963,12.0,Mobile Phone,1,13.0,UPI,3.0,5,Mobile Phone,3,3,0,12.0,1.0,2.0,5.0,162.02,81.01,0.15384615384615385,0.5,4-7,0
53964,1.0,Mobile Phone,1,15.0,Credit Card,4.0,4,Mobile Phone,5,3,1,18.0,1.0,2.0,1.0,148.98,74.49,1.0,0.5,0-3,1
53965,5.0,Mobile Phone,3,36.0,E wallet,4.0,5,Laptop & Accessory,1,3,0,15.0,3.0,6.0,8.0,179.68,29.94666666666667,1.0,0.5,8-14,0
53966,25.0,Mobile Phone,1,10.0,Cash on Delivery,3.0,4,Fashion,3,4,0,12.0,3.0,,3.0,256.16,,,,0-3,0
53967,11.0,Mobile Phone,3,16.0,E wallet,3.0,5,Laptop & Accessory,4,3,0,15.0,1.0,2.0,4.0,166.89,83.445,0.16666666666666666,0.5,4-7,0
53968,20.0,Mobile Phone,1,9.0,Credit Card,3.0,4,Others,1,9,1,,2.0,3.0,3.0,318.28,106.09333333333332,0.14285714285714285,0.6666666666666666,0-3,0
53969,10.0,Mobile Phone,1,17.0,Debit Card,3.0,4,Fashion,5,9,1,14.0,2.0,6.0,8.0,208.21,34.70166666666667,0.5454545454545454,0.3333333333333333,8-14,0
53970,8.0,Computer,1,7.0,Credit Card,3.0,4,Mobile Phone,4,3,1,13.0,2.0,3.0,4.0,148.42,49.47333333333333,0.3333333333333333,0.6666666666666666,4-7,1
53971,11.0,Mobile Phone,2,15.0,UPI,3.0,4,Laptop & Accessory,4,4,0,14.0,5.0,5.0,8.0,165.71,33.142,0.4166666666666667,1.0,8-14,0
53972,1.0,Mobile Phone,3,34.0,Debit Card,3.0,4,Laptop & Accessory,1,3,1,19.0,1.0,8.0,8.0,183.13,22.89125,4.0,0.125,8-14,1
53973,7.0,Mobile Phone,1,15.0,Debit Card,3.0,2,Mobile Phone,5,8,0,20.0,7.0,8.0,7.0,156.43,19.55375,1.0,0.875,4-7,0
53974,2.0,Mobile Phone,1,7.0,Debit Card,3.0,4,Mobile Phone,1,3,0,12.0,1.0,2.0,4.0,145.44,72.72,0.6666666666666666,0.5,4-7,0
53975,13.0,Mobile Phone,1,17.0,Credit Card,4.0,4,Fashion,3,9,0,22.0,3.0,,3.0,259.64,,,,0-3,0
53976,20.0,Computer,3,33.0,Debit Card,4.0,5,Laptop & Accessory,4,10,0,16.0,3.0,3.0,3.0,204.91,68.30333333333333,0.14285714285714285,1.0,0-3,0
53977,14.0,Mobile Phone,1,9.0,Debit Card,3.0,4,Mobile Phone,5,6,0,18.0,2.0,2.0,3.0,158.77,79.385,0.13333333333333333,1.0,0-3,0
53978,16.0,Mobile Phone,1,20.0,Credit Card,4.0,2,Laptop & Accessory,5,7,0,19.0,2.0,2.0,1.0,180.38,90.19,0.11764705882352941,1.0,0-3,0
53979,9.0,Computer,1,9.0,Credit Card,3.0,4,Laptop & Accessory,1,4,0,15.0,1.0,2.0,8.0,182.62,91.31,0.2,0.5,8-14,0
53980,12.0,Computer,2,9.0,UPI,4.0,4,Mobile Phone,4,7,0,14.0,4.0,4.0,9.0,150.92,37.73,0.3076923076923077,1.0,8-14,0
53981,1.0,Computer,1,16.0,Debit Card,4.0,4,Laptop & Accessory,5,6,0,18.0,1.0,2.0,8.0,178.46,89.23,1.0,0.5,8-14,1
53982,1.0,Mobile Phone,1,17.0,Credit Card,3.0,4,Laptop & Accessory,5,3,0,16.0,1.0,2.0,9.0,167.13,83.565,1.0,0.5,8-14,1
53983,13.0,Computer,3,27.0,Debit Card,3.0,4,Laptop & Accessory,1,4,0,19.0,2.0,3.0,3.0,166.27,55.42333333333334,0.21428571428571427,0.6666666666666666,0-3,0
53984,17.0,Computer,1,16.0,Debit Card,3.0,4,Mobile Phone,3,6,0,14.0,1.0,2.0,3.0,149.38,74.69,0.1111111111111111,0.5,0-3,0
53985,15.0,Mobile Phone,1,12.0,Debit Card,3.0,2,Laptop & Accessory,4,5,0,13.0,2.0,2.0,3.0,193.7,96.85,0.125,1.0,0-3,0
53986,15.0,Mobile Phone,3,11.0,E wallet,3.0,4,Fashion,3,2,1,14.0,1.0,14.0,,229.47,16.390714285714285,0.875,0.07142857142857142,,0
53987,4.0,Mobile Phone,1,17.0,Credit Card,4.0,4,Fashion,3,11,0,15.0,1.0,2.0,,221.67,110.835,0.4,0.5,,0
53988,1.0,Mobile Phone,2,27.0,Credit Card,4.0,4,Mobile Phone,4,2,1,12.0,1.0,2.0,5.0,146.48,73.24,1.0,0.5,4-7,1
53989,10.0,Mobile Phone,1,28.0,Credit Card,4.0,4,Laptop & Accessory,4,6,0,23.0,2.0,4.0,,214.26,53.565,0.36363636363636365,0.5,,1
53990,14.0,Mobile Phone,1,7.0,Debit Card,3.0,4,Laptop & Accessory,1,6,0,18.0,1.0,2.0,4.0,190.13,95.065,0.13333333333333333,0.5,4-7,0
53991,8.0,Mobile Phone,3,15.0,Cash on Delivery,4.0,2,Laptop & Accessory,3,3,0,22.0,1.0,5.0,9.0,192.99,38.598,0.5555555555555556,0.2,8-14,0
53992,31.0,Computer,3,9.0,Credit Card,3.0,4,Grocery,4,6,0,23.0,11.0,15.0,15.0,25.0,1.6666666666666667,0.46875,0.7333333333333333,15+,0
53993,9.0,Mobile Phone,1,30.0,Credit Card,4.0,6,Mobile Phone,3,2,0,17.0,2.0,2.0,4.0,152.05,76.025,0.2,1.0,4-7,0
53994,21.0,Mobile Phone,1,11.0,Debit Card,4.0,5,Fashion,4,10,1,13.0,3.0,15.0,,228.33,15.222000000000001,0.6818181818181818,0.2,,0
53995,14.0,Mobile Phone,1,19.0,Debit Card,3.0,4,Laptop & Accessory,5,4,0,13.0,8.0,8.0,8.0,169.48,21.185,0.5333333333333333,1.0,8-14,0
53996,28.0,Mobile Phone,1,14.0,Credit Card,4.0,4,Laptop & Accessory,1,6,0,16.0,2.0,2.0,8.0,193.54,96.77,0.06896551724137931,1.0,8-14,0
53997,5.0,Computer,3,14.0,E wallet,4.0,4,Fashion,5,4,0,15.0,3.0,3.0,,221.37,73.79,0.5,1.0,,0
53998,2.0,Mobile Phone,1,7.0,Credit Card,4.0,4,Mobile Phone,5,3,0,26.0,2.0,2.0,3.0,160.91,80.455,0.6666666666666666,1.0,0-3,0
53999,12.0,Mobile Phone,3,9.0,E wallet,4.0,6,Laptop & Accessory,1,4,1,21.0,1.0,2.0,4.0,179.05,89.525,0.15384615384615385,0.5,4-7,0
54000,1.0,Mobile Phone,3,17.0,Credit Card,3.0,4,Laptop & Accessory,1,3,0,14.0,1.0,2.0,3.0,171.84,85.92,1.0,0.5,0-3,0
54001,31.0,Computer,1,22.0,Debit Card,3.0,4,Grocery,3,4,1,15.0,,3.0,3.0,282.87,94.29,0.09375,,0-3,0
54002,1.0,Computer,1,21.0,Credit Card,3.0,4,Mobile Phone,3,3,0,17.0,2.0,2.0,1.0,140.14,70.07,1.0,1.0,0-3,0
54003,1.0,Mobile Phone,2,25.0,UPI,3.0,2,Mobile Phone,5,2,0,18.0,2.0,2.0,1.0,154.56,77.28,1.0,1.0,0-3,1
54004,1.0,Mobile Phone,2,20.0,UPI,3.0,5,Mobile Phone,5,6,1,16.0,2.0,3.0,1.0,148.35,49.449999999999996,1.5,0.6666666666666666,0-3,1
54005,19.0,Computer,3,9.0,Debit Card,4.0,4,Laptop & Accessory,3,6,0,23.0,4.0,6.0,8.0,176.54,29.423333333333332,0.3,0.6666666666666666,8-14,0
54006,10.0,Mobile Phone,1,9.0,UPI,4.0,4,Laptop & Accessory,4,6,1,23.0,1.0,2.0,1.0,194.62,97.31,0.18181818181818182,0.5,0-3,0
54007,17.0,Computer,3,9.0,Debit Card,4.0,4,Laptop & Accessory,1,3,0,21.0,6.0,8.0,8.0,181.75,22.71875,0.4444444444444444,0.75,8-14,0
54008,1.0,Computer,1,12.0,Debit Card,3.0,4,Mobile Phone,1,2,1,15.0,2.0,2.0,3.0,148.79,74.395,1.0,1.0,0-3,0
54009,3.0,Computer,1,27.0,Credit Card,3.0,4,Mobile Phone,1,3,0,14.0,2.0,4.0,11.0,163.12,40.78,1.0,0.5,8-14,0
54010,6.0,Computer,3,17.0,E wallet,4.0,4,Laptop & Accessory,1,10,0,14.0,2.0,2.0,1.0,171.48,85.74,0.2857142857142857,1.0,0-3,0
54011,16.0,Computer,1,17.0,Cash on Delivery,3.0,4,Mobile Phone,3,5,0,23.0,2.0,4.0,4.0,154.36,38.59,0.23529411764705882,0.5,4-7,0
54012,21.0,Mobile Phone,1,16.0,Debit Card,4.0,4,Mobile Phone,3,6,0,13.0,2.0,3.0,1.0,146.05,48.68333333333334,0.13636363636363635,0.6666666666666666,0-3,0
54013,20.0,Mobile Phone,1,9.0,Debit Card,3.0,4,Fashion,1,5,0,15.0,2.0,5.0,,210.78,42.156,0.23809523809523808,0.4,,0
54014,2.0,Computer,2,7.0,Debit Card,3.0,4,Mobile Phone,1,3,0,16.0,1.0,3.0,3.0,152.06,50.68666666666667,1.0,0.3333333333333333,0-3,0
54015,3.0,Mobile Phone,1,36.0,Debit Card,4.0,6,Laptop & Accessory,3,10,0,18.0,2.0,2.0,7.0,188.84,94.42,0.5,1.0,4-7,0
54016,16.0,Mobile Phone,1,15.0,Debit Card,3.0,4,Mobile Phone,3,6,0,14.0,2.0,2.0,1.0,164.68,82.34,0.11764705882352941,1.0,0-3,0
54017,1.0,Mobile Phone,3,9.0,E wallet,3.0,5,Laptop & Accessory,4,9,1,13.0,3.0,3.0,,224.07,74.69,1.5,1.0,,1
54018,20.0,Mobile Phone,3,10.0,Cash on Delivery,3.0,2,Grocery,5,4,0,13.0,2.0,,9.0,257.25,,,,8-14,0
54019,1.0,Mobile Phone,3,30.0,Credit Card,3.0,5,Laptop & Accessory,3,3,0,22.0,5.0,6.0,9.0,160.4,26.733333333333334,3.0,0.8333333333333334,8-14,0
54020,3.0,Mobile Phone,2,13.0,Credit Card,3.0,5,Mobile Phone,4,3,0,12.0,2.0,2.0,1.0,153.04,76.52,0.5,1.0,0-3,0
54021,17.0,Mobile Phone,1,13.0,Credit Card,3.0,5,Others,3,9,0,,4.0,7.0,15.0,318.92,45.56,0.3888888888888889,0.5714285714285714,15+,0
54022,22.0,Mobile Phone,1,17.0,Debit Card,4.0,5,Others,4,6,0,,4.0,13.0,10.0,321.65,24.74230769230769,0.5652173913043478,0.3076923076923077,8-14,0
54023,1.0,Computer,1,31.0,Debit Card,4.0,5,Mobile Phone,1,3,1,25.0,2.0,2.0,1.0,149.39,74.695,1.0,1.0,0-3,1
54024,10.0,Mobile Phone,3,17.0,Debit Card,4.0,4,Fashion,4,7,0,22.0,1.0,2.0,8.0,198.14,99.07,0.18181818181818182,0.5,8-14,1
54025,1.0,Computer,1,22.0,Debit Card,4.0,5,Mobile Phone,5,2,0,20.0,8.0,8.0,4.0,172.74,21.5925,4.0,1.0,4-7,0
54026,13.0,Mobile Phone,1,26.0,UPI,3.0,4,Laptop & Accessory,1,10,0,15.0,2.0,3.0,3.0,164.02,54.67333333333334,0.21428571428571427,0.6666666666666666,0-3,0
54027,29.0,Mobile Phone,1,9.0,Cash on Delivery,4.0,5,Mobile Phone,1,10,0,21.0,1.0,2.0,5.0,151.62,75.81,0.06666666666666667,0.5,4-7,0
54028,2.0,Mobile Phone,3,10.0,Credit Card,4.0,4,Mobile Phone,4,3,0,20.0,2.0,2.0,1.0,153.56,76.78,0.6666666666666666,1.0,0-3,0
54029,1.0,Mobile Phone,3,16.0,Credit Card,3.0,4,Mobile Phone,1,3,0,14.0,1.0,2.0,1.0,135.81,67.905,1.0,0.5,0-3,1
54030,1.0,Mobile Phone,1,14.0,Debit Card,4.0,4,Mobile Phone,4,3,1,24.0,2.0,2.0,1.0,149.72,74.86,1.0,1.0,0-3,1
54031,10.0,Mobile Phone,3,17.0,Cash on Delivery,4.0,5,Laptop & Accessory,3,3,1,14.0,2.0,2.0,8.0,181.73,90.865,0.18181818181818182,1.0,8-14,0
54032,5.0,Mobile Phone,1,27.0,Debit Card,3.0,4,Laptop & Accessory,3,3,0,12.0,1.0,2.0,3.0,166.97,83.485,0.3333333333333333,0.5,0-3,0
54033,8.0,Mobile Phone,3,11.0,Debit Card,4.0,4,Fashion,1,4,1,14.0,1.0,2.0,,222.13,111.065,0.2222222222222222,0.5,,0
54034,3.0,Mobile Phone,1,14.0,Debit Card,3.0,4,Mobile Phone,5,5,0,15.0,1.0,2.0,3.0,145.62,72.81,0.5,0.5,0-3,0
54035,11.0,Mobile Phone,1,14.0,Credit Card,4.0,4,Laptop & Accessory,5,7,1,23.0,1.0,2.0,5.0,167.84,83.92,0.16666666666666666,0.5,4-7,0
54036,9.0,Mobile Phone,1,23.0,UPI,3.0,5,Laptop & Accessory,4,2,1,12.0,2.0,2.0,3.0,172.88,86.44,0.2,1.0,0-3,0
54037,19.0,Mobile Phone,1,32.0,Debit Card,4.0,5,Laptop & Accessory,1,2,0,14.0,1.0,4.0,9.0,184.06,46.015,0.2,0.25,8-14,0
54038,10.0,Computer,2,9.0,UPI,4.0,5,Laptop & Accessory,1,3,0,22.0,2.0,2.0,9.0,163.86,81.93,0.18181818181818182,1.0,8-14,0
54039,14.0,Mobile Phone,1,7.0,Debit Card,4.0,4,Grocery,5,4,0,,10.0,12.0,17.0,293.23,24.435833333333335,0.8,0.8333333333333334,15+,0
54040,1.0,Mobile Phone,1,7.0,Debit Card,3.0,5,Mobile Phone,3,3,1,14.0,1.0,2.0,1.0,154.33,77.165,1.0,0.5,0-3,0
54041,1.0,Mobile Phone,3,9.0,Credit Card,3.0,2,Laptop & Accessory,3,2,0,15.0,1.0,2.0,8.0,190.0,95.0,1.0,0.5,8-14,0
54042,22.0,Computer,1,29.0,Credit Card,3.0,4,Grocery,1,5,0,,1.0,5.0,8.0,296.74,59.348,0.21739130434782608,0.2,8-14,0
54043,18.0,Mobile Phone,1,7.0,Debit Card,4.0,2,Laptop & Accessory,5,4,0,16.0,3.0,3.0,3.0,175.33,58.443333333333335,0.15789473684210525,1.0,0-3,0
54044,1.0,Computer,1,23.0,Cash on Delivery,3.0,6,Mobile Phone,5,3,1,24.0,4.0,4.0,1.0,148.07,37.0175,2.0,1.0,0-3,1
54045,20.0,Mobile Phone,1,31.0,Debit Card,4.0,4,Mobile Phone,1,3,0,17.0,1.0,2.0,1.0,150.87,75.435,0.09523809523809523,0.5,0-3,1
54046,10.0,Mobile Phone,3,24.0,E wallet,3.0,5,Laptop & Accessory,4,4,0,17.0,2.0,2.0,4.0,180.07,90.035,0.18181818181818182,1.0,4-7,0
54047,15.0,Mobile Phone,3,15.0,E wallet,3.0,4,Laptop & Accessory,4,7,0,22.0,2.0,2.0,5.0,168.93,84.465,0.125,1.0,4-7,0
54048,16.0,Mobile Phone,1,13.0,Credit Card,3.0,4,Fashion,5,11,0,14.0,4.0,,8.0,258.48,,,,8-14,0
54049,5.0,Mobile Phone,3,17.0,Credit Card,3.0,4,Laptop & Accessory,1,4,1,12.0,1.0,2.0,5.0,190.83,95.415,0.3333333333333333,0.5,4-7,0
54050,8.0,Mobile Phone,3,10.0,Credit Card,4.0,5,Laptop & Accessory,1,5,1,13.0,1.0,2.0,2.0,206.03,103.015,0.2222222222222222,0.5,0-3,0
54051,5.0,Mobile Phone,1,11.0,Credit Card,4.0,2,Mobile Phone,3,10,0,13.0,3.0,3.0,3.0,164.78,54.92666666666667,0.5,1.0,0-3,0
54052,1.0,Computer,1,13.0,UPI,4.0,2,Mobile Phone,1,2,0,19.0,3.0,8.0,8.0,150.44,18.805,4.0,0.375,8-14,0
54053,19.0,Computer,1,7.0,Credit Card,3.0,4,Laptop & Accessory,3,6,0,13.0,2.0,2.0,4.0,178.99,89.495,0.1,1.0,4-7,0
54054,7.0,Mobile Phone,3,17.0,E wallet,3.0,4,Laptop & Accessory,3,3,0,15.0,1.0,2.0,10.0,179.87,89.935,0.25,0.5,8-14,0
54055,2.0,Computer,3,7.0,Debit Card,3.0,5,Laptop & Accessory,1,3,1,13.0,1.0,2.0,8.0,193.34,96.67,0.6666666666666666,0.5,8-14,0
54056,1.0,Computer,3,31.0,Cash on Delivery,3.0,2,Mobile Phone,5,3,0,18.0,2.0,2.0,1.0,135.91,67.955,1.0,1.0,0-3,1
54057,13.0,Computer,3,28.0,Debit Card,3.0,6,Laptop & Accessory,3,8,0,20.0,1.0,2.0,3.0,182.36,91.18,0.14285714285714285,0.5,0-3,0
54058,1.0,Mobile Phone,1,9.0,Cash on Delivery,3.0,4,Mobile Phone,4,3,0,12.0,2.0,2.0,3.0,147.26,73.63,1.0,1.0,0-3,0
54059,8.0,Computer,1,29.0,UPI,3.0,5,Laptop & Accessory,1,3,1,16.0,4.0,7.0,12.0,182.47,26.06714285714286,0.7777777777777778,0.5714285714285714,8-14,0
54060,1.0,Mobile Phone,3,20.0,E wallet,3.0,4,Laptop & Accessory,3,5,1,12.0,3.0,3.0,,223.54,74.51333333333334,1.5,1.0,,1
54061,21.0,Computer,1,21.0,Cash on Delivery,4.0,4,Laptop & Accessory,4,10,0,19.0,1.0,2.0,8.0,179.67,89.835,0.09090909090909091,0.5,8-14,0
54062,30.0,Mobile Phone,3,18.0,E wallet,3.0,5,Laptop & Accessory,5,6,0,17.0,1.0,2.0,1.0,178.8,89.4,0.06451612903225806,0.5,0-3,0
54063,13.0,Mobile Phone,1,16.0,Credit Card,3.0,4,Laptop & Accessory,5,3,0,26.0,5.0,8.0,10.0,176.51,22.06375,0.5714285714285714,0.625,8-14,0
54064,12.0,Computer,1,15.0,Credit Card,3.0,5,Laptop & Accessory,4,3,1,17.0,2.0,2.0,8.0,146.33,73.165,0.15384615384615385,1.0,8-14,0
54065,31.0,Mobile Phone,3,28.0,Debit Card,4.0,4,Grocery,1,6,1,,2.0,2.0,1.0,303.75,151.875,0.0625,1.0,0-3,0
54066,1.0,Computer,1,12.0,Debit Card,3.0,2,Mobile Phone,3,5,1,15.0,1.0,2.0,4.0,149.32,74.66,1.0,0.5,4-7,1
54067,12.0,Mobile Phone,1,16.0,Debit Card,4.0,4,Mobile Phone,1,4,0,20.0,2.0,2.0,4.0,172.71,86.355,0.15384615384615385,1.0,4-7,0
54068,23.0,Computer,1,9.0,Debit Card,3.0,4,Others,1,5,0,,3.0,5.0,4.0,316.61,63.322,0.20833333333333334,0.6,4-7,0
54069,16.0,Mobile Phone,3,19.0,E wallet,4.0,4,Laptop & Accessory,1,5,1,13.0,1.0,2.0,1.0,175.87,87.935,0.11764705882352941,0.5,0-3,0
54070,1.0,Computer,2,29.0,UPI,3.0,5,Mobile Phone,4,3,0,13.0,2.0,2.0,1.0,153.63,76.815,1.0,1.0,0-3,1
54071,9.0,Mobile Phone,3,25.0,Credit Card,4.0,4,Laptop & Accessory,5,2,0,17.0,1.0,2.0,5.0,25.0,12.5,0.2,0.5,4-7,0
54072,2.0,Computer,1,23.0,Credit Card,3.0,4,Mobile Phone,3,3,0,15.0,1.0,2.0,5.0,146.44,73.22,0.6666666666666666,0.5,4-7,0
54073,5.0,Computer,1,10.0,Credit Card,3.0,4,Mobile Phone,5,3,1,14.0,1.0,3.0,4.0,155.65,51.88333333333333,0.5,0.3333333333333333,4-7,0
54074,10.0,Computer,1,16.0,Debit Card,4.0,2,Mobile Phone,4,3,0,23.0,2.0,2.0,3.0,153.1,76.55,0.18181818181818182,1.0,0-3,0
54075,8.0,Mobile Phone,3,7.0,E wallet,3.0,4,Fashion,1,3,0,22.0,2.0,3.0,,223.88,74.62666666666667,0.3333333333333333,0.6666666666666666,,0
54076,8.0,Mobile Phone,3,20.0,Credit Card,3.0,4,Fashion,3,3,0,19.0,2.0,2.0,,211.28,105.64,0.2222222222222222,1.0,,0
54077,1.0,Mobile Phone,1,7.0,Credit Card,4.0,4,Mobile Phone,5,2,0,14.0,4.0,8.0,7.0,153.67,19.20875,4.0,0.5,4-7,0
54078,3.0,Mobile Phone,1,7.0,Debit Card,3.0,4,Laptop & Accessory,5,2,0,13.0,2.0,2.0,3.0,178.73,89.365,0.5,1.0,0-3,0
54079,6.0,Computer,1,22.0,Credit Card,3.0,4,Laptop & Accessory,1,7,0,19.0,1.0,2.0,3.0,191.67,95.835,0.2857142857142857,0.5,0-3,0
54080,5.0,Computer,1,7.0,Debit Card,3.0,6,Laptop & Accessory,5,3,0,22.0,2.0,9.0,8.0,175.03,19.447777777777777,1.5,0.2222222222222222,8-14,0
54081,1.0,Mobile Phone,1,24.0,Cash on Delivery,3.0,5,Mobile Phone,1,7,0,13.0,1.0,2.0,4.0,148.67,74.335,1.0,0.5,4-7,1
54082,12.0,Mobile Phone,3,7.0,Debit Card,3.0,5,Mobile Phone,5,6,0,15.0,1.0,2.0,1.0,153.58,76.79,0.15384615384615385,0.5,0-3,0
54083,9.0,Mobile Phone,3,14.0,Debit Card,3.0,4,Laptop & Accessory,1,3,1,12.0,2.0,2.0,10.0,177.04,88.52,0.2,1.0,8-14,0
54084,1.0,Mobile Phone,3,16.0,E wallet,3.0,4,Laptop & Accessory,1,3,0,15.0,1.0,2.0,8.0,166.05,83.025,1.0,0.5,8-14,0
54085,6.0,Mobile Phone,1,12.0,Debit Card,3.0,5,Laptop & Accessory,1,10,0,25.0,1.0,2.0,,221.79,110.895,0.2857142857142857,0.5,,0
54086,1.0,Computer,3,33.0,E wallet,4.0,4,Laptop & Accessory,1,3,1,12.0,1.0,2.0,9.0,181.17,90.585,1.0,0.5,8-14,1
54087,17.0,Mobile Phone,3,31.0,Debit Card,4.0,4,Fashion,5,8,1,14.0,3.0,3.0,,229.48,76.49333333333333,0.16666666666666666,1.0,,1
54088,28.0,Mobile Phone,1,16.0,Debit Card,4.0,4,Laptop & Accessory,3,5,0,12.0,1.0,3.0,4.0,153.97,51.32333333333333,0.10344827586206896,0.3333333333333333,4-7,0
54089,7.0,Computer,1,14.0,Debit Card,3.0,4,Laptop & Accessory,3,3,0,21.0,3.0,3.0,9.0,184.68,61.56,0.375,1.0,8-14,0
54090,17.0,Mobile Phone,1,18.0,Debit Card,2.0,4,Fashion,3,3,0,18.0,2.0,2.0,10.0,200.1,100.05,0.1111111111111111,1.0,8-14,0
54091,12.0,Computer,2,7.0,UPI,3.0,4,Mobile Phone,4,2,1,12.0,2.0,2.0,3.0,154.91,77.455,0.15384615384615385,1.0,0-3,0
54092,29.0,Mobile Phone,2,33.0,UPI,4.0,2,Others,4,6,1,,2.0,2.0,5.0,321.36,160.68,0.06666666666666667,1.0,4-7,0
54093,5.0,Mobile Phone,1,9.0,Credit Card,3.0,6,Mobile Phone,1,3,1,12.0,2.0,2.0,1.0,136.29,68.145,0.3333333333333333,1.0,0-3,0
54094,13.0,Mobile Phone,3,22.0,E wallet,4.0,4,Grocery,5,2,0,13.0,5.0,,11.0,258.41,,,,8-14,0
54095,16.0,Computer,1,30.0,Debit Card,3.0,5,Laptop & Accessory,3,3,0,13.0,3.0,4.0,8.0,168.32,42.08,0.23529411764705882,0.75,8-14,0
54096,5.0,Computer,1,17.0,Credit Card,3.0,4,Fashion,3,6,0,21.0,4.0,,9.0,235.31,,,,8-14,0
54097,28.0,Mobile Phone,1,17.0,Credit Card,4.0,4,Laptop & Accessory,5,8,1,20.0,1.0,2.0,5.0,169.4,84.7,0.06896551724137931,0.5,4-7,0
54098,1.0,Mobile Phone,1,7.0,Debit Card,3.0,5,Laptop & Accessory,3,3,0,13.0,2.0,2.0,3.0,171.17,85.585,1.0,1.0,0-3,0
54099,1.0,Mobile Phone,1,19.0,UPI,4.0,4,Mobile Phone,1,3,0,14.0,2.0,2.0,5.0,151.47,75.735,1.0,1.0,4-7,0
54100,14.0,Computer,1,18.0,Cash on Delivery,4.0,4,Laptop & Accessory,3,3,0,12.0,3.0,10.0,5.0,188.23,18.823,0.6666666666666666,0.3,4-7,0
54101,14.0,Mobile Phone,3,9.0,E wallet,4.0,4,Laptop & Accessory,4,5,0,15.0,2.0,6.0,11.0,181.77,30.295,0.4,0.3333333333333333,8-14,0
54102,1.0,Mobile Phone,2,9.0,UPI,3.0,4,Mobile Phone,4,6,0,15.0,1.0,2.0,3.0,146.87,73.435,1.0,0.5,0-3,0
54103,4.0,Mobile Phone,1,7.0,Credit Card,4.0,4,Mobile Phone,4,3,0,14.0,1.0,2.0,8.0,162.48,81.24,0.4,0.5,8-14,0
54104,1.0,Mobile Phone,1,9.0,UPI,3.0,4,Mobile Phone,3,8,1,20.0,1.0,2.0,3.0,164.77,82.385,1.0,0.5,0-3,0
54105,21.0,Mobile Phone,1,32.0,Credit Card,3.0,4,Fashion,3,4,0,24.0,2.0,13.0,,211.33,16.256153846153847,0.5909090909090909,0.15384615384615385,,0
54106,7.0,Computer,1,7.0,Credit Card,3.0,5,Mobile Phone,3,3,0,13.0,1.0,2.0,1.0,145.08,72.54,0.25,0.5,0-3,0
54107,12.0,Mobile Phone,3,7.0,Debit Card,3.0,4,Laptop & Accessory,4,2,0,16.0,5.0,6.0,9.0,169.4,28.233333333333334,0.46153846153846156,0.8333333333333334,8-14,0
54108,5.0,Mobile Phone,3,9.0,Debit Card,3.0,4,Mobile Phone,3,2,0,20.0,2.0,2.0,3.0,155.67,77.835,0.3333333333333333,1.0,0-3,0
54109,12.0,Computer,1,13.0,Debit Card,4.0,5,Laptop & Accessory,3,4,0,12.0,3.0,8.0,8.0,178.21,22.27625,0.6153846153846154,0.375,8-14,0
54110,16.0,Mobile Phone,1,25.0,Debit Card,3.0,4,Laptop & Accessory,5,8,1,18.0,1.0,2.0,3.0,179.1,89.55,0.11764705882352941,0.5,0-3,0
54111,15.0,Mobile Phone,1,7.0,Debit Card,4.0,4,Mobile Phone,1,5,0,23.0,1.0,2.0,1.0,152.82,76.41,0.125,0.5,0-3,0
54112,21.0,Computer,1,7.0,Credit Card,4.0,4,Fashion,4,2,0,19.0,1.0,,13.0,244.57,,,,8-14,0
54113,9.0,Mobile Phone,1,18.0,Credit Card,3.0,4,Mobile Phone,3,9,1,12.0,1.0,3.0,3.0,151.6,50.53333333333333,0.3,0.3333333333333333,0-3,0
54114,1.0,Mobile Phone,1,7.0,Debit Card,4.0,4,Mobile Phone,3,2,0,13.0,1.0,2.0,3.0,158.75,79.375,1.0,0.5,0-3,0
54115,9.0,Mobile Phone,1,16.0,Credit Card,3.0,4,Laptop & Accessory,3,3,0,20.0,1.0,2.0,9.0,175.98,87.99,0.2,0.5,8-14,0
54116,7.0,Mobile Phone,1,22.0,Credit Card,4.0,4,Laptop & Accessory,1,2,1,14.0,6.0,9.0,2.0,37.0,4.111111111111111,1.125,0.6666666666666666,0-3,0
54117,6.0,Mobile Phone,1,36.0,Debit Card,3.0,5,Mobile Phone,4,3,0,14.0,4.0,5.0,2.0,153.37,30.674,0.7142857142857143,0.8,0-3,0
54118,14.0,Mobile Phone,1,7.0,Debit Card,3.0,4,Mobile Phone,1,10,0,20.0,1.0,2.0,1.0,149.06,74.53,0.13333333333333333,0.5,0-3,0
54119,6.0,Mobile Phone,3,7.0,Credit Card,4.0,5,Mobile Phone,4,2,0,15.0,1.0,3.0,3.0,147.69,49.23,0.42857142857142855,0.3333333333333333,0-3,0
54120,13.0,Mobile Phone,1,31.0,Debit Card,3.0,4,Laptop & Accessory,1,9,0,14.0,2.0,2.0,8.0,166.08,83.04,0.14285714285714285,1.0,8-14,0
54121,12.0,Mobile Phone,1,17.0,Credit Card,3.0,6,Fashion,3,5,0,13.0,2.0,,12.0,257.06,,,,8-14,0
54122,6.0,Mobile Phone,3,7.0,E wallet,3.0,4,Fashion,1,3,0,20.0,4.0,6.0,,229.22,38.20333333333333,0.8571428571428571,0.6666666666666666,,0
54123,11.0,Mobile Phone,1,17.0,Debit Card,3.0,2,Fashion,1,3,1,26.0,,7.0,9.0,262.44,37.49142857142857,0.5833333333333334,,8-14,0
54124,1.0,Mobile Phone,3,15.0,UPI,3.0,4,Laptop & Accessory,3,2,1,23.0,2.0,2.0,5.0,174.07,87.035,1.0,1.0,4-7,0
54125,26.0,Computer,3,127.0,Debit Card,3.0,4,Mobile Phone,1,4,0,16.0,2.0,2.0,1.0,159.82,79.91,0.07407407407407407,1.0,0-3,0
54126,18.0,Mobile Phone,1,7.0,Credit Card,3.0,4,Mobile Phone,1,8,1,13.0,1.0,2.0,3.0,149.36,74.68,0.10526315789473684,0.5,0-3,0
54127,1.0,Mobile Phone,3,12.0,Credit Card,3.0,4,Mobile Phone,5,3,1,12.0,2.0,2.0,3.0,148.8,74.4,1.0,1.0,0-3,0
54128,13.0,Computer,1,16.0,Debit Card,3.0,4,Others,1,4,0,,1.0,2.0,4.0,319.31,159.655,0.14285714285714285,0.5,4-7,0
54129,1.0,Computer,3,16.0,E wallet,3.0,4,Mobile Phone,5,3,0,20.0,2.0,2.0,1.0,142.9,71.45,1.0,1.0,0-3,1
54130,10.0,Mobile Phone,3,10.0,Credit Card,4.0,5,Fashion,1,2,0,20.0,4.0,4.0,5.0,201.44,50.36,0.36363636363636365,1.0,4-7,0
54131,10.0,Computer,1,11.0,Debit Card,4.0,4,Laptop & Accessory,4,9,0,14.0,2.0,2.0,3.0,176.31,88.155,0.18181818181818182,1.0,0-3,0
54132,30.0,Computer,1,7.0,Debit Card,3.0,4,Laptop & Accessory,3,3,0,22.0,1.0,2.0,10.0,188.06,94.03,0.06451612903225806,0.5,8-14,0
54133,1.0,Mobile Phone,1,7.0,Credit Card,3.0,4,Mobile Phone,1,11,1,15.0,3.0,3.0,3.0,172.87,57.623333333333335,1.5,1.0,0-3,1
54134,16.0,Mobile Phone,1,9.0,Debit Card,3.0,4,Others,3,7,0,,2.0,5.0,15.0,313.8,62.760000000000005,0.29411764705882354,0.4,15+,0
54135,20.0,Mobile Phone,1,14.0,Cash on Delivery,4.0,4,Mobile Phone,3,10,0,12.0,7.0,10.0,9.0,148.39,14.838999999999999,0.47619047619047616,0.7,8-14,1
54136,15.0,Mobile Phone,1,35.0,Debit Card,3.0,5,Grocery,4,2,0,24.0,2.0,,11.0,260.7,,,,8-14,0
54137,8.0,Mobile Phone,3,35.0,E wallet,4.0,5,Laptop & Accessory,3,3,0,22.0,2.0,2.0,8.0,192.12,96.06,0.2222222222222222,1.0,8-14,0
54138,10.0,Computer,3,22.0,E wallet,3.0,6,Laptop & Accessory,1,3,0,25.0,5.0,12.0,12.0,179.06,14.921666666666667,1.0909090909090908,0.4166666666666667,8-14,0
54139,15.0,Mobile Phone,3,10.0,Debit Card,3.0,5,Laptop & Accessory,4,4,0,12.0,1.0,2.0,,214.38,107.19,0.125,0.5,,0
54140,6.0,Mobile Phone,1,9.0,Cash on Delivery,4.0,4,Mobile Phone,5,3,0,15.0,2.0,2.0,3.0,149.39,74.695,0.2857142857142857,1.0,0-3,0
54141,9.0,Mobile Phone,2,33.0,Debit Card,3.0,4,Fashion,1,3,1,17.0,2.0,2.0,,213.37,106.685,0.2,1.0,,0
54142,12.0,Mobile Phone,3,17.0,Debit Card,4.0,4,Laptop & Accessory,1,3,0,12.0,1.0,2.0,10.0,178.43,89.215,0.15384615384615385,0.5,8-14,0
54143,14.0,Computer,3,7.0,Debit Card,4.0,4,Laptop & Accessory,3,9,0,13.0,2.0,2.0,2.0,192.28,96.14,0.13333333333333333,1.0,0-3,1
54144,10.0,Mobile Phone,3,18.0,E wallet,4.0,5,Laptop & Accessory,1,6,0,14.0,2.0,2.0,1.0,191.52,95.76,0.18181818181818182,1.0,0-3,0
54145,19.0,Mobile Phone,3,27.0,Debit Card,3.0,4,Laptop & Accessory,3,10,0,16.0,2.0,2.0,2.0,173.5,86.75,0.1,1.0,0-3,0
54146,14.0,Mobile Phone,1,9.0,Debit Card,3.0,5,Mobile Phone,3,4,0,15.0,1.0,3.0,3.0,153.09,51.03,0.2,0.3333333333333333,0-3,0
54147,9.0,Computer,1,25.0,Debit Card,4.0,4,Laptop & Accessory,3,3,1,15.0,2.0,2.0,3.0,181.89,90.945,0.2,1.0,0-3,0
54148,14.0,Mobile Phone,1,9.0,Credit Card,4.0,4,Mobile Phone,3,4,0,15.0,2.0,2.0,3.0,145.01,72.505,0.13333333333333333,1.0,0-3,0
54149,9.0,Mobile Phone,1,7.0,Debit Card,4.0,6,Mobile Phone,1,3,0,13.0,1.0,2.0,2.0,154.77,77.385,0.2,0.5,0-3,0
54150,3.0,Mobile Phone,1,20.0,UPI,3.0,5,Laptop & Accessory,4,6,1,14.0,2.0,2.0,4.0,165.25,82.625,0.5,1.0,4-7,0
54151,3.0,Mobile Phone,1,35.0,Credit Card,4.0,5,Mobile Phone,5,3,0,15.0,1.0,2.0,5.0,162.85,81.425,0.5,0.5,4-7,0
54152,14.0,Mobile Phone,3,35.0,E wallet,3.0,5,Fashion,5,6,1,14.0,1.0,,1.0,233.54,,,,0-3,1
54153,13.0,Mobile Phone,3,31.0,E wallet,3.0,5,Grocery,1,2,0,12.0,2.0,,7.0,245.31,,,,4-7,0
54154,5.0,Computer,1,12.0,Credit Card,4.0,4,Laptop & Accessory,5,2,0,20.0,1.0,2.0,,224.36,112.18,0.3333333333333333,0.5,,0
54155,1.0,Mobile Phone,3,12.0,UPI,2.0,5,Mobile Phone,3,2,0,19.0,1.0,2.0,1.0,154.66,77.33,1.0,0.5,0-3,0
54156,10.0,Computer,1,30.0,Credit Card,3.0,2,Laptop & Accessory,1,6,0,18.0,1.0,2.0,4.0,150.71,75.355,0.18181818181818182,0.5,4-7,0
54157,13.0,Mobile Phone,1,13.0,Credit Card,3.0,5,Fashion,5,6,0,16.0,2.0,2.0,,224.91,112.455,0.14285714285714285,1.0,,0
54158,1.0,Mobile Phone,1,11.0,Debit Card,3.0,2,Laptop & Accessory,4,3,1,21.0,2.0,2.0,4.0,186.42,93.21,1.0,1.0,4-7,0
54159,23.0,Computer,3,9.0,Credit Card,4.0,5,Laptop & Accessory,4,4,0,15.0,2.0,2.0,9.0,178.9,89.45,0.08333333333333333,1.0,8-14,0
54160,8.0,Mobile Phone,1,15.0,Credit Card,3.0,2,Laptop & Accessory,3,4,0,13.0,1.0,2.0,3.0,169.04,84.52,0.2222222222222222,0.5,0-3,0
54161,5.0,Mobile Phone,3,7.0,Debit Card,4.0,4,Laptop & Accessory,1,10,1,12.0,1.0,2.0,6.0,184.93,92.465,0.3333333333333333,0.5,4-7,1
54162,23.0,Computer,1,15.0,Debit Card,4.0,5,Laptop & Accessory,4,3,0,24.0,1.0,2.0,8.0,176.3,88.15,0.08333333333333333,0.5,8-14,0
54164,7.0,Computer,1,10.0,Debit Card,3.0,4,Mobile Phone,3,3,1,12.0,3.0,4.0,1.0,154.09,38.5225,0.5,0.75,0-3,0
54165,1.0,Mobile Phone,1,9.0,Credit Card,3.0,4,Mobile Phone,4,11,0,13.0,2.0,3.0,3.0,159.68,53.22666666666667,1.5,0.6666666666666666,0-3,0
54166,6.0,Computer,1,9.0,Debit Card,4.0,4,Mobile Phone,1,2,0,14.0,2.0,4.0,7.0,155.68,38.92,0.5714285714285714,0.5,4-7,0
54167,31.0,Mobile Phone,1,10.0,Credit Card,3.0,2,Mobile Phone,5,6,1,21.0,1.0,2.0,1.0,151.7,75.85,0.0625,0.5,0-3,0
54168,4.0,Mobile Phone,1,31.0,Debit Card,4.0,4,Mobile Phone,3,3,0,23.0,2.0,2.0,1.0,151.93,75.965,0.4,1.0,0-3,0
54169,12.0,Computer,1,30.0,Debit Card,3.0,5,Fashion,3,2,0,22.0,2.0,2.0,,220.26,110.13,0.15384615384615385,1.0,,0
54170,10.0,Mobile Phone,1,34.0,Credit Card,4.0,4,Laptop & Accessory,3,8,0,14.0,1.0,8.0,8.0,177.37,22.17125,0.7272727272727273,0.125,8-14,0
54171,9.0,Mobile Phone,1,23.0,Credit Card,3.0,2,Mobile Phone,4,2,0,14.0,2.0,2.0,4.0,149.26,74.63,0.2,1.0,4-7,0
54172,3.0,Mobile Phone,1,22.0,Debit Card,3.0,5,Laptop & Accessory,3,2,1,13.0,2.0,2.0,9.0,166.93,83.465,0.5,1.0,8-14,0
54173,5.0,Mobile Phone,1,33.0,Debit Card,3.0,4,Mobile Phone,3,3,0,18.0,4.0,5.0,4.0,154.11,30.822000000000003,0.8333333333333334,0.8,4-7,0
54174,8.0,Mobile Phone,1,26.0,Credit Card,4.0,4,Mobile Phone,1,2,0,12.0,1.0,2.0,3.0,151.61,75.805,0.2222222222222222,0.5,0-3,0
54176,3.0,Mobile Phone,1,28.0,Debit Card,3.0,2,Fashion,5,3,0,12.0,7.0,9.0,,224.8,24.977777777777778,2.25,0.7777777777777778,,0
54177,6.0,Mobile Phone,1,12.0,Debit Card,4.0,2,Mobile Phone,4,2,1,13.0,2.0,2.0,6.0,157.98,78.99,0.2857142857142857,1.0,4-7,0
54178,1.0,Computer,1,23.0,Credit Card,4.0,2,Mobile Phone,1,3,1,14.0,1.0,2.0,1.0,154.35,77.175,1.0,0.5,0-3,0
54179,27.0,Mobile Phone,3,9.0,Debit Card,4.0,5,Grocery,1,4,0,17.0,,4.0,8.0,279.27,69.8175,0.14285714285714285,,8-14,0
54180,12.0,Mobile Phone,1,9.0,Debit Card,3.0,4,Mobile Phone,1,7,1,12.0,1.0,2.0,3.0,164.44,82.22,0.15384615384615385,0.5,0-3,0
54181,1.0,Computer,1,18.0,UPI,4.0,2,Laptop & Accessory,3,2,0,19.0,1.0,2.0,4.0,165.11,82.555,1.0,0.5,4-7,0
54182,1.0,Mobile Phone,3,16.0,Debit Card,3.0,5,Mobile Phone,5,9,0,24.0,1.0,2.0,4.0,159.07,79.535,1.0,0.5,4-7,1
54183,8.0,Mobile Phone,1,14.0,Debit Card,3.0,4,Fashion,4,2,0,12.0,1.0,,12.0,244.94,,,,8-14,0
54184,1.0,Mobile Phone,1,22.0,Debit Card,4.0,4,Mobile Phone,1,3,0,15.0,2.0,2.0,1.0,137.32,68.66,1.0,1.0,0-3,0
54185,1.0,Mobile Phone,1,13.0,Credit Card,3.0,4,Mobile Phone,5,4,0,12.0,1.0,2.0,4.0,154.6,77.3,1.0,0.5,4-7,1
54186,27.0,Mobile Phone,1,12.0,UPI,3.0,4,Others,3,6,0,,2.0,5.0,9.0,315.94,63.188,0.17857142857142858,0.4,8-14,0
54187,1.0,Computer,1,23.0,Debit Card,4.0,6,Mobile Phone,5,3,1,23.0,1.0,7.0,8.0,164.19,23.455714285714286,3.5,0.14285714285714285,8-14,1
54188,16.0,Mobile Phone,3,15.0,E wallet,3.0,4,Laptop & Accessory,4,2,0,12.0,3.0,5.0,3.0,193.25,38.65,0.29411764705882354,0.6,0-3,0
54189,18.0,Mobile Phone,1,14.0,Credit Card,3.0,5,Fashion,1,5,0,15.0,1.0,6.0,,227.48,37.913333333333334,0.3157894736842105,0.16666666666666666,,0
54190,20.0,Mobile Phone,3,9.0,E wallet,3.0,4,Others,5,5,0,,3.0,3.0,2.0,314.47,104.82333333333334,0.14285714285714285,1.0,0-3,0
54191,7.0,Mobile Phone,1,9.0,Credit Card,4.0,4,Mobile Phone,1,6,0,12.0,1.0,2.0,1.0,149.96,74.98,0.25,0.5,0-3,0
54192,18.0,Mobile Phone,1,17.0,UPI,3.0,4,Laptop & Accessory,1,4,1,14.0,1.0,2.0,4.0,189.65,94.825,0.10526315789473684,0.5,4-7,0
54193,4.0,Mobile Phone,1,16.0,Credit Card,3.0,5,Mobile Phone,3,3,0,14.0,1.0,2.0,9.0,147.06,73.53,0.4,0.5,8-14,0
54194,3.0,Mobile Phone,3,12.0,Cash on Delivery,3.0,4,Laptop & Accessory,1,5,0,15.0,1.0,2.0,1.0,145.86,72.93,0.5,0.5,0-3,1
54195,1.0,Mobile Phone,1,7.0,Credit Card,4.0,4,Mobile Phone,1,4,1,17.0,1.0,3.0,1.0,147.93,49.31,1.5,0.3333333333333333,0-3,1
54196,17.0,Mobile Phone,1,9.0,Credit Card,4.0,2,Mobile Phone,3,3,0,13.0,2.0,2.0,5.0,151.45,75.725,0.1111111111111111,1.0,4-7,0
54197,14.0,Mobile Phone,3,10.0,E wallet,3.0,5,Mobile Phone,3,3,1,15.0,2.0,2.0,3.0,151.83,75.915,0.13333333333333333,1.0,0-3,1
54198,9.0,Mobile Phone,3,9.0,E wallet,4.0,4,Mobile Phone,1,3,0,14.0,3.0,3.0,3.0,145.14,48.379999999999995,0.3,1.0,0-3,0
54199,10.0,Mobile Phone,1,12.0,Debit Card,3.0,5,Mobile Phone,5,11,1,15.0,2.0,2.0,1.0,159.19,79.595,0.18181818181818182,1.0,0-3,0
54200,7.0,Computer,3,7.0,Debit Card,3.0,2,Laptop & Accessory,5,4,0,20.0,1.0,2.0,4.0,178.76,89.38,0.25,0.5,4-7,0
54201,9.0,Mobile Phone,1,11.0,UPI,4.0,4,Mobile Phone,1,3,0,13.0,2.0,2.0,1.0,144.51,72.255,0.2,1.0,0-3,0
54202,1.0,Mobile Phone,1,9.0,Debit Card,3.0,4,Mobile Phone,5,3,0,14.0,2.0,2.0,1.0,148.41,74.205,1.0,1.0,0-3,0
54203,1.0,Mobile Phone,1,32.0,Debit Card,3.0,6,Mobile Phone,3,3,0,13.0,1.0,2.0,2.0,147.93,73.965,1.0,0.5,0-3,1
54204,1.0,Computer,3,15.0,Debit Card,3.0,4,Fashion,3,3,0,16.0,2.0,2.0,,212.26,106.13,1.0,1.0,,0
54205,4.0,Computer,1,7.0,Credit Card,3.0,4,Laptop & Accessory,1,3,0,24.0,2.0,4.0,8.0,165.11,41.2775,0.8,0.5,8-14,0
54206,5.0,Mobile Phone,1,19.0,Cash on Delivery,3.0,4,Others,3,3,0,,2.0,16.0,9.0,320.45,20.028125,2.6666666666666665,0.125,8-14,1
54207,8.0,Computer,3,30.0,E wallet,4.0,4,Laptop & Accessory,3,2,0,21.0,1.0,9.0,8.0,170.68,18.964444444444446,1.0,0.1111111111111111,8-14,0
54208,11.0,Mobile Phone,1,26.0,Debit Card,4.0,4,Mobile Phone,4,6,0,22.0,1.0,2.0,1.0,155.22,77.61,0.16666666666666666,0.5,0-3,0
54209,20.0,Computer,3,12.0,E wallet,4.0,4,Laptop & Accessory,1,6,1,22.0,2.0,2.0,9.0,182.72,91.36,0.09523809523809523,1.0,8-14,0
54210,9.0,Mobile Phone,1,15.0,Debit Card,3.0,2,Mobile Phone,1,3,0,20.0,2.0,2.0,2.0,147.69,73.845,0.2,1.0,0-3,0
54212,1.0,Mobile Phone,1,12.0,Cash on Delivery,3.0,4,Mobile Phone,3,3,1,14.0,1.0,3.0,3.0,159.41,53.13666666666666,1.5,0.3333333333333333,0-3,1
54213,18.0,Mobile Phone,3,7.0,E wallet,4.0,4,Laptop & Accessory,5,7,1,22.0,2.0,2.0,4.0,179.54,89.77,0.10526315789473684,1.0,4-7,0
54214,9.0,Computer,1,18.0,Credit Card,4.0,5,Fashion,5,4,1,14.0,2.0,3.0,,223.84,74.61333333333333,0.3,0.6666666666666666,,0
54215,1.0,Mobile Phone,3,30.0,E wallet,3.0,5,Laptop & Accessory,1,9,1,20.0,1.0,2.0,1.0,166.57,83.285,1.0,0.5,0-3,0
54216,7.0,Computer,1,30.0,Debit Card,4.0,4,Fashion,1,3,1,13.0,4.0,,13.0,259.58,,,,8-14,0
54217,9.0,Computer,3,6.0,Debit Card,4.0,4,Fashion,5,3,0,23.0,1.0,2.0,,215.69,107.845,0.2,0.5,,0
54218,9.0,Mobile Phone,1,30.0,Credit Card,2.0,4,Mobile Phone,5,5,1,16.0,1.0,3.0,3.0,165.14,55.04666666666666,0.3,0.3333333333333333,0-3,0
54219,5.0,Mobile Phone,1,14.0,Debit Card,3.0,4,Laptop & Accessory,1,5,0,23.0,1.0,2.0,8.0,184.15,92.075,0.3333333333333333,0.5,8-14,0
54220,11.0,Mobile Phone,1,7.0,Debit Card,3.0,5,Laptop & Accessory,3,3,0,19.0,1.0,2.0,8.0,184.93,92.465,0.16666666666666666,0.5,8-14,0
54221,6.0,Mobile Phone,1,7.0,Credit Card,3.0,4,Laptop & Accessory,1,3,1,23.0,6.0,8.0,9.0,186.62,23.3275,1.1428571428571428,0.75,8-14,0
54222,12.0,Computer,1,36.0,Debit Card,3.0,4,Laptop & Accessory,1,3,0,12.0,7.0,10.0,10.0,149.06,14.906,0.7692307692307693,0.7,8-14,0
54223,24.0,Mobile Phone,1,14.0,Credit Card,3.0,5,Others,3,7,1,,5.0,14.0,9.0,312.4,22.314285714285713,0.56,0.35714285714285715,8-14,0
54224,31.0,Mobile Phone,3,32.0,Debit Card,5.0,4,Fashion,5,9,0,12.0,7.0,8.0,10.0,201.37,25.17125,0.25,0.875,8-14,0
54225,10.0,Mobile Phone,1,15.0,Cash on Delivery,3.0,4,Fashion,3,3,0,14.0,8.0,13.0,,225.96,17.38153846153846,1.1818181818181819,0.6153846153846154,,0
54226,29.0,Mobile Phone,1,15.0,Credit Card,3.0,4,Grocery,3,4,1,15.0,,2.0,3.0,272.56,136.28,0.06666666666666667,,0-3,0
54227,10.0,Computer,1,18.0,Debit Card,4.0,5,Laptop & Accessory,4,3,0,14.0,2.0,2.0,4.0,189.99,94.995,0.18181818181818182,1.0,4-7,0
54228,19.0,Mobile Phone,1,14.0,Debit Card,3.0,4,Fashion,5,4,0,18.0,1.0,2.0,,222.24,111.12,0.1,0.5,,0
54229,9.0,Computer,1,7.0,Credit Card,4.0,4,Mobile Phone,5,6,0,14.0,1.0,2.0,3.0,146.94,73.47,0.2,0.5,0-3,0
54230,1.0,Mobile Phone,1,16.0,Credit Card,4.0,5,Mobile Phone,3,2,1,18.0,2.0,2.0,1.0,158.88,79.44,1.0,1.0,0-3,1
54231,31.0,Computer,3,7.0,Debit Card,3.0,5,Laptop & Accessory,3,9,0,12.0,2.0,2.0,4.0,179.73,89.865,0.0625,1.0,4-7,0
54232,3.0,Mobile Phone,1,9.0,Debit Card,4.0,4,Mobile Phone,4,2,0,24.0,2.0,2.0,5.0,152.03,76.015,0.5,1.0,4-7,0
54233,5.0,Mobile Phone,1,7.0,Credit Card,3.0,4,Mobile Phone,4,3,0,18.0,2.0,2.0,1.0,150.01,75.005,0.3333333333333333,1.0,0-3,0
54234,6.0,Mobile Phone,1,7.0,Debit Card,4.0,4,Laptop & Accessory,4,3,0,18.0,2.0,2.0,10.0,187.2,93.6,0.2857142857142857,1.0,8-14,0
54235,10.0,Mobile Phone,1,13.0,Debit Card,3.0,2,Mobile Phone,1,5,0,13.0,1.0,2.0,1.0,155.38,77.69,0.18181818181818182,0.5,0-3,0
54236,5.0,Mobile Phone,1,15.0,Debit Card,4.0,4,Laptop & Accessory,1,3,0,24.0,2.0,2.0,9.0,169.24,84.62,0.3333333333333333,1.0,8-14,0
54237,9.0,Mobile Phone,3,7.0,E wallet,3.0,5,Laptop & Accessory,5,2,0,15.0,2.0,3.0,9.0,168.12,56.04,0.3,0.6666666666666666,8-14,0
54238,19.0,Mobile Phone,1,13.0,UPI,3.0,4,Fashion,5,6,1,15.0,2.0,,1.0,257.45,,,,0-3,0
54239,11.0,Mobile Phone,1,14.0,Credit Card,2.0,4,Fashion,3,6,0,14.0,,2.0,3.0,261.64,130.82,0.16666666666666666,,0-3,0
54240,20.0,Mobile Phone,2,12.0,Credit Card,4.0,4,Laptop & Accessory,4,3,1,23.0,2.0,2.0,3.0,175.21,87.605,0.09523809523809523,1.0,0-3,0
54241,4.0,Mobile Phone,1,7.0,Debit Card,3.0,5,Laptop & Accessory,1,3,1,13.0,2.0,4.0,1.0,176.26,44.065,0.8,0.5,0-3,0
54242,9.0,Mobile Phone,1,7.0,Credit Card,2.0,5,Mobile Phone,3,3,0,19.0,2.0,2.0,5.0,153.59,76.795,0.2,1.0,4-7,0
54243,29.0,Mobile Phone,3,7.0,Debit Card,4.0,4,Fashion,1,5,0,15.0,1.0,2.0,,227.39,113.695,0.06666666666666667,0.5,,0
54244,12.0,Computer,1,13.0,Credit Card,4.0,6,Laptop & Accessory,1,9,1,13.0,1.0,2.0,10.0,178.29,89.145,0.15384615384615385,0.5,8-14,0
54245,8.0,Mobile Phone,1,7.0,Credit Card,4.0,4,Laptop & Accessory,4,3,0,16.0,2.0,2.0,4.0,168.25,84.125,0.2222222222222222,1.0,4-7,0
54246,30.0,Mobile Phone,1,14.0,Debit Card,3.0,6,Fashion,1,6,0,12.0,1.0,2.0,3.0,197.6,98.8,0.06451612903225806,0.5,0-3,0
54247,1.0,Mobile Phone,3,9.0,Cash on Delivery,4.0,4,Mobile Phone,5,5,0,14.0,2.0,2.0,1.0,148.22,74.11,1.0,1.0,0-3,0
54248,25.0,Mobile Phone,1,16.0,Debit Card,4.0,4,Mobile Phone,1,5,0,24.0,2.0,2.0,4.0,145.75,72.875,0.07692307692307693,1.0,4-7,0
54249,4.0,Mobile Phone,1,9.0,Debit Card,5.0,5,Laptop & Accessory,1,3,0,20.0,4.0,11.0,9.0,166.52,15.138181818181819,2.2,0.36363636363636365,8-14,0
54250,10.0,Mobile Phone,3,16.0,Credit Card,4.0,5,Fashion,1,3,0,17.0,4.0,5.0,,221.19,44.238,0.45454545454545453,0.8,,1
54251,14.0,Computer,1,7.0,Debit Card,4.0,5,Grocery,4,3,0,23.0,6.0,,12.0,260.03,,,,8-14,0
54252,25.0,Mobile Phone,3,28.0,E wallet,4.0,4,Laptop & Accessory,1,2,1,23.0,1.0,2.0,1.0,179.41,89.705,0.07692307692307693,0.5,0-3,0
54253,4.0,Mobile Phone,3,11.0,Credit Card,4.0,5,Laptop & Accessory,4,3,1,13.0,3.0,3.0,8.0,177.09,59.03,0.6,1.0,8-14,0
54254,20.0,Computer,1,7.0,Credit Card,3.0,5,Fashion,5,4,1,14.0,5.0,,6.0,231.73,,,,4-7,0
54255,6.0,Mobile Phone,3,13.0,Credit Card,3.0,4,Laptop & Accessory,3,3,0,17.0,6.0,6.0,8.0,175.1,29.183333333333334,0.8571428571428571,1.0,8-14,0
54256,28.0,Mobile Phone,1,9.0,Cash on Delivery,3.0,4,Fashion,3,11,0,13.0,1.0,,4.0,260.49,,,,4-7,0
54257,1.0,Mobile Phone,3,10.0,UPI,3.0,4,Laptop & Accessory,3,2,0,22.0,1.0,2.0,3.0,174.99,87.495,1.0,0.5,0-3,0
54258,2.0,Computer,3,11.0,Credit Card,3.0,4,Laptop & Accessory,3,3,0,16.0,1.0,2.0,5.0,167.21,83.605,0.6666666666666666,0.5,4-7,0
54259,31.0,Mobile Phone,3,17.0,Credit Card,3.0,4,Grocery,3,2,0,14.0,,2.0,9.0,263.72,131.86,0.0625,,8-14,0
54260,18.0,Computer,1,30.0,Credit Card,4.0,4,Laptop & Accessory,4,6,0,13.0,1.0,2.0,3.0,145.42,72.71,0.10526315789473684,0.5,0-3,0
54261,1.0,Mobile Phone,2,13.0,UPI,4.0,4,Mobile Phone,5,6,1,23.0,1.0,2.0,3.0,145.73,72.865,1.0,0.5,0-3,1
54262,6.0,Mobile Phone,1,7.0,Debit Card,4.0,4,Mobile Phone,5,3,0,14.0,1.0,2.0,1.0,154.56,77.28,0.2857142857142857,0.5,0-3,0
54263,1.0,Computer,1,13.0,Debit Card,4.0,5,Mobile Phone,1,3,1,19.0,1.0,2.0,1.0,154.26,77.13,1.0,0.5,0-3,1
54264,8.0,Mobile Phone,1,13.0,UPI,3.0,4,Laptop & Accessory,3,3,0,15.0,1.0,3.0,11.0,173.09,57.696666666666665,0.3333333333333333,0.3333333333333333,8-14,0
54265,11.0,Computer,1,9.0,Debit Card,4.0,5,Laptop & Accessory,1,7,0,15.0,2.0,2.0,1.0,176.63,88.315,0.16666666666666666,1.0,0-3,0
54266,31.0,Computer,2,9.0,UPI,3.0,5,Others,1,11,0,,1.0,3.0,3.0,313.44,104.48,0.09375,0.3333333333333333,0-3,0
54267,24.0,Computer,1,7.0,Debit Card,4.0,4,Others,4,5,1,,1.0,2.0,8.0,306.72,153.36,0.08,0.5,8-14,0
54268,1.0,Mobile Phone,3,12.0,E wallet,3.0,5,Laptop & Accessory,3,3,1,12.0,1.0,2.0,4.0,182.44,91.22,1.0,0.5,4-7,1
54269,1.0,Mobile Phone,1,14.0,Credit Card,4.0,5,Mobile Phone,1,3,0,12.0,1.0,3.0,2.0,153.89,51.29666666666666,1.5,0.3333333333333333,0-3,0
54270,1.0,Mobile Phone,1,22.0,Credit Card,3.0,4,Mobile Phone,1,3,0,16.0,2.0,2.0,1.0,153.71,76.855,1.0,1.0,0-3,0
54271,25.0,Computer,1,7.0,Credit Card,2.0,5,Fashion,5,5,0,21.0,5.0,13.0,9.0,199.84,15.372307692307693,0.5,0.38461538461538464,8-14,0
54273,28.0,Computer,2,33.0,UPI,2.0,2,Grocery,1,4,1,,3.0,5.0,5.0,298.28,59.65599999999999,0.1724137931034483,0.6,4-7,0
54274,1.0,Mobile Phone,1,25.0,Debit Card,3.0,4,Mobile Phone,3,2,0,13.0,1.0,2.0,3.0,152.74,76.37,1.0,0.5,0-3,0
54275,8.0,Mobile Phone,1,13.0,Debit Card,3.0,5,Laptop & Accessory,4,8,0,16.0,2.0,2.0,1.0,170.05,85.025,0.2222222222222222,1.0,0-3,0
54276,11.0,Mobile Phone,3,10.0,Debit Card,3.0,4,Fashion,1,4,0,13.0,1.0,2.0,4.0,199.28,99.64,0.16666666666666666,0.5,4-7,0
54277,8.0,Mobile Phone,1,12.0,Credit Card,3.0,5,Fashion,5,4,0,13.0,3.0,,9.0,241.31,,,,8-14,0
54278,10.0,Computer,3,18.0,Cash on Delivery,4.0,4,Fashion,1,2,0,15.0,1.0,3.0,,222.38,74.12666666666667,0.2727272727272727,0.3333333333333333,,0
54279,10.0,Mobile Phone,1,10.0,Debit Card,3.0,4,Mobile Phone,1,7,0,23.0,1.0,2.0,1.0,153.35,76.675,0.18181818181818182,0.5,0-3,0
54280,17.0,Computer,3,33.0,Debit Card,4.0,4,Grocery,1,3,1,,2.0,5.0,13.0,294.59,58.91799999999999,0.2777777777777778,0.4,8-14,0
54281,4.0,Computer,1,30.0,Debit Card,4.0,6,Mobile Phone,3,3,0,26.0,1.0,2.0,10.0,151.13,75.565,0.4,0.5,8-14,0
54282,7.0,Computer,3,29.0,E wallet,4.0,4,Laptop & Accessory,4,2,0,14.0,1.0,2.0,8.0,186.46,93.23,0.25,0.5,8-14,0
54283,20.0,Mobile Phone,1,21.0,Debit Card,4.0,4,Mobile Phone,4,11,1,19.0,4.0,5.0,4.0,174.63,34.926,0.23809523809523808,0.8,4-7,1
54284,25.0,Mobile Phone,1,13.0,Debit Card,3.0,4,Others,3,9,0,,9.0,16.0,16.0,320.37,20.023125,0.6153846153846154,0.5625,15+,0
54285,1.0,Mobile Phone,3,13.0,Debit Card,4.0,6,Laptop & Accessory,3,6,1,19.0,1.0,8.0,8.0,186.72,23.34,4.0,0.125,8-14,1
54286,1.0,Mobile Phone,1,13.0,UPI,3.0,5,Mobile Phone,4,3,0,20.0,3.0,5.0,4.0,148.68,29.736,2.5,0.6,4-7,0
54287,21.0,Mobile Phone,1,30.0,Credit Card,4.0,4,Fashion,1,3,0,13.0,8.0,16.0,,228.12,14.2575,0.7272727272727273,0.5,,1
54288,1.0,Mobile Phone,3,29.0,E wallet,3.0,4,Mobile Phone,3,3,1,20.0,2.0,2.0,1.0,141.75,70.875,1.0,1.0,0-3,1
54289,1.0,Mobile Phone,1,9.0,Cash on Delivery,4.0,4,Mobile Phone,1,2,0,15.0,3.0,3.0,2.0,150.23,50.07666666666666,1.5,1.0,0-3,0
54290,23.0,Mobile Phone,1,27.0,Credit Card,4.0,4,Laptop & Accessory,5,3,0,15.0,6.0,6.0,12.0,190.67,31.778333333333332,0.25,1.0,8-14,0
54291,17.0,Computer,1,35.0,Credit Card,4.0,2,Mobile Phone,3,6,0,13.0,1.0,2.0,3.0,172.39,86.195,0.1111111111111111,0.5,0-3,0
54292,24.0,Computer,3,19.0,E wallet,4.0,4,Fashion,1,6,0,12.0,2.0,3.0,,217.08,72.36,0.12,0.6666666666666666,,0
54293,1.0,Mobile Phone,3,27.0,Debit Card,4.0,6,Laptop & Accessory,3,5,1,12.0,1.0,3.0,3.0,170.59,56.86333333333334,1.5,0.3333333333333333,0-3,1
54294,15.0,Mobile Phone,3,16.0,Debit Card,4.0,4,Fashion,3,5,1,14.0,1.0,2.0,8.0,206.89,103.445,0.125,0.5,8-14,0
54295,1.0,Mobile Phone,2,32.0,Debit Card,4.0,4,Mobile Phone,3,3,0,24.0,3.0,6.0,8.0,154.42,25.736666666666665,3.0,0.5,8-14,0
54296,10.0,Mobile Phone,1,13.0,Credit Card,3.0,4,Laptop & Accessory,4,8,0,21.0,1.0,2.0,2.0,174.41,87.205,0.18181818181818182,0.5,0-3,0
54297,15.0,Computer,1,15.0,Debit Card,3.0,6,Fashion,1,4,0,16.0,2.0,2.0,4.0,231.5,115.75,0.125,1.0,4-7,1
54298,13.0,Mobile Phone,3,11.0,Debit Card,3.0,5,Laptop & Accessory,3,6,0,15.0,6.0,6.0,10.0,184.02,30.67,0.42857142857142855,1.0,8-14,0
54299,1.0,Mobile Phone,3,35.0,Debit Card,3.0,5,Laptop & Accessory,3,4,0,19.0,2.0,3.0,,211.39,70.46333333333332,1.5,0.6666666666666666,,0
54300,4.0,Mobile Phone,2,16.0,UPI,3.0,4,Laptop & Accessory,1,2,1,20.0,5.0,5.0,8.0,188.47,37.694,1.0,1.0,8-14,0
54302,19.0,Mobile Phone,1,36.0,Credit Card,3.0,4,Mobile Phone,1,7,0,14.0,2.0,2.0,4.0,159.52,79.76,0.1,1.0,4-7,0
54303,12.0,Mobile Phone,1,10.0,Cash on Delivery,3.0,4,Laptop & Accessory,3,5,1,21.0,3.0,3.0,3.0,168.17,56.056666666666665,0.23076923076923078,1.0,0-3,0
54304,4.0,Mobile Phone,1,25.0,Debit Card,4.0,4,Mobile Phone,3,3,0,15.0,2.0,2.0,5.0,151.32,75.66,0.4,1.0,4-7,0
54305,6.0,Computer,3,16.0,Credit Card,3.0,6,Laptop & Accessory,1,2,0,18.0,1.0,2.0,8.0,171.68,85.84,0.2857142857142857,0.5,8-14,0
54306,4.0,Mobile Phone,1,12.0,Cash on Delivery,3.0,4,Mobile Phone,5,7,0,15.0,1.0,3.0,31.0,157.04,52.346666666666664,0.6,0.3333333333333333,15+,0
54307,4.0,Mobile Phone,1,9.0,Credit Card,3.0,5,Mobile Phone,1,2,0,14.0,1.0,2.0,3.0,152.2,76.1,0.4,0.5,0-3,0
54308,15.0,Computer,1,17.0,Debit Card,4.0,5,Grocery,5,6,0,,3.0,8.0,8.0,296.81,37.10125,0.5,0.375,8-14,0
54309,15.0,Mobile Phone,1,16.0,Debit Card,4.0,4,Mobile Phone,5,4,0,22.0,1.0,2.0,5.0,147.38,73.69,0.125,0.5,4-7,0
54310,1.0,Mobile Phone,1,10.0,Credit Card,4.0,4,Mobile Phone,4,3,0,15.0,2.0,2.0,1.0,139.83,69.915,1.0,1.0,0-3,0
54311,14.0,Computer,1,33.0,Credit Card,3.0,4,Laptop & Accessory,4,3,0,12.0,1.0,3.0,14.0,181.05,60.35,0.2,0.3333333333333333,8-14,0
54312,9.0,Mobile Phone,3,7.0,E wallet,4.0,4,Fashion,4,3,0,14.0,1.0,2.0,7.0,197.95,98.975,0.2,0.5,4-7,0
54313,27.0,Mobile Phone,3,13.0,E wallet,3.0,4,Laptop & Accessory,3,4,1,21.0,1.0,5.0,6.0,148.06,29.612000000000002,0.17857142857142858,0.2,4-7,0
54315,6.0,Computer,3,15.0,E wallet,3.0,4,Fashion,1,3,0,15.0,3.0,4.0,,214.98,53.745,0.5714285714285714,0.75,,0
54316,3.0,Computer,1,7.0,Cash on Delivery,3.0,4,Laptop & Accessory,3,3,0,14.0,1.0,2.0,10.0,168.19,84.095,0.5,0.5,8-14,0
54317,25.0,Mobile Phone,1,14.0,Credit Card,3.0,5,Laptop & Accessory,3,4,0,18.0,2.0,2.0,1.0,186.32,93.16,0.07692307692307693,1.0,0-3,0
54318,31.0,Mobile Phone,1,16.0,Credit Card,4.0,5,Mobile Phone,4,6,1,21.0,2.0,2.0,1.0,158.46,79.23,0.0625,1.0,0-3,0
54319,14.0,Mobile Phone,3,11.0,E wallet,4.0,5,Fashion,1,9,0,12.0,2.0,,12.0,233.55,,,,8-14,0
54320,8.0,Computer,3,9.0,E wallet,4.0,4,Mobile Phone,3,8,0,19.0,1.0,2.0,3.0,147.31,73.655,0.2222222222222222,0.5,0-3,0
54321,1.0,Mobile Phone,1,26.0,Credit Card,4.0,4,Mobile Phone,1,3,0,25.0,3.0,3.0,3.0,148.23,49.41,1.5,1.0,0-3,0
54322,1.0,Computer,1,16.0,Credit Card,3.0,4,Mobile Phone,4,8,0,19.0,3.0,3.0,3.0,145.24,48.413333333333334,1.5,1.0,0-3,0
54323,2.0,Mobile Phone,1,28.0,Credit Card,3.0,4,Mobile Phone,1,3,0,12.0,1.0,2.0,3.0,152.13,76.065,0.6666666666666666,0.5,0-3,0
54324,31.0,Mobile Phone,1,31.0,Debit Card,3.0,2,Fashion,1,5,1,17.0,2.0,2.0,,219.39,109.695,0.0625,1.0,,0
54326,24.0,Mobile Phone,1,18.0,Debit Card,3.0,4,Others,4,5,0,16.0,1.0,5.0,5.0,324.26,64.852,0.2,0.2,4-7,0
54328,4.0,Mobile Phone,3,12.0,Debit Card,3.0,4,Fashion,1,4,0,13.0,2.0,8.0,,219.19,27.39875,1.6,0.25,,0
54329,12.0,Mobile Phone,3,7.0,Debit Card,3.0,5,Laptop & Accessory,1,6,0,23.0,1.0,2.0,,211.86,105.93,0.15384615384615385,0.5,,0
54331,1.0,Mobile Phone,1,24.0,Cash on Delivery,3.0,4,Mobile Phone,4,2,1,17.0,1.0,2.0,2.0,155.58,77.79,1.0,0.5,0-3,0
54333,10.0,Computer,1,10.0,Credit Card,2.0,4,Mobile Phone,4,6,0,13.0,3.0,8.0,3.0,145.88,18.235,0.7272727272727273,0.375,0-3,0
54334,4.0,Computer,1,16.0,Credit Card,4.0,4,Laptop & Accessory,5,3,0,12.0,6.0,7.0,11.0,155.72,22.245714285714286,1.4,0.8571428571428571,8-14,0
54336,30.0,Mobile Phone,1,15.0,Debit Card,4.0,4,Mobile Phone,5,6,1,19.0,3.0,3.0,3.0,167.57,55.85666666666666,0.0967741935483871,1.0,0-3,0
54337,7.0,Mobile Phone,1,9.0,Debit Card,3.0,4,Mobile Phone,1,2,0,15.0,2.0,2.0,3.0,150.0,75.0,0.25,1.0,0-3,0
54338,1.0,Mobile Phone,1,9.0,Debit Card,3.0,5,Mobile Phone,1,3,0,23.0,2.0,2.0,1.0,136.02,68.01,1.0,1.0,0-3,1
54339,20.0,Mobile Phone,3,7.0,E wallet,4.0,4,Fashion,5,3,0,26.0,9.0,16.0,,229.53,14.345625,0.7619047619047619,0.5625,,0
54340,12.0,Mobile Phone,1,16.0,Debit Card,4.0,4,Mobile Phone,1,3,0,13.0,2.0,3.0,2.0,147.88,49.29333333333333,0.23076923076923078,0.6666666666666666,0-3,0
54341,5.0,Mobile Phone,1,19.0,Credit Card,4.0,4,Mobile Phone,1,10,1,24.0,2.0,2.0,3.0,164.29,82.145,0.3333333333333333,1.0,0-3,0
54342,8.0,Mobile Phone,1,34.0,Credit Card,4.0,4,Mobile Phone,4,4,0,16.0,1.0,2.0,3.0,148.11,74.055,0.2222222222222222,0.5,0-3,0
54344,24.0,Mobile Phone,1,7.0,Credit Card,3.0,5,Mobile Phone,3,4,0,16.0,2.0,2.0,3.0,161.9,80.95,0.08,1.0,0-3,0
54345,27.0,Mobile Phone,1,20.0,Credit Card,3.0,2,Laptop & Accessory,5,3,0,12.0,2.0,2.0,4.0,169.5,84.75,0.07142857142857142,1.0,4-7,0
54346,7.0,Mobile Phone,1,21.0,Credit Card,4.0,4,Mobile Phone,4,3,0,14.0,2.0,2.0,7.0,152.56,76.28,0.25,1.0,4-7,0
54347,14.0,Mobile Phone,1,11.0,Credit Card,3.0,4,Others,3,3,0,,2.0,10.0,10.0,315.33,31.532999999999998,0.6666666666666666,0.2,8-14,0
54348,29.0,Mobile Phone,1,21.0,Credit Card,4.0,2,Others,4,10,0,,3.0,3.0,16.0,312.22,104.07333333333334,0.1,1.0,15+,0
54349,8.0,Computer,1,9.0,Debit Card,3.0,5,Laptop & Accessory,3,3,0,18.0,1.0,2.0,,220.47,110.235,0.2222222222222222,0.5,,0
54351,26.0,Mobile Phone,1,7.0,Debit Card,4.0,5,Others,3,2,0,15.0,8.0,12.0,10.0,324.99,27.0825,0.4444444444444444,0.6666666666666666,8-14,0
54352,1.0,Mobile Phone,1,16.0,Credit Card,5.0,4,Mobile Phone,4,3,0,17.0,1.0,2.0,4.0,147.79,73.895,1.0,0.5,4-7,0
54353,1.0,Mobile Phone,1,30.0,Debit Card,3.0,5,Laptop & Accessory,3,5,1,14.0,2.0,2.0,2.0,184.16,92.08,1.0,1.0,0-3,1
54354,17.0,Computer,1,14.0,Credit Card,3.0,2,Mobile Phone,1,6,0,15.0,2.0,3.0,3.0,145.89,48.629999999999995,0.16666666666666666,0.6666666666666666,0-3,0
54355,19.0,Computer,1,9.0,Credit Card,4.0,5,Grocery,1,11,0,,2.0,12.0,9.0,292.92,24.41,0.6,0.16666666666666666,8-14,0
54356,11.0,Mobile Phone,1,28.0,Debit Card,4.0,2,Mobile Phone,5,3,1,13.0,2.0,2.0,8.0,160.64,80.32,0.16666666666666666,1.0,8-14,0
54357,9.0,Computer,1,9.0,Credit Card,3.0,4,Laptop & Accessory,4,7,0,12.0,1.0,2.0,3.0,169.25,84.625,0.2,0.5,0-3,0
54359,12.0,Mobile Phone,1,9.0,Debit Card,3.0,4,Laptop & Accessory,3,11,0,15.0,2.0,2.0,1.0,190.53,95.265,0.15384615384615385,1.0,0-3,0
54360,12.0,Mobile Phone,1,36.0,Cash on Delivery,3.0,4,Laptop & Accessory,1,5,0,19.0,1.0,2.0,8.0,187.61,93.805,0.15384615384615385,0.5,8-14,0
54361,1.0,Computer,1,7.0,Cash on Delivery,3.0,5,Laptop & Accessory,5,7,0,20.0,3.0,3.0,1.0,167.98,55.99333333333333,1.5,1.0,0-3,0
54362,23.0,Computer,1,25.0,Debit Card,4.0,4,Laptop & Accessory,1,3,1,16.0,1.0,2.0,8.0,193.04,96.52,0.08333333333333333,0.5,8-14,0
54364,14.0,Mobile Phone,1,26.0,Credit Card,2.0,4,Laptop & Accessory,1,10,1,16.0,4.0,4.0,8.0,152.41,38.1025,0.26666666666666666,1.0,8-14,0
54365,2.0,Mobile Phone,1,36.0,Credit Card,4.0,4,Laptop & Accessory,5,9,1,20.0,2.0,2.0,1.0,191.73,95.865,0.6666666666666666,1.0,0-3,1
54366,1.0,Mobile Phone,3,34.0,E wallet,3.0,4,Fashion,1,3,0,23.0,1.0,2.0,10.0,201.39,100.695,1.0,0.5,8-14,1
54367,1.0,Mobile Phone,1,12.0,Debit Card,3.0,2,Mobile Phone,4,3,1,17.0,3.0,3.0,3.0,148.28,49.42666666666667,1.5,1.0,0-3,0
54368,10.0,Computer,1,25.0,Credit Card,4.0,4,Mobile Phone,1,3,0,14.0,1.0,2.0,8.0,146.53,73.265,0.18181818181818182,0.5,8-14,0
54369,14.0,Computer,1,16.0,Debit Card,4.0,5,Laptop & Accessory,1,11,0,15.0,1.0,2.0,3.0,173.76,86.88,0.13333333333333333,0.5,0-3,0
54371,1.0,Mobile Phone,3,11.0,Credit Card,3.0,6,Fashion,1,3,0,12.0,7.0,10.0,,229.0,22.9,5.0,0.7,,1
54372,4.0,Computer,1,7.0,Debit Card,3.0,5,Fashion,3,3,0,23.0,5.0,6.0,,209.74,34.95666666666667,1.2,0.8333333333333334,,0
54374,25.0,Mobile Phone,1,15.0,Debit Card,3.0,5,Fashion,4,7,0,17.0,3.0,,8.0,249.9,,,,8-14,0
54375,1.0,Mobile Phone,1,10.0,Cash on Delivery,3.0,4,Mobile Phone,5,7,1,12.0,1.0,2.0,5.0,151.57,75.785,1.0,0.5,4-7,1
54376,15.0,Mobile Phone,3,13.0,Debit Card,4.0,4,Fashion,1,5,1,19.0,,2.0,1.0,260.91,130.455,0.125,,0-3,0
54377,1.0,Computer,3,33.0,E wallet,3.0,5,Laptop & Accessory,5,7,0,16.0,2.0,2.0,2.0,191.96,95.98,1.0,1.0,0-3,1
54379,19.0,Computer,3,13.0,Credit Card,3.0,5,Fashion,1,8,0,13.0,6.0,13.0,,213.65,16.434615384615384,0.65,0.46153846153846156,,0
54380,28.0,Mobile Phone,3,10.0,E wallet,3.0,4,Laptop & Accessory,5,4,0,15.0,2.0,2.0,6.0,184.4,92.2,0.06896551724137931,1.0,4-7,0
54381,10.0,Mobile Phone,1,12.0,Debit Card,4.0,4,Laptop & Accessory,4,10,0,17.0,3.0,4.0,8.0,184.14,46.035,0.36363636363636365,0.75,8-14,0
54382,7.0,Mobile Phone,1,11.0,Credit Card,3.0,5,Mobile Phone,4,8,0,22.0,1.0,2.0,2.0,151.22,75.61,0.25,0.5,0-3,0
54383,11.0,Computer,1,18.0,UPI,3.0,4,Fashion,1,3,1,15.0,2.0,,8.0,246.85,,,,8-14,0
54385,5.0,Computer,1,7.0,Credit Card,3.0,6,Laptop & Accessory,3,2,0,13.0,1.0,2.0,5.0,168.45,84.225,0.3333333333333333,0.5,4-7,0
54386,31.0,Mobile Phone,1,10.0,Debit Card,4.0,5,Mobile Phone,1,5,0,18.0,1.0,2.0,1.0,146.77,73.385,0.0625,0.5,0-3,0
54387,11.0,Computer,3,11.0,E wallet,3.0,4,Mobile Phone,1,6,0,18.0,4.0,6.0,9.0,152.93,25.488333333333333,0.5,0.6666666666666666,8-14,0
54388,3.0,Computer,3,7.0,Credit Card,3.0,4,Fashion,1,3,0,15.0,5.0,5.0,2.0,204.18,40.836,1.25,1.0,0-3,0
54390,1.0,Mobile Phone,1,25.0,Credit Card,3.0,5,Mobile Phone,1,3,1,14.0,1.0,2.0,2.0,148.89,74.445,1.0,0.5,0-3,1
54391,26.0,Mobile Phone,1,9.0,Debit Card,3.0,5,Mobile Phone,1,9,0,16.0,3.0,3.0,3.0,157.12,52.373333333333335,0.1111111111111111,1.0,0-3,0
54392,16.0,Mobile Phone,1,11.0,Cash on Delivery,3.0,4,Others,1,3,0,,1.0,12.0,16.0,317.32,26.44333333333333,0.7058823529411765,0.08333333333333333,15+,0
54393,31.0,Mobile Phone,2,13.0,Credit Card,3.0,4,Mobile Phone,3,10,0,18.0,1.0,3.0,3.0,147.67,49.22333333333333,0.09375,0.3333333333333333,0-3,0
54394,24.0,Mobile Phone,3,7.0,Credit Card,4.0,4,Others,1,5,0,,2.0,2.0,7.0,320.17,160.085,0.08,1.0,4-7,0
54395,1.0,Mobile Phone,1,21.0,Credit Card,3.0,4,Mobile Phone,1,7,1,14.0,2.0,2.0,5.0,149.36,74.68,1.0,1.0,4-7,1
54396,17.0,Mobile Phone,3,23.0,E wallet,4.0,4,Grocery,1,7,1,23.0,,2.0,10.0,285.64,142.82,0.1111111111111111,,8-14,0
54397,1.0,Mobile Phone,1,9.0,Debit Card,3.0,4,Mobile Phone,5,9,0,21.0,2.0,2.0,8.0,152.07,76.035,1.0,1.0,8-14,1
54398,26.0,Computer,3,9.0,Debit Card,4.0,5,Others,3,3,1,,2.0,16.0,13.0,315.68,19.73,0.5925925925925926,0.125,8-14,0
54399,6.0,Mobile Phone,3,11.0,Debit Card,3.0,4,Mobile Phone,4,4,0,12.0,2.0,2.0,3.0,164.31,82.155,0.2857142857142857,1.0,0-3,0
54400,1.0,Mobile Phone,1,7.0,Debit Card,4.0,5,Mobile Phone,3,2,1,15.0,1.0,2.0,3.0,162.3,81.15,1.0,0.5,0-3,1
54401,13.0,Mobile Phone,1,7.0,Credit Card,4.0,4,Mobile Phone,3,9,0,15.0,2.0,2.0,3.0,147.32,73.66,0.14285714285714285,1.0,0-3,0
54402,6.0,Computer,3,33.0,E wallet,4.0,4,Laptop & Accessory,1,2,0,19.0,3.0,3.0,3.0,169.65,56.550000000000004,0.42857142857142855,1.0,0-3,0
54403,15.0,Mobile Phone,1,26.0,Debit Card,3.0,4,Laptop & Accessory,5,4,0,17.0,1.0,2.0,1.0,155.72,77.86,0.125,0.5,0-3,0
54404,14.0,Mobile Phone,1,31.0,Cash on Delivery,4.0,4,Laptop & Accessory,1,3,0,18.0,3.0,5.0,8.0,158.19,31.637999999999998,0.3333333333333333,0.6,8-14,0
54405,19.0,Mobile Phone,1,7.0,UPI,4.0,2,Others,1,2,0,,2.0,2.0,8.0,317.02,158.51,0.1,1.0,8-14,0
54407,7.0,Mobile Phone,1,12.0,Debit Card,4.0,5,Mobile Phone,1,3,0,14.0,1.0,2.0,3.0,154.11,77.055,0.25,0.5,0-3,0
54408,8.0,Mobile Phone,1,9.0,Debit Card,3.0,5,Laptop & Accessory,5,8,0,14.0,1.0,6.0,10.0,184.57,30.761666666666667,0.6666666666666666,0.16666666666666666,8-14,0
54409,11.0,Mobile Phone,1,7.0,Credit Card,3.0,5,Mobile Phone,5,4,0,15.0,1.0,2.0,3.0,164.2,82.1,0.16666666666666666,0.5,0-3,0
54410,19.0,Computer,1,14.0,Debit Card,4.0,2,Laptop & Accessory,3,6,0,18.0,2.0,2.0,3.0,189.34,94.67,0.1,1.0,0-3,0
54411,1.0,Computer,1,17.0,Credit Card,4.0,4,Fashion,3,8,0,12.0,1.0,2.0,,225.48,112.74,1.0,0.5,,1
54412,13.0,Computer,1,9.0,Cash on Delivery,4.0,4,Fashion,3,2,0,26.0,7.0,,9.0,234.38,,,,8-14,0
54413,3.0,Mobile Phone,1,22.0,Debit Card,3.0,4,Mobile Phone,1,3,0,20.0,2.0,2.0,6.0,148.4,74.2,0.5,1.0,4-7,0
54414,16.0,Mobile Phone,1,24.0,Debit Card,3.0,2,Laptop & Accessory,5,5,1,14.0,2.0,2.0,3.0,190.45,95.225,0.11764705882352941,1.0,0-3,0
54415,3.0,Mobile Phone,3,27.0,E wallet,3.0,4,Laptop & Accessory,1,4,0,15.0,2.0,2.0,3.0,194.31,97.155,0.5,1.0,0-3,0
54416,1.0,Mobile Phone,1,7.0,Debit Card,4.0,4,Laptop & Accessory,3,2,0,13.0,2.0,2.0,3.0,173.98,86.99,1.0,1.0,0-3,0
54417,16.0,Mobile Phone,1,9.0,Credit Card,3.0,5,Mobile Phone,5,2,1,12.0,8.0,8.0,9.0,150.93,18.86625,0.47058823529411764,1.0,8-14,0
54418,14.0,Mobile Phone,1,9.0,Credit Card,3.0,4,Others,3,2,0,,4.0,4.0,10.0,319.36,79.84,0.26666666666666666,1.0,8-14,0
54419,25.0,Mobile Phone,1,7.0,Debit Card,4.0,4,Mobile Phone,1,3,0,12.0,2.0,2.0,1.0,152.23,76.115,0.07692307692307693,1.0,0-3,0
54420,1.0,Computer,1,36.0,Credit Card,4.0,5,Mobile Phone,4,2,0,12.0,1.0,2.0,5.0,159.79,79.895,1.0,0.5,4-7,1
54421,6.0,Computer,1,14.0,Debit Card,4.0,2,Mobile Phone,4,3,0,21.0,1.0,2.0,4.0,152.94,76.47,0.2857142857142857,0.5,4-7,0
54422,12.0,Computer,3,9.0,Debit Card,3.0,5,Laptop & Accessory,1,5,0,19.0,2.0,8.0,6.0,177.49,22.18625,0.6153846153846154,0.25,4-7,0
54424,20.0,Mobile Phone,3,9.0,Cash on Delivery,4.0,6,Grocery,4,5,1,,7.0,8.0,8.0,293.72,36.715,0.38095238095238093,0.875,8-14,0
54425,1.0,Mobile Phone,1,9.0,Debit Card,4.0,4,Mobile Phone,3,4,0,12.0,1.0,2.0,1.0,159.85,79.925,1.0,0.5,0-3,1
54426,3.0,Mobile Phone,3,9.0,Credit Card,4.0,5,Laptop & Accessory,4,4,0,20.0,2.0,2.0,1.0,191.44,95.72,0.5,1.0,0-3,0
54427,5.0,Mobile Phone,1,30.0,Credit Card,4.0,5,Laptop & Accessory,1,2,0,22.0,1.0,8.0,9.0,180.82,22.6025,1.3333333333333333,0.125,8-14,0
54428,1.0,Computer,1,12.0,Debit Card,3.0,2,Laptop & Accessory,5,3,0,13.0,2.0,2.0,6.0,165.0,82.5,1.0,1.0,4-7,0
54429,19.0,Mobile Phone,1,27.0,Credit Card,4.0,4,Grocery,1,2,1,15.0,3.0,,11.0,259.96,,,,8-14,0
54430,10.0,Mobile Phone,1,13.0,Debit Card,3.0,4,Mobile Phone,1,2,0,12.0,2.0,11.0,12.0,157.1,14.281818181818181,1.0,0.18181818181818182,8-14,0
54431,29.0,Mobile Phone,1,7.0,Credit Card,3.0,4,Others,5,2,1,,4.0,5.0,14.0,315.45,63.089999999999996,0.16666666666666666,0.8,8-14,0
54432,11.0,Computer,1,36.0,Debit Card,3.0,4,Fashion,4,3,1,13.0,5.0,,10.0,243.49,,,,8-14,1
54433,2.0,Mobile Phone,1,16.0,Credit Card,4.0,4,Mobile Phone,1,3,0,24.0,2.0,2.0,5.0,145.7,72.85,0.6666666666666666,1.0,4-7,0
54434,11.0,Mobile Phone,3,13.0,Credit Card,4.0,4,Laptop & Accessory,1,6,0,15.0,2.0,2.0,2.0,190.02,95.01,0.16666666666666666,1.0,0-3,0
54436,11.0,Computer,1,7.0,Credit Card,4.0,4,Fashion,1,4,1,19.0,,2.0,3.0,261.03,130.515,0.16666666666666666,,0-3,0
54437,9.0,Mobile Phone,1,29.0,Debit Card,4.0,2,Fashion,4,9,0,19.0,6.0,,3.0,244.96,,,,0-3,0
54438,12.0,Mobile Phone,3,14.0,Credit Card,3.0,2,Laptop & Accessory,5,3,1,25.0,5.0,8.0,8.0,181.05,22.63125,0.6153846153846154,0.625,8-14,0
54439,1.0,Computer,1,7.0,Debit Card,3.0,4,Laptop & Accessory,4,3,0,21.0,2.0,2.0,5.0,188.97,94.485,1.0,1.0,4-7,0
54440,24.0,Mobile Phone,1,11.0,Debit Card,4.0,4,Others,4,5,0,,1.0,2.0,7.0,316.44,158.22,0.08,0.5,4-7,0
54441,27.0,Mobile Phone,1,10.0,Credit Card,3.0,4,Grocery,3,5,1,,2.0,2.0,4.0,300.84,150.42,0.07142857142857142,1.0,4-7,0
54442,16.0,Mobile Phone,3,7.0,Debit Card,2.0,4,Laptop & Accessory,3,3,0,26.0,7.0,12.0,7.0,174.07,14.505833333333333,0.7058823529411765,0.5833333333333334,4-7,0
54443,3.0,Computer,3,9.0,Debit Card,3.0,4,Laptop & Accessory,1,3,0,19.0,1.0,2.0,10.0,170.54,85.27,0.5,0.5,8-14,0
54444,29.0,Mobile Phone,1,27.0,Cash on Delivery,3.0,4,Laptop & Accessory,1,5,1,20.0,1.0,2.0,9.0,179.15,89.575,0.06666666666666667,0.5,8-14,0
54445,1.0,Computer,1,18.0,Credit Card,3.0,4,Laptop & Accessory,5,3,1,14.0,2.0,4.0,4.0,172.41,43.1025,2.0,0.5,4-7,0
54446,11.0,Mobile Phone,1,7.0,Debit Card,3.0,4,Mobile Phone,1,3,0,13.0,2.0,6.0,8.0,146.15,24.358333333333334,0.5,0.3333333333333333,8-14,0
54448,12.0,Mobile Phone,1,30.0,Debit Card,3.0,4,Laptop & Accessory,1,11,0,15.0,1.0,2.0,3.0,182.45,91.225,0.15384615384615385,0.5,0-3,0
54450,2.0,Mobile Phone,1,15.0,Debit Card,4.0,4,Mobile Phone,1,3,0,22.0,2.0,2.0,3.0,158.1,79.05,0.6666666666666666,1.0,0-3,0
54452,10.0,Mobile Phone,1,10.0,Cash on Delivery,2.0,4,Laptop & Accessory,4,6,0,13.0,3.0,8.0,8.0,169.85,21.23125,0.7272727272727273,0.375,8-14,0
54454,1.0,Mobile Phone,3,11.0,E wallet,3.0,5,Laptop & Accessory,1,3,1,13.0,5.0,8.0,5.0,183.28,22.91,4.0,0.625,4-7,1
54455,11.0,Computer,1,16.0,Credit Card,3.0,4,Mobile Phone,1,3,1,13.0,1.0,2.0,3.0,148.26,74.13,0.16666666666666666,0.5,0-3,0
54456,16.0,Computer,3,33.0,E wallet,4.0,4,Grocery,4,7,0,15.0,4.0,,9.0,260.25,,,,8-14,0
54457,1.0,Mobile Phone,1,10.0,Debit Card,3.0,4,Mobile Phone,3,3,0,14.0,2.0,2.0,1.0,139.2,69.6,1.0,1.0,0-3,1
54458,9.0,Mobile Phone,3,23.0,E wallet,4.0,4,Fashion,4,2,0,16.0,4.0,7.0,10.0,205.2,29.314285714285713,0.7,0.5714285714285714,8-14,0
54459,10.0,Computer,1,25.0,Debit Card,3.0,2,Mobile Phone,1,6,0,19.0,2.0,2.0,1.0,161.88,80.94,0.18181818181818182,1.0,0-3,0
54462,1.0,Mobile Phone,3,17.0,Credit Card,4.0,5,Mobile Phone,3,3,0,13.0,1.0,2.0,1.0,137.0,68.5,1.0,0.5,0-3,0
54463,2.0,Mobile Phone,1,23.0,Credit Card,4.0,2,Laptop & Accessory,5,2,0,20.0,1.0,2.0,8.0,181.61,90.805,0.6666666666666666,0.5,8-14,0
54464,5.0,Mobile Phone,3,14.0,Cash on Delivery,4.0,2,Laptop & Accessory,1,6,0,12.0,4.0,8.0,8.0,194.29,24.28625,1.3333333333333333,0.5,8-14,0
54465,13.0,Mobile Phone,1,7.0,Credit Card,3.0,2,Fashion,1,2,0,18.0,2.0,4.0,,221.13,55.2825,0.2857142857142857,0.5,,0
54466,10.0,Computer,1,31.0,Debit Card,3.0,4,Laptop & Accessory,4,9,0,16.0,2.0,2.0,9.0,181.74,90.87,0.18181818181818182,1.0,8-14,0
54467,6.0,Mobile Phone,3,14.0,Debit Card,4.0,5,Laptop & Accessory,3,3,0,15.0,4.0,5.0,9.0,179.84,35.968,0.7142857142857143,0.8,8-14,0
54468,12.0,Mobile Phone,1,32.0,Debit Card,3.0,5,Fashion,4,5,0,18.0,1.0,,2.0,245.61,,,,0-3,0
54470,5.0,Mobile Phone,1,12.0,Cash on Delivery,3.0,4,Mobile Phone,1,2,1,13.0,2.0,2.0,4.0,173.21,86.605,0.3333333333333333,1.0,4-7,0
54471,5.0,Mobile Phone,2,9.0,UPI,4.0,5,Laptop & Accessory,5,5,0,13.0,1.0,2.0,1.0,189.1,94.55,0.3333333333333333,0.5,0-3,0
54472,19.0,Computer,1,14.0,Debit Card,4.0,4,Fashion,5,3,0,19.0,3.0,10.0,12.0,177.1,17.71,0.5,0.3,8-14,0
54473,5.0,Mobile Phone,1,9.0,Debit Card,3.0,4,Mobile Phone,1,2,1,19.0,3.0,3.0,3.0,151.95,50.65,0.5,1.0,0-3,0
54474,7.0,Computer,1,12.0,Debit Card,4.0,4,Fashion,4,8,0,12.0,8.0,,9.0,243.78,,,,8-14,0
54475,1.0,Mobile Phone,1,17.0,Credit Card,4.0,4,Grocery,5,3,1,,2.0,12.0,11.0,295.68,24.64,6.0,0.16666666666666666,8-14,0
54476,17.0,Computer,1,17.0,Debit Card,3.0,4,Mobile Phone,1,2,0,20.0,1.0,2.0,8.0,149.55,74.775,0.1111111111111111,0.5,8-14,0
54478,16.0,Mobile Phone,1,15.0,Credit Card,3.0,5,Laptop & Accessory,4,4,0,16.0,8.0,8.0,8.0,174.41,21.80125,0.47058823529411764,1.0,8-14,1
54480,6.0,Mobile Phone,3,15.0,Cash on Delivery,4.0,5,Laptop & Accessory,4,3,1,12.0,12.0,12.0,10.0,177.28,14.773333333333333,1.7142857142857142,1.0,8-14,0
54481,1.0,Mobile Phone,3,9.0,Debit Card,4.0,4,Laptop & Accessory,3,3,1,12.0,1.0,2.0,5.0,169.78,84.89,1.0,0.5,4-7,0
54482,5.0,Mobile Phone,3,14.0,E wallet,4.0,4,Laptop & Accessory,1,6,0,13.0,1.0,2.0,8.0,200.47,100.235,0.3333333333333333,0.5,8-14,0
54483,6.0,Mobile Phone,1,9.0,Credit Card,4.0,2,Laptop & Accessory,1,9,0,17.0,1.0,2.0,8.0,175.55,87.775,0.2857142857142857,0.5,8-14,0
54484,1.0,Mobile Phone,1,9.0,Credit Card,3.0,6,Mobile Phone,1,7,1,14.0,2.0,3.0,3.0,159.64,53.21333333333333,1.5,0.6666666666666666,0-3,1
54485,4.0,Mobile Phone,1,35.0,Credit Card,4.0,4,Laptop & Accessory,1,3,0,14.0,2.0,2.0,10.0,182.75,91.375,0.4,1.0,8-14,0
54486,5.0,Computer,1,14.0,Debit Card,3.0,5,Fashion,3,3,0,25.0,8.0,9.0,,214.43,23.825555555555557,1.5,0.8888888888888888,,0
54487,13.0,Computer,1,14.0,Credit Card,3.0,5,Others,1,3,0,,7.0,14.0,4.0,317.72,22.694285714285716,1.0,0.5,4-7,0
54488,3.0,Mobile Phone,3,10.0,Credit Card,3.0,4,Laptop & Accessory,3,6,1,19.0,2.0,2.0,1.0,177.38,88.69,0.5,1.0,0-3,1
54489,7.0,Computer,3,17.0,E wallet,3.0,5,Laptop & Accessory,1,5,0,15.0,2.0,2.0,2.0,171.82,85.91,0.25,1.0,0-3,0
54490,21.0,Mobile Phone,1,12.0,Debit Card,3.0,4,Others,3,6,0,,2.0,2.0,2.0,308.0,154.0,0.09090909090909091,1.0,0-3,0
54491,17.0,Computer,1,17.0,Debit Card,3.0,5,Laptop & Accessory,3,3,0,12.0,2.0,2.0,1.0,177.57,88.785,0.1111111111111111,1.0,0-3,0
54492,1.0,Computer,3,7.0,E wallet,4.0,4,Laptop & Accessory,4,2,1,14.0,1.0,2.0,5.0,188.49,94.245,1.0,0.5,4-7,0
54493,28.0,Computer,1,27.0,Debit Card,3.0,4,Laptop & Accessory,3,5,0,13.0,1.0,2.0,4.0,173.69,86.845,0.06896551724137931,0.5,4-7,0
54494,17.0,Mobile Phone,1,14.0,Debit Card,3.0,4,Fashion,5,10,0,17.0,2.0,2.0,,224.85,112.425,0.1111111111111111,1.0,,0
54495,19.0,Mobile Phone,1,15.0,UPI,4.0,4,Laptop & Accessory,1,11,0,15.0,9.0,10.0,9.0,161.97,16.197,0.5,0.9,8-14,0
54496,14.0,Mobile Phone,3,7.0,Credit Card,3.0,6,Laptop & Accessory,1,4,1,23.0,2.0,2.0,3.0,199.57,99.785,0.13333333333333333,1.0,0-3,0
54497,1.0,Mobile Phone,1,15.0,UPI,4.0,6,Mobile Phone,5,3,1,12.0,1.0,2.0,8.0,146.19,73.095,1.0,0.5,8-14,1
54498,3.0,Mobile Phone,1,16.0,UPI,2.0,5,Mobile Phone,1,2,0,18.0,2.0,3.0,3.0,164.83,54.943333333333335,0.75,0.6666666666666666,0-3,0
54499,4.0,Mobile Phone,3,12.0,E wallet,2.0,5,Laptop & Accessory,3,3,0,14.0,2.0,2.0,3.0,186.18,93.09,0.4,1.0,0-3,0
54500,1.0,Mobile Phone,3,15.0,E wallet,3.0,4,Laptop & Accessory,4,3,0,19.0,1.0,2.0,8.0,187.14,93.57,1.0,0.5,8-14,0
54501,11.0,Mobile Phone,1,12.0,Credit Card,4.0,4,Laptop & Accessory,1,9,0,17.0,2.0,2.0,5.0,188.47,94.235,0.16666666666666666,1.0,4-7,0
54502,12.0,Mobile Phone,1,22.0,Debit Card,4.0,5,Fashion,1,2,1,15.0,3.0,,10.0,240.1,,,,8-14,0
54503,5.0,Mobile Phone,1,14.0,Credit Card,3.0,4,Fashion,1,3,1,15.0,5.0,5.0,11.0,196.43,39.286,0.8333333333333334,1.0,8-14,0
54504,3.0,Mobile Phone,3,17.0,E wallet,3.0,5,Laptop & Accessory,4,3,1,15.0,2.0,2.0,8.0,207.68,103.84,0.5,1.0,8-14,0
54505,9.0,Mobile Phone,1,12.0,Cash on Delivery,4.0,4,Fashion,4,2,0,14.0,2.0,2.0,14.0,205.95,102.975,0.2,1.0,8-14,0
54506,1.0,Mobile Phone,1,33.0,Debit Card,3.0,4,Mobile Phone,1,3,0,13.0,1.0,2.0,3.0,154.04,77.02,1.0,0.5,0-3,0
54508,21.0,Computer,3,11.0,Credit Card,4.0,4,Laptop & Accessory,3,5,0,20.0,1.0,2.0,1.0,154.76,77.38,0.09090909090909091,0.5,0-3,0
54509,16.0,Mobile Phone,1,30.0,Debit Card,3.0,4,Grocery,1,4,0,15.0,,2.0,1.0,284.92,142.46,0.11764705882352941,,0-3,0
54510,3.0,Computer,3,9.0,Debit Card,4.0,4,Laptop & Accessory,3,3,0,15.0,2.0,2.0,3.0,171.49,85.745,0.5,1.0,0-3,0
54512,6.0,Mobile Phone,1,9.0,Credit Card,4.0,4,Mobile Phone,4,3,0,14.0,1.0,2.0,8.0,148.7,74.35,0.2857142857142857,0.5,8-14,0
54513,22.0,Mobile Phone,3,36.0,Credit Card,4.0,4,Fashion,3,5,0,22.0,1.0,,1.0,250.04,,,,0-3,0
54514,11.0,Mobile Phone,1,13.0,Credit Card,3.0,2,Laptop & Accessory,5,6,1,14.0,7.0,7.0,8.0,184.74,26.391428571428573,0.5833333333333334,1.0,8-14,0
54515,4.0,Computer,3,32.0,Cash on Delivery,3.0,4,Laptop & Accessory,3,9,1,13.0,3.0,3.0,3.0,172.36,57.45333333333334,0.6,1.0,0-3,0
54516,1.0,Mobile Phone,3,7.0,Debit Card,3.0,4,Laptop & Accessory,3,3,0,18.0,1.0,8.0,8.0,177.96,22.245,4.0,0.125,8-14,0
54517,16.0,Mobile Phone,1,9.0,UPI,4.0,5,Laptop & Accessory,1,5,0,24.0,2.0,2.0,1.0,192.81,96.405,0.11764705882352941,1.0,0-3,0
54518,1.0,Computer,3,7.0,Cash on Delivery,4.0,5,Mobile Phone,4,3,1,12.0,2.0,2.0,3.0,146.74,73.37,1.0,1.0,0-3,1
54519,10.0,Computer,3,7.0,Credit Card,3.0,4,Laptop & Accessory,1,6,0,16.0,2.0,2.0,1.0,191.53,95.765,0.18181818181818182,1.0,0-3,0
54520,10.0,Computer,3,10.0,Credit Card,3.0,5,Fashion,1,6,0,12.0,1.0,2.0,,221.99,110.995,0.18181818181818182,0.5,,0
54521,31.0,Mobile Phone,1,7.0,Credit Card,3.0,4,Laptop & Accessory,3,4,0,12.0,1.0,2.0,3.0,192.55,96.275,0.0625,0.5,0-3,0
54522,14.0,Mobile Phone,1,17.0,Debit Card,3.0,2,Mobile Phone,3,5,1,14.0,1.0,2.0,8.0,147.13,73.565,0.13333333333333333,0.5,8-14,0
54523,1.0,Computer,3,16.0,Credit Card,3.0,4,Mobile Phone,1,3,0,25.0,3.0,3.0,3.0,151.1,50.36666666666667,1.5,1.0,0-3,0
54524,1.0,Mobile Phone,3,12.0,E wallet,3.0,4,Mobile Phone,3,3,1,14.0,1.0,2.0,1.0,153.51,76.755,1.0,0.5,0-3,1
54525,11.0,Mobile Phone,1,17.0,Credit Card,4.0,4,Mobile Phone,5,8,0,21.0,2.0,2.0,4.0,159.52,79.76,0.16666666666666666,1.0,4-7,0
54526,20.0,Computer,1,14.0,Credit Card,2.0,4,Laptop & Accessory,3,4,0,15.0,2.0,2.0,1.0,177.58,88.79,0.09523809523809523,1.0,0-3,0
54527,5.0,Computer,3,11.0,E wallet,3.0,4,Laptop & Accessory,4,3,0,19.0,5.0,8.0,,218.55,27.31875,1.3333333333333333,0.625,,1
54528,24.0,Mobile Phone,1,17.0,Cash on Delivery,4.0,5,Fashion,1,8,0,16.0,2.0,2.0,,229.96,114.98,0.08,1.0,,0
54529,4.0,Mobile Phone,3,29.0,E wallet,4.0,5,Laptop & Accessory,3,4,1,13.0,2.0,2.0,1.0,188.8,94.4,0.4,1.0,0-3,1
54530,5.0,Mobile Phone,1,16.0,Debit Card,3.0,5,Mobile Phone,4,2,1,17.0,3.0,3.0,3.0,151.57,50.52333333333333,0.5,1.0,0-3,0
54531,1.0,Mobile Phone,3,19.0,Debit Card,3.0,2,Mobile Phone,4,3,0,16.0,1.0,2.0,1.0,152.16,76.08,1.0,0.5,0-3,1
54532,3.0,Mobile Phone,1,30.0,Debit Card,3.0,4,Mobile Phone,1,11,0,17.0,1.0,2.0,3.0,147.01,73.505,0.5,0.5,0-3,0
54533,9.0,Mobile Phone,1,16.0,Debit Card,4.0,5,Laptop & Accessory,4,11,0,20.0,1.0,2.0,1.0,190.4,95.2,0.2,0.5,0-3,0
54535,2.0,Mobile Phone,3,16.0,Debit Card,4.0,4,Laptop & Accessory,1,3,0,17.0,2.0,2.0,8.0,177.53,88.765,0.6666666666666666,1.0,8-14,0
54536,23.0,Mobile Phone,1,14.0,UPI,3.0,5,Fashion,3,10,0,25.0,2.0,,1.0,234.65,,,,0-3,0
54537,25.0,Mobile Phone,3,21.0,Debit Card,3.0,4,Laptop & Accessory,1,6,0,12.0,2.0,2.0,8.0,174.36,87.18,0.07692307692307693,1.0,8-14,0
54538,10.0,Mobile Phone,1,9.0,Debit Card,4.0,4,Mobile Phone,3,6,0,14.0,3.0,3.0,3.0,150.43,50.14333333333334,0.2727272727272727,1.0,0-3,0
54539,1.0,Computer,3,26.0,E wallet,4.0,2,Laptop & Accessory,1,10,1,14.0,1.0,2.0,5.0,178.04,89.02,1.0,0.5,4-7,1
54540,29.0,Mobile Phone,1,9.0,Debit Card,4.0,4,Grocery,1,4,1,14.0,,2.0,3.0,291.59,145.795,0.06666666666666667,,0-3,0
54542,4.0,Mobile Phone,3,9.0,Cash on Delivery,4.0,4,Mobile Phone,4,3,0,19.0,2.0,2.0,1.0,149.76,74.88,0.4,1.0,0-3,0
54544,1.0,Mobile Phone,1,18.0,Credit Card,3.0,4,Mobile Phone,4,3,0,14.0,2.0,2.0,3.0,147.44,73.72,1.0,1.0,0-3,0
54545,10.0,Mobile Phone,3,9.0,Credit Card,4.0,5,Fashion,3,3,0,14.0,9.0,10.0,1.0,200.96,20.096,0.9090909090909091,0.9,0-3,0
54546,1.0,Computer,1,11.0,Cash on Delivery,3.0,4,Mobile Phone,1,11,1,24.0,2.0,2.0,1.0,147.85,73.925,1.0,1.0,0-3,1
54547,11.0,Mobile Phone,1,21.0,Debit Card,4.0,4,Mobile Phone,5,3,0,13.0,11.0,13.0,18.0,155.34,11.94923076923077,1.0833333333333333,0.8461538461538461,15+,0
54549,16.0,Mobile Phone,1,7.0,Debit Card,4.0,4,Mobile Phone,5,5,0,17.0,1.0,2.0,3.0,150.76,75.38,0.11764705882352941,0.5,0-3,0
54552,14.0,Mobile Phone,1,9.0,Credit Card,4.0,5,Laptop & Accessory,3,8,0,23.0,2.0,2.0,1.0,159.48,79.74,0.13333333333333333,1.0,0-3,0
54553,28.0,Mobile Phone,1,12.0,Credit Card,3.0,4,Others,5,6,0,,2.0,2.0,3.0,319.06,159.53,0.06896551724137931,1.0,0-3,0
54554,8.0,Computer,3,11.0,E wallet,4.0,4,Laptop & Accessory,3,11,0,16.0,1.0,2.0,3.0,190.38,95.19,0.2222222222222222,0.5,0-3,0
54555,5.0,Mobile Phone,1,14.0,Credit Card,3.0,4,Laptop & Accessory,5,3,0,13.0,4.0,4.0,13.0,168.06,42.015,0.6666666666666666,1.0,8-14,0
54556,17.0,Computer,1,28.0,Credit Card,4.0,4,Mobile Phone,1,9,0,21.0,2.0,2.0,3.0,147.58,73.79,0.1111111111111111,1.0,0-3,0
54557,17.0,Mobile Phone,1,15.0,UPI,4.0,4,Laptop & Accessory,3,6,1,15.0,2.0,2.0,3.0,170.22,85.11,0.1111111111111111,1.0,0-3,0
54558,1.0,Mobile Phone,3,11.0,Debit Card,4.0,5,Laptop & Accessory,1,3,1,12.0,1.0,2.0,4.0,169.87,84.935,1.0,0.5,4-7,0
54559,11.0,Computer,1,32.0,Credit Card,4.0,4,Laptop & Accessory,3,5,1,16.0,5.0,11.0,8.0,169.49,15.408181818181818,0.9166666666666666,0.45454545454545453,8-14,0
54560,5.0,Mobile Phone,1,7.0,Debit Card,4.0,5,Mobile Phone,5,3,0,13.0,4.0,4.0,3.0,147.18,36.795,0.6666666666666666,1.0,0-3,0
54562,30.0,Computer,3,13.0,Debit Card,3.0,2,Grocery,5,11,0,12.0,7.0,,8.0,257.12,,,,8-14,0
54564,15.0,Mobile Phone,3,7.0,E wallet,3.0,2,Fashion,5,3,0,17.0,2.0,2.0,8.0,208.92,104.46,0.125,1.0,8-14,0
54566,1.0,Mobile Phone,1,10.0,Credit Card,4.0,4,Mobile Phone,5,7,0,14.0,2.0,2.0,3.0,165.31,82.655,1.0,1.0,0-3,1
54567,26.0,Mobile Phone,1,10.0,Credit Card,3.0,5,Fashion,3,4,1,15.0,2.0,2.0,5.0,204.69,102.345,0.07407407407407407,1.0,4-7,0
54568,19.0,Mobile Phone,1,17.0,Debit Card,4.0,4,Mobile Phone,1,5,0,22.0,1.0,2.0,3.0,151.54,75.77,0.1,0.5,0-3,0
54569,26.0,Mobile Phone,1,11.0,Debit Card,2.0,4,Grocery,1,4,0,14.0,,2.0,5.0,290.55,145.275,0.07407407407407407,,4-7,0
54571,4.0,Mobile Phone,1,9.0,Debit Card,3.0,6,Laptop & Accessory,1,4,0,21.0,2.0,2.0,3.0,185.91,92.955,0.4,1.0,0-3,0
54572,31.0,Mobile Phone,1,14.0,Debit Card,3.0,4,Others,5,7,0,,2.0,12.0,11.0,320.66,26.721666666666668,0.375,0.16666666666666666,8-14,0
54573,20.0,Mobile Phone,1,25.0,Credit Card,3.0,4,Laptop & Accessory,3,4,0,15.0,2.0,2.0,9.0,173.1,86.55,0.09523809523809523,1.0,8-14,0
54574,16.0,Computer,1,35.0,Cash on Delivery,3.0,5,Laptop & Accessory,1,2,0,12.0,1.0,2.0,5.0,170.23,85.115,0.11764705882352941,0.5,4-7,0
54575,1.0,Mobile Phone,3,7.0,Cash on Delivery,4.0,4,Mobile Phone,4,3,1,17.0,1.0,2.0,5.0,157.02,78.51,1.0,0.5,4-7,1
54576,1.0,Computer,3,13.0,E wallet,3.0,6,Mobile Phone,3,2,0,17.0,1.0,2.0,1.0,148.51,74.255,1.0,0.5,0-3,1
54577,12.0,Computer,1,9.0,Debit Card,3.0,4,Mobile Phone,1,3,1,24.0,2.0,2.0,1.0,142.02,71.01,0.15384615384615385,1.0,0-3,0
54578,14.0,Mobile Phone,3,9.0,Debit Card,4.0,4,Others,3,2,0,,2.0,2.0,13.0,305.41,152.705,0.13333333333333333,1.0,8-14,0
54579,1.0,Mobile Phone,1,30.0,Debit Card,3.0,4,Mobile Phone,1,3,0,23.0,1.0,2.0,3.0,153.86,76.93,1.0,0.5,0-3,0
54580,4.0,Computer,1,10.0,Debit Card,3.0,4,Mobile Phone,1,6,0,16.0,2.0,2.0,5.0,145.97,72.985,0.4,1.0,4-7,0
54581,3.0,Mobile Phone,1,10.0,Credit Card,4.0,5,Fashion,3,3,0,19.0,1.0,,8.0,244.35,,,,8-14,0
54582,1.0,Mobile Phone,1,32.0,Cash on Delivery,4.0,5,Mobile Phone,4,7,0,17.0,2.0,2.0,2.0,150.46,75.23,1.0,1.0,0-3,1
54583,1.0,Mobile Phone,2,9.0,Cash on Delivery,3.0,5,Mobile Phone,1,3,0,13.0,1.0,2.0,1.0,150.64,75.32,1.0,0.5,0-3,1
54584,4.0,Computer,3,29.0,UPI,4.0,4,Fashion,5,2,0,12.0,4.0,8.0,9.0,209.12,26.14,1.6,0.5,8-14,0
54585,31.0,Mobile Phone,3,36.0,E wallet,3.0,5,Grocery,1,5,0,13.0,,2.0,1.0,266.18,133.09,0.0625,,0-3,0
54586,24.0,Mobile Phone,1,36.0,Debit Card,3.0,5,Grocery,3,2,0,,16.0,16.0,8.0,295.46,18.46625,0.64,1.0,8-14,0
54587,4.0,Computer,1,9.0,Credit Card,3.0,4,Mobile Phone,1,2,0,15.0,2.0,7.0,8.0,150.64,21.52,1.4,0.2857142857142857,8-14,0
54588,31.0,Computer,3,35.0,E wallet,4.0,5,Fashion,5,6,0,20.0,4.0,14.0,,227.66,16.26142857142857,0.4375,0.2857142857142857,,0
54589,21.0,Mobile Phone,1,9.0,Credit Card,4.0,4,Laptop & Accessory,1,7,0,14.0,1.0,2.0,5.0,175.7,87.85,0.09090909090909091,0.5,4-7,0
54590,20.0,Mobile Phone,1,9.0,Debit Card,3.0,4,Grocery,3,8,0,,2.0,2.0,2.0,303.61,151.805,0.09523809523809523,1.0,0-3,0
54591,9.0,Mobile Phone,1,29.0,Debit Card,3.0,6,Mobile Phone,3,2,0,16.0,2.0,5.0,4.0,167.3,33.46,0.5,0.4,4-7,0
54592,28.0,Mobile Phone,1,6.0,Debit Card,3.0,4,Laptop & Accessory,3,9,0,12.0,1.0,2.0,1.0,162.8,81.4,0.06896551724137931,0.5,0-3,0
54593,8.0,Mobile Phone,1,9.0,Debit Card,4.0,5,Mobile Phone,3,5,0,13.0,4.0,6.0,8.0,152.68,25.44666666666667,0.6666666666666666,0.6666666666666666,8-14,0
54594,6.0,Mobile Phone,3,17.0,E wallet,4.0,5,Fashion,1,4,1,20.0,1.0,2.0,,215.71,107.855,0.2857142857142857,0.5,,0
54595,5.0,Mobile Phone,1,16.0,Debit Card,3.0,4,Fashion,4,3,0,26.0,1.0,2.0,9.0,231.48,115.74,0.3333333333333333,0.5,8-14,0
54596,1.0,Mobile Phone,1,22.0,Credit Card,3.0,4,Fashion,3,9,1,13.0,,8.0,8.0,261.1,32.6375,4.0,,8-14,1
54597,1.0,Mobile Phone,1,17.0,Credit Card,3.0,6,Mobile Phone,1,9,0,14.0,1.0,2.0,4.0,159.08,79.54,1.0,0.5,4-7,1
54598,4.0,Mobile Phone,3,14.0,E wallet,3.0,4,Mobile Phone,4,2,0,15.0,1.0,2.0,3.0,154.83,77.415,0.4,0.5,0-3,0
54599,9.0,Mobile Phone,1,23.0,Debit Card,4.0,4,Fashion,3,6,1,13.0,1.0,2.0,1.0,201.32,100.66,0.2,0.5,0-3,0
54600,1.0,Computer,1,27.0,Debit Card,4.0,4,Fashion,3,5,0,13.0,2.0,2.0,,223.24,111.62,1.0,1.0,,1
54602,16.0,Computer,1,12.0,UPI,4.0,4,Mobile Phone,3,6,0,18.0,1.0,3.0,1.0,145.93,48.64333333333334,0.17647058823529413,0.3333333333333333,0-3,0
54603,10.0,Computer,3,17.0,Credit Card,3.0,4,Fashion,1,3,0,15.0,9.0,10.0,,224.8,22.48,0.9090909090909091,0.9,,0
54604,1.0,Computer,1,11.0,Cash on Delivery,4.0,5,Mobile Phone,3,7,0,17.0,1.0,2.0,3.0,163.94,81.97,1.0,0.5,0-3,1
54605,22.0,Mobile Phone,3,9.0,E wallet,3.0,4,Laptop & Accessory,1,4,0,15.0,7.0,7.0,8.0,165.51,23.64428571428571,0.30434782608695654,1.0,8-14,0
54606,29.0,Mobile Phone,3,25.0,Debit Card,3.0,4,Grocery,4,5,0,,2.0,8.0,9.0,293.35,36.66875,0.26666666666666666,0.25,8-14,0
54607,15.0,Computer,3,17.0,Debit Card,3.0,4,Laptop & Accessory,1,9,0,15.0,1.0,2.0,11.0,187.3,93.65,0.125,0.5,8-14,0
54608,9.0,Mobile Phone,3,7.0,E wallet,3.0,4,Laptop & Accessory,3,11,0,12.0,1.0,7.0,10.0,172.17,24.595714285714283,0.7,0.14285714285714285,8-14,0
54610,13.0,Computer,1,15.0,Debit Card,3.0,4,Mobile Phone,3,3,0,12.0,2.0,2.0,8.0,162.55,81.275,0.14285714285714285,1.0,8-14,0
54611,5.0,Mobile Phone,3,9.0,Debit Card,4.0,4,Laptop & Accessory,1,6,1,14.0,2.0,2.0,6.0,190.82,95.41,0.3333333333333333,1.0,4-7,0
54612,16.0,Mobile Phone,1,31.0,Credit Card,3.0,4,Fashion,5,3,1,22.0,6.0,6.0,9.0,199.06,33.17666666666667,0.35294117647058826,1.0,8-14,0
54613,19.0,Mobile Phone,3,9.0,UPI,4.0,4,Laptop & Accessory,4,2,0,20.0,4.0,4.0,8.0,173.05,43.2625,0.2,1.0,8-14,0
54615,3.0,Mobile Phone,1,26.0,Cash on Delivery,3.0,4,Laptop & Accessory,1,6,0,13.0,2.0,2.0,3.0,167.62,83.81,0.5,1.0,0-3,0
54616,7.0,Mobile Phone,1,7.0,Credit Card,4.0,2,Grocery,3,6,0,20.0,,2.0,6.0,286.84,143.42,0.25,,4-7,0
54617,5.0,Mobile Phone,3,14.0,Debit Card,3.0,5,Fashion,1,11,0,22.0,2.0,,2.0,240.57,,,,0-3,0
54619,14.0,Computer,3,35.0,UPI,3.0,6,Fashion,5,5,0,16.0,1.0,,2.0,234.32,,,,0-3,0
54621,1.0,Mobile Phone,3,36.0,Credit Card,3.0,4,Laptop & Accessory,3,7,0,13.0,1.0,2.0,1.0,168.06,84.03,1.0,0.5,0-3,0
54622,9.0,Mobile Phone,3,7.0,Credit Card,4.0,4,Laptop & Accessory,3,3,0,17.0,2.0,2.0,4.0,173.59,86.795,0.2,1.0,4-7,0
54623,8.0,Mobile Phone,3,28.0,Debit Card,4.0,2,Laptop & Accessory,1,3,0,13.0,1.0,6.0,8.0,178.37,29.728333333333335,0.6666666666666666,0.16666666666666666,8-14,0
54624,1.0,Mobile Phone,1,31.0,Cash on Delivery,4.0,6,Mobile Phone,1,3,1,19.0,1.0,2.0,1.0,148.4,74.2,1.0,0.5,0-3,1
54625,11.0,Mobile Phone,1,7.0,Cash on Delivery,3.0,4,Fashion,1,6,0,18.0,2.0,2.0,3.0,199.91,99.955,0.16666666666666666,1.0,0-3,0
54626,20.0,Computer,1,25.0,Credit Card,3.0,4,Fashion,3,7,0,12.0,1.0,2.0,,230.27,115.135,0.09523809523809523,0.5,,0
54627,15.0,Mobile Phone,3,9.0,Debit Card,4.0,4,Grocery,5,9,0,17.0,,12.0,9.0,290.95,24.245833333333334,0.75,,8-14,0
54628,11.0,Computer,3,16.0,Credit Card,4.0,4,Fashion,4,3,0,14.0,2.0,8.0,,213.34,26.6675,0.6666666666666666,0.25,,0
54630,1.0,Computer,3,18.0,UPI,3.0,2,Laptop & Accessory,3,10,0,13.0,2.0,2.0,3.0,172.07,86.035,1.0,1.0,0-3,1
54631,1.0,Computer,3,31.0,Credit Card,3.0,4,Mobile Phone,1,2,0,14.0,2.0,3.0,2.0,149.0,49.666666666666664,1.5,0.6666666666666666,0-3,0
54632,12.0,Mobile Phone,1,17.0,Credit Card,4.0,4,Laptop & Accessory,3,5,0,20.0,1.0,2.0,,223.24,111.62,0.15384615384615385,0.5,,0
54633,11.0,Mobile Phone,1,7.0,Debit Card,4.0,4,Laptop & Accessory,4,8,0,13.0,5.0,5.0,4.0,189.47,37.894,0.4166666666666667,1.0,4-7,0
54634,23.0,Mobile Phone,1,25.0,Debit Card,3.0,5,Others,3,3,1,,2.0,2.0,10.0,320.02,160.01,0.08333333333333333,1.0,8-14,0
54635,1.0,Mobile Phone,1,30.0,Credit Card,3.0,2,Mobile Phone,1,3,1,12.0,1.0,2.0,5.0,152.25,76.125,1.0,0.5,4-7,0
54636,1.0,Mobile Phone,3,35.0,E wallet,4.0,4,Laptop & Accessory,4,3,0,21.0,1.0,2.0,5.0,187.72,93.86,1.0,0.5,4-7,0
54637,1.0,Mobile Phone,1,24.0,UPI,4.0,5,Mobile Phone,4,3,0,22.0,2.0,2.0,1.0,146.27,73.135,1.0,1.0,0-3,0
54638,24.0,Computer,2,10.0,Credit Card,4.0,4,Others,4,3,0,,2.0,11.0,8.0,307.0,27.90909090909091,0.44,0.18181818181818182,8-14,0
54639,1.0,Mobile Phone,3,20.0,Credit Card,3.0,4,Mobile Phone,3,3,0,12.0,2.0,2.0,7.0,145.96,72.98,1.0,1.0,4-7,0
54640,1.0,Computer,1,14.0,Debit Card,3.0,4,Mobile Phone,3,3,1,17.0,1.0,2.0,3.0,153.86,76.93,1.0,0.5,0-3,1
54641,1.0,Computer,3,19.0,Debit Card,4.0,5,Mobile Phone,5,3,0,19.0,2.0,2.0,1.0,145.33,72.665,1.0,1.0,0-3,1
54642,8.0,Mobile Phone,1,7.0,Debit Card,3.0,5,Mobile Phone,1,3,1,14.0,2.0,2.0,4.0,161.22,80.61,0.2222222222222222,1.0,4-7,0
54644,9.0,Mobile Phone,1,32.0,UPI,3.0,5,Laptop & Accessory,1,6,0,15.0,2.0,2.0,3.0,161.81,80.905,0.2,1.0,0-3,0
54645,5.0,Mobile Phone,3,13.0,Credit Card,4.0,2,Laptop & Accessory,1,6,0,23.0,6.0,6.0,8.0,179.6,29.933333333333334,1.0,1.0,8-14,0
54646,1.0,Mobile Phone,1,13.0,Credit Card,4.0,5,Mobile Phone,3,2,0,13.0,1.0,2.0,4.0,146.87,73.435,1.0,0.5,4-7,0
54647,11.0,Mobile Phone,3,9.0,E wallet,4.0,4,Laptop & Accessory,3,6,1,12.0,1.0,2.0,,221.02,110.51,0.16666666666666666,0.5,,0
54648,1.0,Mobile Phone,1,7.0,Debit Card,3.0,5,Mobile Phone,4,3,0,14.0,1.0,2.0,1.0,153.36,76.68,1.0,0.5,0-3,0
54649,16.0,Mobile Phone,1,9.0,Debit Card,3.0,4,Laptop & Accessory,1,3,0,14.0,1.0,3.0,3.0,165.89,55.29666666666666,0.17647058823529413,0.3333333333333333,0-3,0
54650,17.0,Mobile Phone,1,13.0,UPI,3.0,5,Grocery,1,6,1,15.0,,2.0,1.0,291.27,145.635,0.1111111111111111,,0-3,0
54651,12.0,Mobile Phone,1,7.0,Debit Card,3.0,4,Mobile Phone,5,5,0,18.0,1.0,2.0,1.0,151.19,75.595,0.15384615384615385,0.5,0-3,0
54652,17.0,Computer,1,16.0,Credit Card,4.0,4,Laptop & Accessory,3,5,1,14.0,2.0,5.0,8.0,181.79,36.358,0.2777777777777778,0.4,8-14,0
54653,22.0,Mobile Phone,1,7.0,Debit Card,3.0,5,Grocery,5,9,0,12.0,,2.0,3.0,279.02,139.51,0.08695652173913043,,0-3,0
54656,1.0,Mobile Phone,3,9.0,E wallet,3.0,4,Mobile Phone,5,2,0,12.0,2.0,2.0,3.0,155.41,77.705,1.0,1.0,0-3,1
54657,1.0,Mobile Phone,3,29.0,Cash on Delivery,3.0,4,Mobile Phone,3,3,0,12.0,1.0,2.0,3.0,159.47,79.735,1.0,0.5,0-3,0
54658,18.0,Mobile Phone,1,10.0,UPI,3.0,4,Others,1,6,1,,1.0,2.0,2.0,320.13,160.065,0.10526315789473684,0.5,0-3,0
54659,1.0,Mobile Phone,1,13.0,Credit Card,4.0,4,Mobile Phone,3,2,0,21.0,2.0,3.0,3.0,152.73,50.91,1.5,0.6666666666666666,0-3,0
54660,7.0,Mobile Phone,3,15.0,E wallet,3.0,4,Laptop & Accessory,3,2,0,13.0,1.0,2.0,3.0,196.04,98.02,0.25,0.5,0-3,0
54661,6.0,Mobile Phone,1,16.0,Debit Card,4.0,4,Laptop & Accessory,1,3,1,13.0,2.0,2.0,6.0,188.22,94.11,0.2857142857142857,1.0,4-7,0
54663,27.0,Mobile Phone,3,7.0,Credit Card,3.0,4,Laptop & Accessory,5,9,0,21.0,5.0,9.0,11.0,208.81,23.20111111111111,0.32142857142857145,0.5555555555555556,8-14,0
54664,8.0,Mobile Phone,1,7.0,Debit Card,3.0,4,Mobile Phone,1,3,0,13.0,2.0,9.0,9.0,151.91,16.878888888888888,1.0,0.2222222222222222,8-14,0
54665,9.0,Computer,3,33.0,Debit Card,4.0,4,Laptop & Accessory,5,4,0,15.0,1.0,2.0,1.0,167.86,83.93,0.2,0.5,0-3,1
54666,1.0,Mobile Phone,1,13.0,Debit Card,4.0,4,Mobile Phone,1,3,1,14.0,1.0,2.0,3.0,81.0,40.5,1.0,0.5,0-3,0
54667,11.0,Mobile Phone,1,10.0,UPI,3.0,4,Fashion,3,3,0,16.0,8.0,8.0,,219.34,27.4175,0.6666666666666666,1.0,,0
54668,3.0,Mobile Phone,3,10.0,Credit Card,4.0,4,Laptop & Accessory,3,3,0,15.0,1.0,2.0,3.0,180.61,90.305,0.5,0.5,0-3,0
54669,9.0,Mobile Phone,1,13.0,Debit Card,3.0,6,Laptop & Accessory,1,3,0,14.0,1.0,12.0,9.0,191.46,15.955,1.2,0.08333333333333333,8-14,0
54670,7.0,Computer,1,13.0,Debit Card,2.0,4,Laptop & Accessory,1,5,0,24.0,4.0,5.0,8.0,202.25,40.45,0.625,0.8,8-14,0
54671,28.0,Mobile Phone,2,26.0,Credit Card,3.0,4,Fashion,4,4,0,16.0,3.0,,2.0,232.25,,,,0-3,0
54672,10.0,Mobile Phone,1,16.0,Credit Card,3.0,5,Laptop & Accessory,4,4,1,12.0,1.0,2.0,,213.47,106.735,0.18181818181818182,0.5,,0
54673,1.0,Mobile Phone,1,10.0,Credit Card,3.0,5,Mobile Phone,1,2,0,14.0,2.0,2.0,2.0,145.45,72.725,1.0,1.0,0-3,0
54674,1.0,Mobile Phone,1,17.0,Credit Card,3.0,4,Mobile Phone,3,3,1,12.0,2.0,2.0,2.0,135.09,67.545,1.0,1.0,0-3,1
54675,1.0,Computer,1,10.0,Debit Card,4.0,4,Mobile Phone,5,3,1,12.0,6.0,10.0,8.0,158.48,15.847999999999999,5.0,0.6,8-14,1
54676,9.0,Computer,1,10.0,Debit Card,3.0,5,Mobile Phone,3,3,0,19.0,2.0,2.0,1.0,137.81,68.905,0.2,1.0,0-3,0
54677,1.0,Mobile Phone,1,11.0,Credit Card,3.0,2,Mobile Phone,5,4,0,17.0,1.0,2.0,3.0,153.19,76.595,1.0,0.5,0-3,0
54678,1.0,Mobile Phone,3,15.0,Debit Card,3.0,2,Laptop & Accessory,4,2,0,23.0,2.0,2.0,3.0,173.51,86.755,1.0,1.0,0-3,0
54679,12.0,Mobile Phone,3,14.0,E wallet,3.0,5,Laptop & Accessory,1,2,0,21.0,2.0,2.0,6.0,165.28,82.64,0.15384615384615385,1.0,4-7,0
54680,3.0,Computer,1,7.0,Debit Card,4.0,6,Mobile Phone,1,3,0,19.0,1.0,3.0,9.0,152.2,50.73333333333333,0.75,0.3333333333333333,8-14,0
54681,22.0,Mobile Phone,3,9.0,E wallet,3.0,2,Laptop & Accessory,4,5,0,13.0,1.0,3.0,3.0,206.2,68.73333333333333,0.13043478260869565,0.3333333333333333,0-3,0
54682,1.0,Computer,3,10.0,Credit Card,4.0,2,Laptop & Accessory,1,3,1,21.0,2.0,2.0,5.0,171.47,85.735,1.0,1.0,4-7,0
54683,11.0,Mobile Phone,1,17.0,Debit Card,4.0,2,Mobile Phone,1,5,0,18.0,2.0,2.0,1.0,171.8,85.9,0.16666666666666666,1.0,0-3,0
54684,24.0,Mobile Phone,1,35.0,Credit Card,4.0,2,Mobile Phone,3,3,1,12.0,1.0,4.0,9.0,157.21,39.3025,0.16,0.25,8-14,0
54687,13.0,Mobile Phone,1,9.0,Cash on Delivery,4.0,5,Laptop & Accessory,3,3,0,12.0,2.0,12.0,11.0,170.53,14.210833333333333,0.8571428571428571,0.16666666666666666,8-14,0
54688,6.0,Mobile Phone,3,17.0,E wallet,3.0,4,Laptop & Accessory,1,3,0,13.0,2.0,2.0,9.0,178.96,89.48,0.2857142857142857,1.0,8-14,0
54689,14.0,Computer,3,15.0,Cash on Delivery,3.0,4,Laptop & Accessory,3,5,1,15.0,1.0,2.0,4.0,192.96,96.48,0.13333333333333333,0.5,4-7,1
54690,12.0,Mobile Phone,1,7.0,Debit Card,3.0,2,Laptop & Accessory,1,2,0,14.0,1.0,2.0,9.0,201.25,100.625,0.15384615384615385,0.5,8-14,0
54691,1.0,Mobile Phone,1,7.0,Debit Card,4.0,4,Fashion,5,3,0,12.0,1.0,2.0,8.0,199.12,99.56,1.0,0.5,8-14,0
54692,6.0,Mobile Phone,1,10.0,Debit Card,3.0,4,Fashion,1,5,0,16.0,7.0,,8.0,236.59,,,,8-14,0
54693,21.0,Mobile Phone,3,21.0,E wallet,3.0,4,Laptop & Accessory,5,4,0,13.0,2.0,2.0,8.0,174.6,87.3,0.09090909090909091,1.0,8-14,0
54694,14.0,Computer,3,12.0,Debit Card,3.0,5,Fashion,5,7,1,22.0,1.0,2.0,,229.75,114.875,0.13333333333333333,0.5,,0
54695,27.0,Mobile Phone,1,14.0,Debit Card,3.0,2,Grocery,3,5,0,20.0,,2.0,4.0,273.14,136.57,0.07142857142857142,,4-7,0
54696,15.0,Mobile Phone,2,17.0,UPI,4.0,5,Others,1,5,0,,4.0,13.0,7.0,316.41,24.33923076923077,0.8125,0.3076923076923077,4-7,0
54697,31.0,Mobile Phone,3,23.0,E wallet,3.0,4,Laptop & Accessory,5,10,0,15.0,3.0,3.0,3.0,179.05,59.68333333333334,0.09375,1.0,0-3,0
54698,1.0,Computer,1,17.0,Debit Card,3.0,4,Fashion,5,3,0,22.0,1.0,2.0,,212.93,106.465,1.0,0.5,,0
54699,15.0,Mobile Phone,2,7.0,UPI,3.0,5,Others,3,3,0,,2.0,3.0,11.0,316.89,105.63,0.1875,0.6666666666666666,8-14,0
54700,24.0,Mobile Phone,3,15.0,E wallet,3.0,4,Mobile Phone,4,9,0,16.0,1.0,3.0,3.0,163.75,54.583333333333336,0.12,0.3333333333333333,0-3,0
54702,10.0,Computer,1,15.0,Debit Card,4.0,2,Fashion,5,11,0,15.0,1.0,,6.0,242.13,,,,4-7,0
54706,4.0,Mobile Phone,3,34.0,E wallet,4.0,4,Laptop & Accessory,1,9,0,24.0,3.0,8.0,8.0,178.04,22.255,1.6,0.375,8-14,0
54707,3.0,Mobile Phone,3,17.0,Debit Card,4.0,4,Mobile Phone,3,3,0,12.0,2.0,2.0,1.0,151.42,75.71,0.5,1.0,0-3,0
54708,6.0,Computer,1,26.0,Credit Card,3.0,2,Mobile Phone,3,8,1,13.0,1.0,3.0,3.0,152.59,50.86333333333334,0.42857142857142855,0.3333333333333333,0-3,1
54709,17.0,Computer,3,22.0,Debit Card,3.0,5,Laptop & Accessory,1,5,0,19.0,2.0,3.0,3.0,193.04,64.34666666666666,0.16666666666666666,0.6666666666666666,0-3,0
54710,8.0,Mobile Phone,1,15.0,Credit Card,4.0,4,Laptop & Accessory,3,5,0,12.0,1.0,5.0,4.0,186.42,37.284,0.5555555555555556,0.2,4-7,0
54711,1.0,Mobile Phone,1,16.0,Credit Card,3.0,4,Mobile Phone,5,3,0,15.0,2.0,2.0,3.0,150.0,75.0,1.0,1.0,0-3,0
54712,13.0,Mobile Phone,2,10.0,UPI,3.0,2,Laptop & Accessory,4,11,0,16.0,1.0,4.0,7.0,188.89,47.2225,0.2857142857142857,0.25,4-7,0
54713,30.0,Mobile Phone,1,16.0,Credit Card,3.0,4,Grocery,1,9,0,12.0,1.0,,2.0,236.03,,,,0-3,0
54714,14.0,Mobile Phone,1,9.0,Credit Card,3.0,5,Mobile Phone,1,2,1,21.0,1.0,3.0,4.0,148.42,49.47333333333333,0.2,0.3333333333333333,4-7,0
54716,3.0,Mobile Phone,3,17.0,E wallet,3.0,4,Mobile Phone,4,3,0,15.0,3.0,3.0,3.0,147.97,49.32333333333333,0.75,1.0,0-3,0
54717,27.0,Mobile Phone,1,13.0,Debit Card,3.0,4,Laptop & Accessory,1,4,0,18.0,3.0,3.0,3.0,149.5,49.833333333333336,0.10714285714285714,1.0,0-3,0
54718,9.0,Computer,1,9.0,Debit Card,4.0,4,Laptop & Accessory,5,4,0,12.0,2.0,2.0,1.0,175.93,87.965,0.2,1.0,0-3,0
54719,6.0,Computer,1,31.0,Debit Card,4.0,4,Laptop & Accessory,1,3,0,16.0,2.0,5.0,8.0,178.09,35.618,0.7142857142857143,0.4,8-14,0
54720,12.0,Mobile Phone,1,9.0,Credit Card,4.0,4,Mobile Phone,3,8,1,14.0,1.0,2.0,2.0,155.57,77.785,0.15384615384615385,0.5,0-3,0
54722,26.0,Mobile Phone,3,10.0,E wallet,3.0,5,Grocery,5,3,0,,2.0,2.0,17.0,293.56,146.78,0.07407407407407407,1.0,15+,0
54723,1.0,Mobile Phone,1,7.0,UPI,4.0,4,Mobile Phone,1,3,1,14.0,7.0,8.0,9.0,151.86,18.9825,4.0,0.875,8-14,1
54724,1.0,Mobile Phone,3,33.0,Credit Card,3.0,4,Laptop & Accessory,1,3,0,24.0,1.0,2.0,5.0,186.8,93.4,1.0,0.5,4-7,0
54725,19.0,Mobile Phone,3,9.0,Cash on Delivery,3.0,6,Laptop & Accessory,3,2,0,14.0,2.0,4.0,2.0,191.32,47.83,0.2,0.5,0-3,0
54726,1.0,Mobile Phone,1,17.0,Credit Card,4.0,2,Mobile Phone,3,3,0,19.0,1.0,2.0,3.0,160.05,80.025,1.0,0.5,0-3,0
54727,11.0,Computer,3,34.0,Debit Card,4.0,2,Laptop & Accessory,3,6,1,13.0,1.0,2.0,4.0,188.97,94.485,0.16666666666666666,0.5,4-7,1
54728,8.0,Mobile Phone,3,9.0,UPI,3.0,4,Laptop & Accessory,1,3,0,23.0,1.0,2.0,5.0,187.74,93.87,0.2222222222222222,0.5,4-7,0
54729,19.0,Mobile Phone,1,9.0,Credit Card,4.0,4,Others,5,7,1,14.0,2.0,2.0,5.0,323.59,161.795,0.1,1.0,4-7,1
54731,26.0,Computer,1,26.0,Credit Card,3.0,4,Mobile Phone,1,2,0,19.0,2.0,2.0,3.0,167.58,83.79,0.07407407407407407,1.0,0-3,0
54732,1.0,Computer,1,7.0,Debit Card,4.0,6,Mobile Phone,1,5,0,15.0,3.0,3.0,1.0,168.64,56.21333333333333,1.5,1.0,0-3,0
54733,3.0,Mobile Phone,1,34.0,Credit Card,4.0,4,Laptop & Accessory,3,6,0,13.0,1.0,2.0,2.0,168.35,84.175,0.5,0.5,0-3,0
54734,1.0,Mobile Phone,3,15.0,Cash on Delivery,3.0,5,Laptop & Accessory,5,8,0,18.0,1.0,2.0,3.0,178.26,89.13,1.0,0.5,0-3,1
54735,8.0,Mobile Phone,1,7.0,Debit Card,4.0,2,Mobile Phone,1,4,0,17.0,2.0,2.0,4.0,157.8,78.9,0.2222222222222222,1.0,4-7,0
54737,1.0,Computer,3,15.0,E wallet,3.0,4,Laptop & Accessory,1,2,0,20.0,2.0,2.0,2.0,168.42,84.21,1.0,1.0,0-3,0
54738,11.0,Mobile Phone,1,17.0,Debit Card,3.0,4,Mobile Phone,5,2,1,14.0,5.0,5.0,4.0,152.82,30.564,0.4166666666666667,1.0,4-7,0
54739,12.0,Computer,1,9.0,Debit Card,4.0,2,Laptop & Accessory,5,8,1,13.0,1.0,5.0,13.0,184.8,36.96,0.38461538461538464,0.2,8-14,0
54741,9.0,Mobile Phone,3,15.0,Debit Card,4.0,4,Mobile Phone,1,3,0,17.0,2.0,2.0,3.0,150.72,75.36,0.2,1.0,0-3,0
54742,4.0,Mobile Phone,1,7.0,Debit Card,3.0,6,Mobile Phone,3,5,0,22.0,2.0,2.0,3.0,163.33,81.665,0.4,1.0,0-3,0
54743,14.0,Computer,1,9.0,Credit Card,3.0,2,Laptop & Accessory,4,3,0,25.0,1.0,4.0,8.0,167.44,41.86,0.26666666666666666,0.25,8-14,0
54744,8.0,Mobile Phone,3,15.0,Debit Card,4.0,4,Laptop & Accessory,5,7,0,18.0,2.0,2.0,3.0,190.0,95.0,0.2222222222222222,1.0,0-3,0
54745,16.0,Computer,1,15.0,Debit Card,4.0,4,Others,1,3,0,,6.0,15.0,10.0,309.3,20.62,0.8823529411764706,0.4,8-14,0
54746,1.0,Mobile Phone,1,13.0,Debit Card,4.0,2,Mobile Phone,5,3,1,22.0,1.0,2.0,1.0,141.01,70.505,1.0,0.5,0-3,1
54747,1.0,Computer,1,16.0,Debit Card,3.0,5,Mobile Phone,4,3,0,12.0,1.0,2.0,1.0,151.94,75.97,1.0,0.5,0-3,0
54748,26.0,Mobile Phone,1,18.0,Debit Card,3.0,4,Laptop & Accessory,3,10,0,21.0,2.0,2.0,5.0,156.49,78.245,0.07407407407407407,1.0,4-7,0
54749,24.0,Mobile Phone,1,9.0,Credit Card,4.0,4,Grocery,3,7,0,,1.0,2.0,4.0,301.39,150.695,0.08,0.5,4-7,0
54750,1.0,Mobile Phone,1,7.0,Debit Card,3.0,5,Mobile Phone,5,3,1,12.0,1.0,2.0,1.0,148.19,74.095,1.0,0.5,0-3,1
54751,7.0,Mobile Phone,1,14.0,Credit Card,3.0,4,Fashion,3,2,0,12.0,2.0,,8.0,241.91000000000005,,,,8-14,0
54753,21.0,Mobile Phone,1,9.0,UPI,3.0,4,Grocery,1,3,1,,4.0,4.0,1.0,292.52,73.13,0.18181818181818182,1.0,0-3,0
54754,10.0,Mobile Phone,1,7.0,UPI,3.0,4,Laptop & Accessory,4,2,0,16.0,2.0,2.0,6.0,177.28,88.64,0.18181818181818182,1.0,4-7,0
54755,3.0,Mobile Phone,1,30.0,Debit Card,3.0,2,Mobile Phone,3,3,0,25.0,2.0,2.0,8.0,152.0,76.0,0.5,1.0,8-14,0
54756,21.0,Mobile Phone,1,9.0,Debit Card,3.0,4,Others,4,9,1,,8.0,14.0,9.0,317.46,22.675714285714285,0.6363636363636364,0.5714285714285714,8-14,1
54757,9.0,Mobile Phone,1,7.0,Debit Card,3.0,2,Mobile Phone,3,5,0,14.0,3.0,3.0,3.0,150.06,50.02,0.3,1.0,0-3,0
54758,16.0,Mobile Phone,1,7.0,Debit Card,3.0,5,Laptop & Accessory,1,11,1,14.0,1.0,2.0,3.0,185.62,92.81,0.11764705882352941,0.5,0-3,0
54759,1.0,Mobile Phone,1,9.0,Credit Card,3.0,4,Mobile Phone,3,8,0,18.0,3.0,3.0,2.0,168.82,56.27333333333333,1.5,1.0,0-3,1
54760,10.0,Mobile Phone,2,20.0,UPI,3.0,4,Mobile Phone,4,6,0,14.0,2.0,2.0,5.0,146.43,73.215,0.18181818181818182,1.0,4-7,0
54761,6.0,Mobile Phone,1,11.0,Debit Card,4.0,5,Laptop & Accessory,3,3,0,13.0,6.0,7.0,9.0,186.62,26.66,1.0,0.8571428571428571,8-14,0
54762,14.0,Computer,1,23.0,Credit Card,3.0,5,Laptop & Accessory,3,8,0,15.0,1.0,2.0,1.0,175.94,87.97,0.13333333333333333,0.5,0-3,0
54763,4.0,Mobile Phone,1,9.0,Credit Card,3.0,5,Laptop & Accessory,1,7,1,25.0,2.0,2.0,1.0,193.77,96.885,0.4,1.0,0-3,0
54765,16.0,Mobile Phone,1,36.0,Debit Card,4.0,4,Laptop & Accessory,4,3,0,14.0,6.0,8.0,9.0,169.34,21.1675,0.47058823529411764,0.75,8-14,0
54766,12.0,Computer,1,19.0,Debit Card,1.0,5,Laptop & Accessory,5,4,0,16.0,2.0,2.0,3.0,187.88,93.94,0.15384615384615385,1.0,0-3,0
54767,8.0,Computer,1,23.0,Debit Card,4.0,5,Mobile Phone,1,3,0,17.0,2.0,2.0,4.0,150.53,75.265,0.2222222222222222,1.0,4-7,0
54768,13.0,Mobile Phone,3,18.0,E wallet,3.0,4,Fashion,1,3,0,19.0,1.0,8.0,8.0,201.54,25.1925,0.5714285714285714,0.125,8-14,1
54769,19.0,Mobile Phone,3,9.0,Credit Card,3.0,4,Laptop & Accessory,1,6,0,17.0,2.0,8.0,4.0,176.6,22.075,0.4,0.25,4-7,1
54770,17.0,Mobile Phone,1,21.0,Debit Card,4.0,4,Grocery,5,8,0,,2.0,2.0,1.0,296.59,148.295,0.1111111111111111,1.0,0-3,0
54771,1.0,Mobile Phone,1,12.0,Cash on Delivery,3.0,5,Fashion,1,3,1,17.0,2.0,,9.0,253.08,,,,8-14,0
54773,2.0,Mobile Phone,3,9.0,E wallet,3.0,4,Laptop & Accessory,4,3,1,21.0,7.0,8.0,6.0,172.79,21.59875,2.6666666666666665,0.875,4-7,0
54774,8.0,Mobile Phone,2,10.0,UPI,3.0,4,Mobile Phone,1,2,0,20.0,2.0,2.0,3.0,162.37,81.185,0.2222222222222222,1.0,0-3,0
54775,1.0,Computer,1,12.0,Credit Card,3.0,5,Mobile Phone,3,3,1,15.0,1.0,2.0,8.0,148.66,74.33,1.0,0.5,8-14,1
54776,1.0,Computer,1,10.0,Credit Card,3.0,4,Mobile Phone,1,3,0,12.0,1.0,2.0,1.0,142.06,71.03,1.0,0.5,0-3,0
54777,25.0,Mobile Phone,3,33.0,E wallet,4.0,4,Grocery,3,4,0,15.0,,5.0,18.0,288.07,57.614,0.19230769230769232,,15+,0
54779,1.0,Mobile Phone,1,9.0,Credit Card,4.0,2,Mobile Phone,5,9,0,14.0,1.0,2.0,2.0,159.24,79.62,1.0,0.5,0-3,0
54781,9.0,Mobile Phone,1,34.0,Credit Card,3.0,5,Mobile Phone,5,3,0,12.0,1.0,2.0,2.0,150.59,75.295,0.2,0.5,0-3,0
54782,10.0,Mobile Phone,3,7.0,Debit Card,3.0,4,Laptop & Accessory,1,3,1,15.0,4.0,5.0,12.0,187.01,37.402,0.45454545454545453,0.8,8-14,0
54783,6.0,Mobile Phone,3,20.0,Debit Card,4.0,4,Laptop & Accessory,1,4,0,12.0,1.0,2.0,4.0,169.03,84.515,0.2857142857142857,0.5,4-7,0
54784,4.0,Computer,1,12.0,Debit Card,4.0,5,Mobile Phone,1,11,0,13.0,1.0,2.0,4.0,162.61,81.305,0.4,0.5,4-7,0
54785,27.0,Mobile Phone,3,14.0,E wallet,4.0,5,Fashion,1,9,1,19.0,1.0,,5.0,234.34,,,,4-7,0
54786,19.0,Mobile Phone,3,16.0,E wallet,4.0,4,Fashion,5,6,1,13.0,1.0,,3.0,232.61,,,,0-3,0
54787,6.0,Mobile Phone,1,15.0,Credit Card,4.0,2,Laptop & Accessory,3,7,0,13.0,2.0,2.0,4.0,176.75,88.375,0.2857142857142857,1.0,4-7,0
54788,26.0,Computer,1,32.0,Credit Card,3.0,5,Grocery,1,5,0,23.0,,2.0,1.0,263.26,131.63,0.07407407407407407,,0-3,0
54790,2.0,Mobile Phone,2,15.0,Credit Card,4.0,5,Mobile Phone,1,3,0,14.0,2.0,2.0,5.0,174.36,87.18,0.6666666666666666,1.0,4-7,0
54791,1.0,Mobile Phone,1,7.0,Debit Card,3.0,5,Laptop & Accessory,1,8,0,23.0,3.0,3.0,3.0,172.75,57.583333333333336,1.5,1.0,0-3,0
54792,18.0,Mobile Phone,1,15.0,Debit Card,4.0,2,Mobile Phone,1,4,1,25.0,2.0,2.0,3.0,153.18,76.59,0.10526315789473684,1.0,0-3,0
54793,16.0,Computer,1,9.0,Credit Card,3.0,4,Mobile Phone,1,7,1,15.0,2.0,3.0,3.0,150.15,50.050000000000004,0.17647058823529413,0.6666666666666666,0-3,0
54794,10.0,Mobile Phone,2,15.0,Debit Card,4.0,5,Mobile Phone,5,2,0,22.0,1.0,2.0,4.0,148.42,74.21,0.18181818181818182,0.5,4-7,0
54795,1.0,Mobile Phone,3,10.0,UPI,4.0,4,Laptop & Accessory,5,3,1,19.0,1.0,2.0,4.0,166.94,83.47,1.0,0.5,4-7,0
54796,9.0,Mobile Phone,1,16.0,Debit Card,4.0,5,Fashion,3,3,1,21.0,4.0,,16.0,231.85,,,,15+,0
54797,1.0,Computer,1,32.0,Debit Card,4.0,4,Mobile Phone,4,3,1,20.0,7.0,8.0,9.0,145.22,18.1525,4.0,0.875,8-14,1
54798,6.0,Computer,1,7.0,Debit Card,4.0,4,Mobile Phone,1,2,0,13.0,2.0,2.0,3.0,148.14,74.07,0.2857142857142857,1.0,0-3,0
54799,1.0,Mobile Phone,3,11.0,E wallet,3.0,5,Laptop & Accessory,5,3,0,13.0,2.0,2.0,4.0,167.56,83.78,1.0,1.0,4-7,0
54800,23.0,Mobile Phone,1,7.0,Cash on Delivery,3.0,4,Mobile Phone,5,4,0,17.0,1.0,2.0,3.0,160.8,80.4,0.08333333333333333,0.5,0-3,0
54801,1.0,Computer,1,11.0,Debit Card,3.0,5,Mobile Phone,1,2,0,18.0,1.0,4.0,5.0,156.62,39.155,2.0,0.25,4-7,0
54802,6.0,Computer,3,12.0,Debit Card,3.0,4,Laptop & Accessory,4,3,0,15.0,3.0,6.0,4.0,190.24,31.706666666666667,0.8571428571428571,0.5,4-7,0
54803,12.0,Mobile Phone,3,16.0,E wallet,4.0,5,Mobile Phone,4,2,0,20.0,1.0,2.0,3.0,153.99,76.995,0.15384615384615385,0.5,0-3,0
54804,16.0,Mobile Phone,1,10.0,Debit Card,4.0,2,Laptop & Accessory,1,4,1,14.0,2.0,2.0,4.0,177.31,88.655,0.11764705882352941,1.0,4-7,0
54805,5.0,Mobile Phone,1,18.0,Debit Card,3.0,4,Mobile Phone,1,5,1,20.0,1.0,2.0,3.0,148.56,74.28,0.3333333333333333,0.5,0-3,0
54806,1.0,Mobile Phone,3,7.0,Credit Card,3.0,5,Mobile Phone,3,8,1,20.0,2.0,2.0,3.0,153.0,76.5,1.0,1.0,0-3,1
54807,27.0,Mobile Phone,3,15.0,E wallet,4.0,4,Grocery,1,7,0,15.0,3.0,,3.0,243.36,,,,0-3,0
54808,9.0,Mobile Phone,1,32.0,Cash on Delivery,4.0,5,Fashion,4,5,0,17.0,3.0,,9.0,234.03,,,,8-14,0
54809,11.0,Computer,3,28.0,Credit Card,3.0,4,Mobile Phone,1,7,0,16.0,2.0,2.0,1.0,154.73,77.365,0.16666666666666666,1.0,0-3,0
54810,27.0,Mobile Phone,1,30.0,Debit Card,4.0,4,Grocery,1,8,0,19.0,,4.0,9.0,267.75,66.9375,0.14285714285714285,,8-14,0
54811,17.0,Computer,1,7.0,Debit Card,3.0,4,Laptop & Accessory,1,6,0,14.0,2.0,3.0,3.0,180.62,60.20666666666667,0.16666666666666666,0.6666666666666666,0-3,0
54812,21.0,Mobile Phone,3,9.0,E wallet,3.0,4,Laptop & Accessory,1,2,1,23.0,4.0,8.0,8.0,170.37,21.29625,0.36363636363636365,0.5,8-14,0
54815,13.0,Mobile Phone,2,9.0,Debit Card,3.0,5,Laptop & Accessory,1,10,0,12.0,2.0,2.0,5.0,177.04,88.52,0.14285714285714285,1.0,4-7,0
54817,1.0,Mobile Phone,1,32.0,Debit Card,3.0,4,Mobile Phone,1,3,1,25.0,1.0,2.0,2.0,152.95,76.475,1.0,0.5,0-3,1
54818,3.0,Mobile Phone,1,14.0,Credit Card,4.0,5,Mobile Phone,1,8,0,15.0,2.0,2.0,4.0,150.32,75.16,0.5,1.0,4-7,0
54819,18.0,Mobile Phone,1,16.0,Debit Card,4.0,4,Mobile Phone,5,3,1,14.0,6.0,8.0,2.0,150.59,18.82375,0.42105263157894735,0.75,0-3,0
54820,2.0,Mobile Phone,3,12.0,Credit Card,4.0,4,Laptop & Accessory,1,3,0,15.0,1.0,2.0,3.0,174.08,87.04,0.6666666666666666,0.5,0-3,0
54821,21.0,Computer,1,9.0,Debit Card,3.0,5,Mobile Phone,1,11,1,15.0,2.0,2.0,1.0,148.8,74.4,0.09090909090909091,1.0,0-3,1
54823,1.0,Mobile Phone,3,9.0,Credit Card,3.0,5,Mobile Phone,3,3,0,14.0,2.0,2.0,3.0,145.44,72.72,1.0,1.0,0-3,1
54824,1.0,Mobile Phone,1,25.0,UPI,4.0,4,Mobile Phone,1,3,0,20.0,2.0,2.0,1.0,151.93,75.965,1.0,1.0,0-3,1
54825,10.0,Mobile Phone,1,21.0,Debit Card,4.0,4,Laptop & Accessory,1,2,1,18.0,3.0,5.0,12.0,190.86,38.172000000000004,0.45454545454545453,0.6,8-14,0
54826,21.0,Mobile Phone,3,9.0,Debit Card,4.0,5,Mobile Phone,1,3,1,19.0,1.0,2.0,3.0,157.94,78.97,0.09090909090909091,0.5,0-3,0
54827,1.0,Mobile Phone,1,10.0,Debit Card,3.0,4,Laptop & Accessory,3,2,1,20.0,2.0,2.0,3.0,166.71,83.355,1.0,1.0,0-3,1
54828,5.0,Mobile Phone,1,9.0,Debit Card,3.0,6,Mobile Phone,1,6,1,14.0,1.0,2.0,1.0,152.78,76.39,0.3333333333333333,0.5,0-3,1
54829,2.0,Mobile Phone,1,16.0,Credit Card,4.0,4,Mobile Phone,3,7,0,19.0,1.0,3.0,3.0,148.77,49.59,1.0,0.3333333333333333,0-3,0
54830,3.0,Mobile Phone,1,13.0,Credit Card,4.0,4,Mobile Phone,5,9,1,22.0,2.0,3.0,3.0,149.04,49.68,0.75,0.6666666666666666,0-3,1
54831,1.0,Mobile Phone,1,11.0,Debit Card,4.0,4,Mobile Phone,3,3,0,20.0,1.0,2.0,1.0,148.18,74.09,1.0,0.5,0-3,0
54833,16.0,Mobile Phone,3,21.0,Credit Card,4.0,5,Laptop & Accessory,3,9,0,18.0,2.0,2.0,4.0,187.44,93.72,0.11764705882352941,1.0,4-7,0
54834,7.0,Mobile Phone,1,7.0,UPI,4.0,5,Mobile Phone,5,5,1,12.0,2.0,2.0,3.0,152.99,76.495,0.25,1.0,0-3,0
54836,5.0,Mobile Phone,3,14.0,Debit Card,3.0,5,Mobile Phone,3,5,0,16.0,3.0,6.0,3.0,148.29,24.715,1.0,0.5,0-3,0
54837,9.0,Mobile Phone,1,28.0,Debit Card,3.0,4,Laptop & Accessory,1,3,1,26.0,1.0,2.0,8.0,165.14,82.57,0.2,0.5,8-14,0
54838,23.0,Mobile Phone,1,15.0,UPI,3.0,4,Fashion,4,6,0,12.0,1.0,2.0,8.0,199.03,99.515,0.08333333333333333,0.5,8-14,0
54839,22.0,Mobile Phone,1,27.0,Credit Card,3.0,4,Mobile Phone,3,6,0,18.0,2.0,2.0,1.0,147.59,73.795,0.08695652173913043,1.0,0-3,0
54840,5.0,Computer,3,27.0,E wallet,3.0,4,Laptop & Accessory,3,3,0,14.0,2.0,2.0,1.0,194.32,97.16,0.3333333333333333,1.0,0-3,0
54841,10.0,Mobile Phone,1,14.0,UPI,4.0,4,Mobile Phone,1,4,0,19.0,2.0,2.0,2.0,171.78,85.89,0.18181818181818182,1.0,0-3,0
54842,12.0,Mobile Phone,1,7.0,Cash on Delivery,4.0,4,Fashion,5,3,0,14.0,5.0,6.0,12.0,260.82,43.47,0.46153846153846156,0.8333333333333334,8-14,0
54843,6.0,Computer,1,7.0,Debit Card,4.0,5,Mobile Phone,4,8,0,21.0,1.0,2.0,3.0,148.32,74.16,0.2857142857142857,0.5,0-3,0
54844,1.0,Mobile Phone,3,26.0,E wallet,3.0,5,Mobile Phone,4,3,1,19.0,1.0,2.0,1.0,149.13,74.565,1.0,0.5,0-3,1
54845,14.0,Mobile Phone,3,17.0,E wallet,4.0,5,Fashion,4,4,0,13.0,1.0,2.0,,222.05,111.025,0.13333333333333333,0.5,,0
54846,1.0,Computer,3,7.0,Credit Card,3.0,5,Laptop & Accessory,5,3,0,13.0,1.0,2.0,8.0,167.94,83.97,1.0,0.5,8-14,0
54848,10.0,Mobile Phone,1,9.0,Credit Card,4.0,4,Mobile Phone,3,6,0,22.0,2.0,4.0,10.0,150.19,37.5475,0.36363636363636365,0.5,8-14,0
54849,1.0,Mobile Phone,3,28.0,UPI,3.0,5,Mobile Phone,4,3,1,14.0,2.0,2.0,1.0,146.21,73.105,1.0,1.0,0-3,1
54851,5.0,Mobile Phone,1,19.0,Credit Card,3.0,4,Laptop & Accessory,1,2,1,12.0,7.0,9.0,6.0,183.55,20.394444444444446,1.5,0.7777777777777778,4-7,0
54853,6.0,Mobile Phone,1,10.0,Credit Card,4.0,4,Laptop & Accessory,5,3,0,13.0,2.0,7.0,4.0,192.25,27.464285714285715,1.0,0.2857142857142857,4-7,0
54854,1.0,Mobile Phone,3,10.0,Debit Card,3.0,5,Fashion,1,3,1,12.0,4.0,4.0,,228.25,57.0625,2.0,1.0,,1
54855,7.0,Mobile Phone,1,7.0,Debit Card,3.0,5,Laptop & Accessory,1,2,0,15.0,2.0,2.0,5.0,194.49,97.245,0.25,1.0,4-7,0
54856,1.0,Mobile Phone,3,7.0,Debit Card,3.0,5,Fashion,3,7,0,12.0,6.0,12.0,,231.09,19.2575,6.0,0.5,,1
54857,19.0,Computer,1,11.0,Debit Card,3.0,4,Laptop & Accessory,4,3,0,13.0,2.0,2.0,9.0,169.47,84.735,0.1,1.0,8-14,0
54858,3.0,Computer,3,27.0,Cash on Delivery,3.0,4,Mobile Phone,1,3,0,16.0,1.0,2.0,3.0,146.57,73.285,0.5,0.5,0-3,0
54859,9.0,Mobile Phone,3,25.0,Credit Card,3.0,4,Laptop & Accessory,3,3,0,17.0,2.0,2.0,1.0,171.01,85.505,0.2,1.0,0-3,0
54860,26.0,Mobile Phone,1,7.0,Debit Card,4.0,4,Grocery,1,4,0,,4.0,8.0,9.0,295.99,36.99875,0.2962962962962963,0.5,8-14,0
54861,21.0,Mobile Phone,1,9.0,Cash on Delivery,3.0,4,Mobile Phone,3,6,0,25.0,1.0,2.0,1.0,149.79,74.895,0.09090909090909091,0.5,0-3,1
54863,4.0,Mobile Phone,3,15.0,UPI,4.0,4,Fashion,3,7,0,12.0,3.0,8.0,8.0,197.64,24.705,1.6,0.375,8-14,0
54864,12.0,Computer,3,17.0,Cash on Delivery,3.0,4,Laptop & Accessory,1,3,1,14.0,2.0,2.0,4.0,181.66,90.83,0.15384615384615385,1.0,4-7,0
54865,9.0,Mobile Phone,3,10.0,Debit Card,4.0,4,Fashion,1,8,0,14.0,1.0,2.0,9.0,203.23,101.615,0.2,0.5,8-14,0
54866,13.0,Mobile Phone,3,9.0,Debit Card,3.0,2,Fashion,3,2,0,19.0,1.0,2.0,8.0,203.8,101.9,0.14285714285714285,0.5,8-14,0
54868,21.0,Computer,1,23.0,Credit Card,4.0,2,Laptop & Accessory,3,3,1,20.0,2.0,3.0,8.0,175.67,58.556666666666665,0.13636363636363635,0.6666666666666666,8-14,0
54869,10.0,Computer,3,15.0,Cash on Delivery,3.0,4,Laptop & Accessory,1,6,0,14.0,2.0,2.0,8.0,175.79,87.895,0.18181818181818182,1.0,8-14,0
54870,1.0,Computer,1,16.0,Credit Card,3.0,5,Mobile Phone,5,2,1,23.0,1.0,2.0,3.0,148.21,74.105,1.0,0.5,0-3,1
54873,7.0,Mobile Phone,1,20.0,Debit Card,3.0,4,Mobile Phone,1,5,0,19.0,2.0,2.0,3.0,159.52,79.76,0.25,1.0,0-3,0
54874,19.0,Mobile Phone,1,7.0,Credit Card,4.0,4,Mobile Phone,1,5,0,15.0,2.0,2.0,3.0,147.7,73.85,0.1,1.0,0-3,0
54875,24.0,Mobile Phone,1,7.0,Credit Card,4.0,4,Grocery,1,11,0,,1.0,2.0,4.0,298.99,149.495,0.08,0.5,4-7,0
54876,7.0,Computer,1,7.0,UPI,3.0,2,Laptop & Accessory,4,3,1,14.0,2.0,2.0,3.0,179.88,89.94,0.25,1.0,0-3,0
54877,15.0,Computer,1,16.0,Credit Card,4.0,4,Others,3,4,0,,1.0,2.0,12.0,319.19,159.595,0.125,0.5,8-14,0
54878,1.0,Mobile Phone,1,23.0,Cash on Delivery,3.0,4,Mobile Phone,4,11,0,15.0,3.0,3.0,3.0,153.11,51.03666666666667,1.5,1.0,0-3,0
54879,19.0,Computer,1,30.0,Debit Card,3.0,4,Laptop & Accessory,5,3,1,16.0,2.0,2.0,9.0,161.33,80.665,0.1,1.0,8-14,0
54880,21.0,Mobile Phone,3,11.0,Debit Card,3.0,4,Laptop & Accessory,1,3,1,18.0,2.0,2.0,8.0,166.63,83.315,0.09090909090909091,1.0,8-14,0
54881,1.0,Mobile Phone,1,29.0,Debit Card,3.0,4,Mobile Phone,3,6,1,12.0,1.0,2.0,2.0,146.32,73.16,1.0,0.5,0-3,1
54882,24.0,Mobile Phone,1,31.0,Debit Card,4.0,4,Grocery,3,5,1,19.0,,2.0,6.0,264.73,132.365,0.08,,4-7,0
54883,12.0,Computer,1,17.0,Credit Card,4.0,4,Mobile Phone,3,2,0,18.0,1.0,2.0,3.0,151.84,75.92,0.15384615384615385,0.5,0-3,0
54884,20.0,Mobile Phone,1,14.0,Credit Card,4.0,4,Fashion,3,8,0,14.0,2.0,,8.0,233.45,,,,8-14,0
54885,1.0,Mobile Phone,1,24.0,Credit Card,3.0,5,Laptop & Accessory,3,3,0,16.0,1.0,4.0,3.0,168.77,42.1925,2.0,0.25,0-3,0
54887,5.0,Computer,1,7.0,Debit Card,4.0,4,Laptop & Accessory,5,3,0,13.0,2.0,2.0,4.0,166.48,83.24,0.3333333333333333,1.0,4-7,0
54888,1.0,Computer,1,12.0,Debit Card,4.0,4,Mobile Phone,1,3,0,16.0,1.0,2.0,1.0,135.51,67.755,1.0,0.5,0-3,0
54889,28.0,Mobile Phone,1,24.0,Cash on Delivery,3.0,4,Fashion,3,10,0,12.0,1.0,,9.0,232.39,,,,8-14,0
54890,9.0,Mobile Phone,1,32.0,Credit Card,3.0,4,Fashion,3,3,1,12.0,1.0,11.0,,228.88,20.80727272727273,1.1,0.09090909090909091,,0
54891,4.0,Mobile Phone,1,15.0,Debit Card,4.0,2,Fashion,5,2,1,13.0,1.0,,8.0,239.16000000000005,,,,8-14,0
54892,1.0,Mobile Phone,1,18.0,Credit Card,4.0,5,Mobile Phone,5,3,1,16.0,2.0,2.0,1.0,151.0,75.5,1.0,1.0,0-3,1
54894,1.0,Mobile Phone,1,9.0,Credit Card,3.0,2,Laptop & Accessory,1,3,0,13.0,2.0,2.0,4.0,179.72,89.86,1.0,1.0,4-7,0
54895,1.0,Mobile Phone,1,15.0,Debit Card,4.0,6,Mobile Phone,5,3,0,16.0,1.0,2.0,2.0,149.51,74.755,1.0,0.5,0-3,0
54898,15.0,Mobile Phone,1,14.0,Credit Card,3.0,4,Laptop & Accessory,3,8,0,15.0,3.0,3.0,2.0,175.03,58.343333333333334,0.1875,1.0,0-3,0
54899,13.0,Mobile Phone,1,7.0,Debit Card,4.0,5,Grocery,1,3,0,17.0,10.0,,9.0,252.42,,,,8-14,0
54900,1.0,Mobile Phone,1,9.0,Debit Card,3.0,4,Laptop & Accessory,1,2,0,19.0,3.0,3.0,3.0,167.27,55.75666666666667,1.5,1.0,0-3,0
54901,9.0,Mobile Phone,1,17.0,UPI,3.0,4,Mobile Phone,1,3,0,21.0,1.0,2.0,3.0,164.17,82.085,0.2,0.5,0-3,0
54902,1.0,Mobile Phone,3,12.0,E wallet,3.0,4,Others,3,8,0,,1.0,2.0,1.0,308.03,154.015,1.0,0.5,0-3,0
54903,24.0,Mobile Phone,1,16.0,Debit Card,4.0,4,Mobile Phone,1,6,0,19.0,2.0,2.0,1.0,148.8,74.4,0.08,1.0,0-3,0
54904,31.0,Mobile Phone,1,9.0,Debit Card,4.0,5,Grocery,1,5,1,14.0,,5.0,4.0,262.26,52.452,0.15625,,4-7,0
54905,1.0,Mobile Phone,1,18.0,Credit Card,4.0,6,Laptop & Accessory,4,7,0,16.0,2.0,2.0,1.0,172.77,86.385,1.0,1.0,0-3,1
54906,29.0,Computer,1,25.0,Credit Card,4.0,4,Laptop & Accessory,4,5,1,15.0,3.0,7.0,8.0,188.85,26.978571428571428,0.23333333333333334,0.42857142857142855,8-14,0
54907,15.0,Computer,1,14.0,Debit Card,3.0,6,Others,3,3,0,23.0,6.0,6.0,11.0,324.73,54.12166666666667,0.375,1.0,8-14,0
54908,12.0,Mobile Phone,3,10.0,Debit Card,3.0,4,Laptop & Accessory,1,10,1,13.0,2.0,2.0,1.0,193.61,96.805,0.15384615384615385,1.0,0-3,0
54909,1.0,Computer,3,36.0,Credit Card,4.0,6,Laptop & Accessory,5,10,0,19.0,2.0,3.0,3.0,174.69,58.23,1.5,0.6666666666666666,0-3,1
54910,16.0,Mobile Phone,3,9.0,E wallet,3.0,6,Others,1,3,0,16.0,4.0,7.0,10.0,323.45,46.207142857142856,0.4117647058823529,0.5714285714285714,8-14,1
54911,18.0,Mobile Phone,3,35.0,Credit Card,3.0,2,Grocery,1,5,1,19.0,5.0,,12.0,258.2,,,,8-14,0
54912,24.0,Computer,3,7.0,Debit Card,4.0,4,Laptop & Accessory,3,2,0,13.0,1.0,2.0,14.0,188.47,94.235,0.08,0.5,8-14,0
54913,1.0,Mobile Phone,1,23.0,Debit Card,3.0,2,Mobile Phone,5,3,0,17.0,4.0,16.0,15.0,152.43,9.526875,8.0,0.25,15+,1
54915,7.0,Computer,3,15.0,Debit Card,3.0,5,Mobile Phone,1,2,0,20.0,1.0,3.0,3.0,148.42,49.47333333333333,0.375,0.3333333333333333,0-3,0
54916,19.0,Mobile Phone,3,18.0,Debit Card,3.0,4,Grocery,1,5,0,,1.0,2.0,2.0,301.5,150.75,0.1,0.5,0-3,0
54917,6.0,Computer,1,36.0,Credit Card,4.0,4,Mobile Phone,3,11,0,13.0,7.0,8.0,8.0,165.25,20.65625,1.1428571428571428,0.875,8-14,0
54918,8.0,Mobile Phone,3,7.0,E wallet,4.0,2,Laptop & Accessory,1,2,0,12.0,1.0,2.0,,222.25,111.125,0.2222222222222222,0.5,,0
54919,31.0,Mobile Phone,3,7.0,Cash on Delivery,4.0,4,Fashion,1,5,1,15.0,2.0,,5.0,244.04,,,,4-7,0
54921,27.0,Computer,3,9.0,E wallet,3.0,5,Fashion,4,4,0,13.0,6.0,7.0,13.0,200.25,28.607142857142858,0.25,0.8571428571428571,8-14,0
54923,1.0,Computer,1,9.0,Debit Card,3.0,4,Mobile Phone,5,8,1,15.0,1.0,2.0,3.0,145.42,72.71,1.0,0.5,0-3,1
54924,8.0,Mobile Phone,3,17.0,Debit Card,3.0,4,Mobile Phone,3,3,1,20.0,1.0,2.0,1.0,147.2,73.6,0.2222222222222222,0.5,0-3,0
54925,2.0,Mobile Phone,3,17.0,Credit Card,4.0,4,Mobile Phone,4,3,0,23.0,1.0,2.0,1.0,135.52,67.76,0.6666666666666666,0.5,0-3,0
54926,12.0,Computer,1,10.0,UPI,3.0,4,Mobile Phone,3,5,0,17.0,3.0,3.0,3.0,153.21,51.07,0.23076923076923078,1.0,0-3,0
54927,24.0,Mobile Phone,1,9.0,Credit Card,4.0,4,Others,3,4,1,,5.0,8.0,8.0,317.37,39.67125,0.32,0.625,8-14,0
54929,14.0,Mobile Phone,3,33.0,E wallet,4.0,4,Laptop & Accessory,5,3,0,15.0,4.0,8.0,6.0,208.96,26.12,0.5333333333333333,0.5,4-7,0
54930,1.0,Computer,1,7.0,Credit Card,4.0,5,Mobile Phone,3,3,0,14.0,1.0,2.0,4.0,145.07,72.535,1.0,0.5,4-7,0
54931,20.0,Mobile Phone,1,7.0,Credit Card,3.0,4,Others,1,11,0,,2.0,3.0,3.0,321.27,107.08999999999999,0.14285714285714285,0.6666666666666666,0-3,0
54932,28.0,Mobile Phone,3,9.0,Debit Card,3.0,5,Fashion,3,8,0,12.0,7.0,,1.0,231.86,,,,0-3,0
54933,30.0,Computer,1,16.0,Credit Card,4.0,4,Mobile Phone,3,4,0,20.0,2.0,2.0,4.0,154.42,77.21,0.06451612903225806,1.0,4-7,0
54934,10.0,Mobile Phone,1,19.0,Credit Card,3.0,5,Fashion,1,2,0,12.0,6.0,8.0,,213.58,26.6975,0.7272727272727273,0.75,,0
54935,29.0,Computer,1,9.0,Credit Card,3.0,5,Grocery,5,9,0,,3.0,7.0,3.0,292.56,41.794285714285714,0.23333333333333334,0.42857142857142855,0-3,0
54936,17.0,Mobile Phone,3,32.0,Credit Card,4.0,5,Fashion,1,7,0,14.0,2.0,,1.0,232.98,,,,0-3,0
54937,1.0,Computer,3,16.0,E wallet,3.0,4,Mobile Phone,1,3,1,15.0,2.0,2.0,3.0,148.23,74.115,1.0,1.0,0-3,1
54938,1.0,Mobile Phone,1,17.0,Debit Card,3.0,5,Mobile Phone,5,3,0,14.0,1.0,2.0,1.0,139.16,69.58,1.0,0.5,0-3,1
54940,15.0,Mobile Phone,1,11.0,Debit Card,3.0,4,Mobile Phone,3,11,1,13.0,1.0,3.0,8.0,149.61,49.870000000000005,0.1875,0.3333333333333333,8-14,1
54941,1.0,Computer,1,31.0,Cash on Delivery,4.0,5,Fashion,5,3,0,13.0,2.0,2.0,,212.22,106.11,1.0,1.0,,1
54942,1.0,Mobile Phone,1,7.0,Credit Card,3.0,5,Mobile Phone,5,3,0,17.0,2.0,2.0,4.0,164.55,82.275,1.0,1.0,4-7,0
54943,4.0,Mobile Phone,1,27.0,UPI,3.0,4,Laptop & Accessory,5,2,0,16.0,1.0,2.0,,224.57,112.285,0.4,0.5,,0
54944,15.0,Mobile Phone,1,14.0,Cash on Delivery,3.0,2,Mobile Phone,3,3,0,14.0,1.0,2.0,9.0,158.76,79.38,0.125,0.5,8-14,0
54945,12.0,Mobile Phone,1,24.0,Debit Card,4.0,5,Fashion,3,2,0,19.0,2.0,2.0,,213.23,106.615,0.15384615384615385,1.0,,0
54946,14.0,Mobile Phone,1,27.0,Cash on Delivery,4.0,4,Fashion,1,6,0,21.0,4.0,12.0,,228.22,19.018333333333334,0.8,0.3333333333333333,,0
54947,1.0,Computer,1,15.0,Debit Card,3.0,6,Mobile Phone,3,3,0,20.0,2.0,2.0,3.0,171.21,85.605,1.0,1.0,0-3,0
54948,29.0,Computer,1,9.0,Debit Card,4.0,4,Fashion,4,5,0,19.0,1.0,,3.0,234.76,,,,0-3,0
54949,2.0,Mobile Phone,1,17.0,UPI,3.0,4,Laptop & Accessory,3,5,0,14.0,1.0,2.0,8.0,161.6,80.8,0.6666666666666666,0.5,8-14,0
54950,8.0,Mobile Phone,2,7.0,Credit Card,4.0,5,Fashion,5,11,0,15.0,3.0,4.0,,229.82,57.455,0.4444444444444444,0.75,,1
54951,7.0,Mobile Phone,1,12.0,Debit Card,3.0,5,Fashion,1,6,0,16.0,2.0,2.0,3.0,196.19,98.095,0.25,1.0,0-3,0
54952,1.0,Mobile Phone,3,11.0,Cash on Delivery,3.0,4,Fashion,5,2,1,23.0,3.0,5.0,,220.82,44.164,2.5,0.6,,1
54953,1.0,Computer,1,36.0,Credit Card,3.0,5,Laptop & Accessory,3,3,0,23.0,3.0,4.0,9.0,170.08,42.52,2.0,0.75,8-14,1
54954,2.0,Mobile Phone,1,22.0,Debit Card,3.0,4,Mobile Phone,3,3,0,17.0,1.0,3.0,3.0,147.07,49.02333333333333,1.0,0.3333333333333333,0-3,0
54955,8.0,Computer,1,10.0,Debit Card,3.0,4,Laptop & Accessory,1,2,0,18.0,2.0,2.0,5.0,202.56,101.28,0.2222222222222222,1.0,4-7,0
54956,11.0,Mobile Phone,3,17.0,Debit Card,3.0,5,Laptop & Accessory,1,4,1,15.0,2.0,2.0,1.0,191.94,95.97,0.16666666666666666,1.0,0-3,0
54957,1.0,Mobile Phone,1,11.0,Cash on Delivery,3.0,4,Mobile Phone,1,3,1,16.0,5.0,6.0,7.0,161.91,26.985,3.0,0.8333333333333334,4-7,1
54959,1.0,Mobile Phone,1,32.0,Credit Card,3.0,5,Mobile Phone,4,6,1,21.0,2.0,3.0,3.0,148.13,49.376666666666665,1.5,0.6666666666666666,0-3,1
54960,16.0,Mobile Phone,1,9.0,Credit Card,3.0,4,Grocery,5,2,0,,6.0,14.0,8.0,301.65,21.54642857142857,0.8235294117647058,0.42857142857142855,8-14,0
54961,1.0,Computer,1,7.0,Credit Card,3.0,5,Mobile Phone,4,3,0,16.0,2.0,2.0,1.0,150.96,75.48,1.0,1.0,0-3,1
54962,14.0,Computer,3,7.0,UPI,3.0,4,Laptop & Accessory,3,5,1,15.0,2.0,2.0,1.0,172.28,86.14,0.13333333333333333,1.0,0-3,1
54963,7.0,Computer,3,14.0,Debit Card,2.0,4,Laptop & Accessory,4,2,0,18.0,1.0,2.0,3.0,168.02,84.01,0.25,0.5,0-3,0
54964,8.0,Computer,1,10.0,Debit Card,3.0,5,Mobile Phone,1,5,0,18.0,1.0,2.0,1.0,154.79,77.395,0.2222222222222222,0.5,0-3,0
54965,22.0,Computer,1,7.0,Credit Card,3.0,2,Grocery,1,4,0,,1.0,3.0,2.0,293.85,97.95,0.13043478260869565,0.3333333333333333,0-3,0
54966,19.0,Computer,3,16.0,Debit Card,4.0,5,Laptop & Accessory,3,3,0,14.0,5.0,5.0,13.0,180.93,36.186,0.25,1.0,8-14,0
54967,26.0,Mobile Phone,1,6.0,Debit Card,3.0,4,Fashion,4,9,0,20.0,3.0,5.0,,229.45,45.89,0.18518518518518517,0.6,,0
54968,12.0,Mobile Phone,3,17.0,E wallet,4.0,5,Fashion,3,2,1,15.0,2.0,3.0,,212.4,70.8,0.23076923076923078,0.6666666666666666,,0
54969,3.0,Mobile Phone,1,35.0,Debit Card,4.0,4,Mobile Phone,1,6,0,23.0,2.0,2.0,8.0,150.14,75.07,0.5,1.0,8-14,0
54971,20.0,Mobile Phone,3,10.0,E wallet,3.0,4,Grocery,3,5,0,,5.0,5.0,10.0,299.65,59.92999999999999,0.23809523809523808,1.0,8-14,0
54973,17.0,Computer,1,34.0,Debit Card,3.0,4,Fashion,5,10,0,12.0,2.0,,2.0,233.2,,,,0-3,0
54974,3.0,Computer,1,9.0,Debit Card,3.0,4,Grocery,1,9,0,12.0,11.0,,6.0,246.69,,,,4-7,1
54975,14.0,Mobile Phone,1,21.0,Credit Card,3.0,5,Others,3,3,0,,4.0,5.0,10.0,321.26,64.252,0.3333333333333333,0.8,8-14,0
54976,1.0,Mobile Phone,1,7.0,Cash on Delivery,4.0,5,Mobile Phone,4,3,1,12.0,2.0,3.0,3.0,145.7,48.56666666666666,1.5,0.6666666666666666,0-3,0
54977,13.0,Computer,1,16.0,Debit Card,4.0,4,Laptop & Accessory,4,11,0,16.0,2.0,2.0,4.0,192.82,96.41,0.14285714285714285,1.0,4-7,0
54978,10.0,Computer,1,25.0,Debit Card,4.0,4,Laptop & Accessory,1,4,0,21.0,1.0,2.0,10.0,202.79,101.395,0.18181818181818182,0.5,8-14,0
54979,5.0,Computer,3,27.0,Debit Card,4.0,2,Mobile Phone,1,2,0,13.0,3.0,3.0,3.0,152.91,50.97,0.5,1.0,0-3,0
54980,2.0,Mobile Phone,1,9.0,Debit Card,4.0,5,Mobile Phone,4,2,0,18.0,1.0,2.0,5.0,157.01,78.505,0.6666666666666666,0.5,4-7,0
54981,9.0,Computer,3,18.0,E wallet,3.0,4,Laptop & Accessory,1,3,0,12.0,2.0,2.0,3.0,174.68,87.34,0.2,1.0,0-3,0
54982,23.0,Mobile Phone,3,15.0,Cash on Delivery,3.0,5,Grocery,4,8,0,18.0,2.0,,4.0,256.2,,,,4-7,0
54984,3.0,Computer,1,17.0,Debit Card,4.0,4,Mobile Phone,4,2,0,15.0,1.0,2.0,2.0,157.91,78.955,0.5,0.5,0-3,0
54985,16.0,Mobile Phone,1,36.0,Credit Card,3.0,6,Laptop & Accessory,1,6,0,20.0,2.0,2.0,1.0,167.72,83.86,0.11764705882352941,1.0,0-3,0
54986,3.0,Mobile Phone,1,15.0,Credit Card,4.0,5,Laptop & Accessory,1,3,1,16.0,2.0,2.0,3.0,175.56,87.78,0.5,1.0,0-3,0
54987,12.0,Mobile Phone,2,7.0,UPI,3.0,2,Mobile Phone,3,3,0,14.0,4.0,6.0,1.0,153.44,25.573333333333334,0.46153846153846156,0.6666666666666666,0-3,0
54988,2.0,Computer,1,13.0,Debit Card,3.0,5,Mobile Phone,3,3,1,15.0,2.0,2.0,3.0,152.03,76.015,0.6666666666666666,1.0,0-3,0
54989,1.0,Computer,1,15.0,Credit Card,4.0,4,Mobile Phone,3,3,0,13.0,2.0,2.0,1.0,144.04,72.02,1.0,1.0,0-3,1
54990,1.0,Mobile Phone,3,16.0,E wallet,4.0,4,Laptop & Accessory,5,5,1,18.0,1.0,2.0,4.0,207.24,103.62,1.0,0.5,4-7,1
54991,15.0,Mobile Phone,1,19.0,Debit Card,3.0,4,Mobile Phone,1,5,1,12.0,2.0,2.0,1.0,172.66,86.33,0.125,1.0,0-3,0
54992,1.0,Computer,1,22.0,Credit Card,4.0,4,Mobile Phone,3,3,0,13.0,2.0,3.0,3.0,151.1,50.36666666666667,1.5,0.6666666666666666,0-3,1
54993,11.0,Mobile Phone,1,32.0,Credit Card,3.0,5,Laptop & Accessory,1,9,0,14.0,2.0,2.0,4.0,182.31,91.155,0.16666666666666666,1.0,4-7,0
54994,1.0,Mobile Phone,1,13.0,Debit Card,3.0,5,Mobile Phone,3,3,0,14.0,2.0,3.0,3.0,150.39,50.129999999999995,1.5,0.6666666666666666,0-3,0
54995,8.0,Mobile Phone,3,16.0,Debit Card,4.0,4,Laptop & Accessory,3,3,0,21.0,1.0,2.0,4.0,182.14,91.07,0.2222222222222222,0.5,4-7,0
54997,1.0,Mobile Phone,3,30.0,Debit Card,3.0,5,Fashion,5,3,0,14.0,2.0,4.0,11.0,198.36,49.59,2.0,0.5,8-14,1
54998,14.0,Computer,1,16.0,Credit Card,3.0,4,Fashion,3,11,0,18.0,2.0,,14.0,259.99,,,,8-14,0
55001,9.0,Mobile Phone,1,7.0,Credit Card,3.0,5,Mobile Phone,3,8,0,13.0,2.0,2.0,8.0,147.58,73.79,0.2,1.0,8-14,0
55002,1.0,Mobile Phone,1,31.0,Credit Card,3.0,4,Mobile Phone,4,10,0,23.0,1.0,2.0,3.0,160.97,80.485,1.0,0.5,0-3,0
55003,1.0,Mobile Phone,1,19.0,Debit Card,4.0,4,Mobile Phone,1,3,1,12.0,2.0,2.0,1.0,150.15,75.075,1.0,1.0,0-3,1
55004,1.0,Mobile Phone,1,10.0,Credit Card,3.0,2,Mobile Phone,1,3,0,23.0,2.0,2.0,8.0,169.2,84.6,1.0,1.0,8-14,0
55005,4.0,Mobile Phone,3,17.0,E wallet,4.0,5,Laptop & Accessory,3,3,0,19.0,1.0,2.0,5.0,190.78,95.39,0.4,0.5,4-7,0
55006,14.0,Computer,1,33.0,Credit Card,4.0,5,Laptop & Accessory,1,5,1,14.0,1.0,2.0,1.0,169.22,84.61,0.13333333333333333,0.5,0-3,0
55007,9.0,Mobile Phone,1,9.0,Debit Card,3.0,5,Fashion,4,4,0,19.0,3.0,7.0,,227.74,32.534285714285716,0.7,0.42857142857142855,,0
55008,8.0,Computer,1,8.0,Credit Card,4.0,5,Laptop & Accessory,5,2,0,21.0,1.0,5.0,10.0,178.43,35.686,0.5555555555555556,0.2,8-14,0
55009,9.0,Computer,1,11.0,UPI,3.0,5,Mobile Phone,1,3,0,14.0,2.0,3.0,3.0,148.76,49.586666666666666,0.3,0.6666666666666666,0-3,0
55010,7.0,Mobile Phone,3,16.0,E wallet,3.0,6,Laptop & Accessory,3,10,0,14.0,1.0,2.0,4.0,178.46,89.23,0.25,0.5,4-7,1
55011,6.0,Computer,3,9.0,Debit Card,4.0,4,Mobile Phone,5,3,0,13.0,2.0,2.0,1.0,153.27,76.635,0.2857142857142857,1.0,0-3,0
55012,30.0,Mobile Phone,1,11.0,Cash on Delivery,4.0,4,Others,5,6,0,14.0,5.0,5.0,3.0,324.43,64.886,0.16129032258064516,1.0,0-3,0
55013,3.0,Mobile Phone,1,13.0,Credit Card,3.0,4,Mobile Phone,1,3,0,14.0,1.0,2.0,9.0,156.31,78.155,0.5,0.5,8-14,0
55015,19.0,Mobile Phone,1,14.0,Credit Card,3.0,4,Mobile Phone,3,6,1,20.0,1.0,2.0,3.0,169.77,84.885,0.1,0.5,0-3,0
55016,11.0,Mobile Phone,1,8.0,Debit Card,3.0,5,Laptop & Accessory,1,3,0,14.0,1.0,4.0,12.0,189.74,47.435,0.3333333333333333,0.25,8-14,0
55017,1.0,Mobile Phone,1,6.0,Debit Card,3.0,5,Mobile Phone,3,3,0,13.0,1.0,2.0,3.0,155.33,77.665,1.0,0.5,0-3,0
55019,27.0,Mobile Phone,1,14.0,Credit Card,3.0,4,Others,3,5,0,,4.0,5.0,8.0,311.06,62.212,0.17857142857142858,0.8,8-14,0
55020,3.0,Mobile Phone,1,22.0,Debit Card,4.0,6,Mobile Phone,1,2,1,19.0,2.0,2.0,4.0,146.68,73.34,0.5,1.0,4-7,0
55021,1.0,Computer,1,10.0,Debit Card,3.0,5,Mobile Phone,1,2,1,12.0,1.0,2.0,1.0,153.53,76.765,1.0,0.5,0-3,1
55022,20.0,Mobile Phone,3,9.0,E wallet,4.0,4,Grocery,5,10,0,,7.0,16.0,10.0,295.48,18.4675,0.7619047619047619,0.4375,8-14,0
55024,7.0,Mobile Phone,2,9.0,UPI,4.0,4,Mobile Phone,3,3,0,14.0,2.0,2.0,5.0,161.0,80.5,0.25,1.0,4-7,0
55025,5.0,Computer,1,12.0,Debit Card,4.0,5,Mobile Phone,5,8,0,18.0,1.0,2.0,1.0,146.07,73.035,0.3333333333333333,0.5,0-3,1
55027,14.0,Computer,3,9.0,Credit Card,4.0,4,Laptop & Accessory,4,7,0,13.0,2.0,2.0,1.0,168.27,84.135,0.13333333333333333,1.0,0-3,0
55028,24.0,Computer,1,9.0,Credit Card,2.0,4,Grocery,5,4,0,,1.0,3.0,3.0,303.56,101.18666666666667,0.12,0.3333333333333333,0-3,0
55029,2.0,Mobile Phone,1,26.0,Credit Card,4.0,5,Mobile Phone,5,3,0,13.0,2.0,4.0,4.0,156.96,39.24,1.3333333333333333,0.5,4-7,0
55030,20.0,Mobile Phone,1,22.0,Debit Card,3.0,4,Others,4,7,0,,2.0,2.0,4.0,315.81,157.905,0.09523809523809523,1.0,4-7,0
55031,9.0,Mobile Phone,3,24.0,Debit Card,4.0,4,Laptop & Accessory,5,5,1,16.0,1.0,2.0,,214.66,107.33,0.2,0.5,,0
55032,1.0,Mobile Phone,1,24.0,Debit Card,4.0,4,Mobile Phone,4,3,0,14.0,2.0,2.0,1.0,147.1,73.55,1.0,1.0,0-3,1
55033,7.0,Computer,3,32.0,Credit Card,3.0,4,Laptop & Accessory,3,3,0,13.0,1.0,2.0,2.0,170.39,85.195,0.25,0.5,0-3,0
55034,10.0,Mobile Phone,1,13.0,Debit Card,3.0,6,Mobile Phone,3,3,0,15.0,2.0,2.0,8.0,152.41,76.205,0.18181818181818182,1.0,8-14,0
55035,4.0,Mobile Phone,1,14.0,Debit Card,3.0,4,Laptop & Accessory,3,3,0,14.0,5.0,9.0,10.0,159.91,17.767777777777777,1.8,0.5555555555555556,8-14,0
55036,18.0,Mobile Phone,1,36.0,UPI,3.0,4,Laptop & Accessory,1,3,0,26.0,7.0,14.0,18.0,170.41,12.172142857142857,0.7368421052631579,0.5,15+,0
55037,1.0,Mobile Phone,3,28.0,E wallet,3.0,2,Mobile Phone,1,3,0,18.0,3.0,3.0,3.0,151.78,50.593333333333334,1.5,1.0,0-3,0
55038,20.0,Mobile Phone,1,9.0,Cash on Delivery,3.0,4,Laptop & Accessory,1,4,0,12.0,1.0,2.0,5.0,198.79,99.395,0.09523809523809523,0.5,4-7,0
55039,16.0,Computer,2,9.0,Credit Card,4.0,2,Laptop & Accessory,5,9,0,17.0,2.0,2.0,4.0,187.72,93.86,0.11764705882352941,1.0,4-7,0
55040,31.0,Mobile Phone,3,14.0,E wallet,3.0,2,Laptop & Accessory,1,2,1,19.0,1.0,2.0,10.0,177.2,88.6,0.0625,0.5,8-14,0
55041,6.0,Computer,1,20.0,UPI,4.0,5,Mobile Phone,4,3,0,21.0,3.0,3.0,3.0,159.0,53.0,0.42857142857142855,1.0,0-3,0
55043,10.0,Mobile Phone,1,8.0,Cash on Delivery,4.0,6,Fashion,5,4,1,22.0,8.0,8.0,,227.52,28.44,0.7272727272727273,1.0,,0
55044,7.0,Mobile Phone,1,16.0,Credit Card,3.0,4,Mobile Phone,1,2,0,14.0,1.0,5.0,11.0,152.81,30.562,0.625,0.2,8-14,0
55046,1.0,Mobile Phone,3,17.0,Debit Card,3.0,4,Laptop & Accessory,1,2,0,15.0,2.0,2.0,2.0,174.5,87.25,1.0,1.0,0-3,0
55047,4.0,Mobile Phone,1,8.0,Credit Card,4.0,4,Mobile Phone,4,2,1,22.0,4.0,6.0,8.0,160.79,26.798333333333332,1.2,0.6666666666666666,8-14,0
55048,16.0,Computer,1,33.0,Credit Card,3.0,4,Fashion,5,5,1,18.0,1.0,,1.0,256.91,,,,0-3,0
55049,9.0,Computer,3,15.0,E wallet,4.0,5,Fashion,1,6,1,12.0,4.0,5.0,,228.77,45.754000000000005,0.5,0.8,,0
55050,1.0,Mobile Phone,1,21.0,Debit Card,3.0,4,Mobile Phone,5,3,1,15.0,6.0,7.0,9.0,147.35,21.05,3.5,0.8571428571428571,8-14,0
55051,28.0,Computer,1,8.0,Debit Card,3.0,4,Fashion,3,9,0,18.0,1.0,2.0,,230.02,115.01,0.06896551724137931,0.5,,0
55052,18.0,Mobile Phone,1,9.0,Debit Card,4.0,2,Mobile Phone,1,3,0,14.0,2.0,8.0,8.0,145.11,18.13875,0.42105263157894735,0.25,8-14,0
55053,1.0,Computer,1,17.0,Credit Card,4.0,5,Mobile Phone,4,3,1,26.0,1.0,2.0,1.0,143.59,71.795,1.0,0.5,0-3,1
55054,3.0,Mobile Phone,1,8.0,Debit Card,4.0,4,Mobile Phone,1,3,0,16.0,2.0,2.0,3.0,162.6,81.3,0.5,1.0,0-3,0
55055,28.0,Mobile Phone,1,10.0,Debit Card,3.0,4,Grocery,1,5,0,,1.0,2.0,10.0,302.79,151.395,0.06896551724137931,0.5,8-14,0
55056,5.0,Mobile Phone,1,18.0,Credit Card,4.0,4,Laptop & Accessory,5,3,1,13.0,2.0,2.0,2.0,193.33,96.665,0.3333333333333333,1.0,0-3,0
55057,5.0,Mobile Phone,1,31.0,Credit Card,4.0,5,Laptop & Accessory,5,3,0,20.0,2.0,2.0,9.0,193.12,96.56,0.3333333333333333,1.0,8-14,0
55058,31.0,Mobile Phone,3,10.0,Debit Card,3.0,5,Laptop & Accessory,1,7,0,18.0,1.0,2.0,6.0,176.71,88.355,0.0625,0.5,4-7,0
55059,17.0,Mobile Phone,1,10.0,Debit Card,4.0,6,Others,1,5,0,,2.0,2.0,8.0,322.4,161.2,0.1111111111111111,1.0,8-14,0
55060,23.0,Mobile Phone,1,11.0,Credit Card,3.0,5,Others,3,4,0,,1.0,2.0,1.0,312.11,156.055,0.08333333333333333,0.5,0-3,0
55061,10.0,Computer,1,10.0,Cash on Delivery,3.0,4,Mobile Phone,4,3,0,13.0,1.0,2.0,8.0,161.92,80.96,0.18181818181818182,0.5,8-14,0
55064,3.0,Mobile Phone,1,14.0,Debit Card,3.0,4,Laptop & Accessory,1,3,1,12.0,2.0,2.0,1.0,191.23,95.615,0.5,1.0,0-3,0
55065,22.0,Mobile Phone,1,8.0,Debit Card,4.0,5,Others,1,8,0,,2.0,2.0,1.0,307.65,153.825,0.08695652173913043,1.0,0-3,0
55066,3.0,Mobile Phone,1,8.0,Debit Card,3.0,5,Grocery,1,5,0,15.0,,2.0,8.0,286.24,143.12,0.5,,8-14,0
55067,8.0,Mobile Phone,1,27.0,Cash on Delivery,3.0,2,Mobile Phone,3,2,0,18.0,2.0,2.0,1.0,150.85,75.425,0.2222222222222222,1.0,0-3,0
55068,18.0,Mobile Phone,3,12.0,E wallet,3.0,4,Others,4,9,0,,2.0,4.0,11.0,307.13,76.7825,0.21052631578947367,0.5,8-14,0
55069,7.0,Mobile Phone,3,17.0,E wallet,3.0,2,Fashion,3,2,1,15.0,1.0,2.0,9.0,208.8,104.4,0.25,0.5,8-14,0
55070,1.0,Mobile Phone,1,32.0,Debit Card,3.0,2,Mobile Phone,1,3,1,13.0,1.0,2.0,2.0,154.94,77.47,1.0,0.5,0-3,0
55071,1.0,Mobile Phone,1,8.0,Debit Card,3.0,4,Mobile Phone,3,3,0,23.0,2.0,2.0,2.0,137.23,68.615,1.0,1.0,0-3,0
55072,1.0,Computer,3,31.0,Debit Card,4.0,6,Mobile Phone,1,3,1,15.0,2.0,2.0,1.0,136.18,68.09,1.0,1.0,0-3,1
55073,1.0,Mobile Phone,1,11.0,Debit Card,3.0,4,Mobile Phone,1,3,1,21.0,3.0,3.0,3.0,153.75,51.25,1.5,1.0,0-3,0
55074,9.0,Mobile Phone,3,9.0,E wallet,4.0,6,Others,4,4,1,,2.0,2.0,12.0,313.24,156.62,0.2,1.0,8-14,1
55075,29.0,Computer,1,15.0,Credit Card,3.0,5,Grocery,4,3,1,16.0,3.0,16.0,1.0,260.77,16.298125,0.5333333333333333,0.1875,0-3,0
55076,1.0,Computer,1,17.0,Debit Card,3.0,5,Mobile Phone,3,3,0,21.0,2.0,3.0,3.0,151.25,50.416666666666664,1.5,0.6666666666666666,0-3,1
55077,20.0,Mobile Phone,3,11.0,E wallet,3.0,5,Others,4,4,0,,2.0,2.0,9.0,312.89,156.445,0.09523809523809523,1.0,8-14,0
55079,25.0,Computer,3,16.0,Debit Card,3.0,4,Others,4,6,1,25.0,7.0,12.0,11.0,323.47,26.955833333333334,0.46153846153846156,0.5833333333333334,8-14,0
55080,31.0,Mobile Phone,1,25.0,Credit Card,4.0,4,Fashion,1,8,0,13.0,4.0,6.0,,230.12,38.35333333333333,0.1875,0.6666666666666666,,0
55081,8.0,Computer,1,26.0,Credit Card,3.0,4,Laptop & Accessory,4,6,0,14.0,1.0,6.0,11.0,169.44,28.24,0.6666666666666666,0.16666666666666666,8-14,0
55082,2.0,Computer,1,8.0,Credit Card,3.0,4,Mobile Phone,3,2,1,12.0,2.0,2.0,3.0,146.54,73.27,0.6666666666666666,1.0,0-3,0
55083,18.0,Mobile Phone,1,11.0,Debit Card,4.0,2,Others,5,3,0,,3.0,15.0,14.0,316.9,21.126666666666665,0.7894736842105263,0.2,8-14,0
55084,8.0,Computer,2,18.0,Debit Card,3.0,5,Laptop & Accessory,4,6,0,12.0,1.0,2.0,9.0,169.9,84.95,0.2222222222222222,0.5,8-14,0
55085,9.0,Mobile Phone,1,13.0,Debit Card,4.0,4,Mobile Phone,3,2,1,15.0,2.0,3.0,3.0,160.06,53.35333333333333,0.3,0.6666666666666666,0-3,0
55086,16.0,Mobile Phone,1,14.0,Credit Card,4.0,2,Laptop & Accessory,4,8,1,17.0,1.0,2.0,1.0,148.72,74.36,0.11764705882352941,0.5,0-3,0
55087,17.0,Mobile Phone,3,11.0,E wallet,3.0,5,Fashion,1,5,0,15.0,11.0,16.0,,227.31,14.206875,0.8888888888888888,0.6875,,0
55089,8.0,Mobile Phone,1,22.0,Credit Card,4.0,4,Fashion,1,3,0,12.0,1.0,2.0,6.0,204.78,102.39,0.2222222222222222,0.5,4-7,1
55090,2.0,Computer,1,9.0,Debit Card,3.0,5,Mobile Phone,1,3,1,13.0,1.0,3.0,3.0,163.67,54.556666666666665,1.0,0.3333333333333333,0-3,0
55091,25.0,Computer,1,13.0,Credit Card,3.0,5,Mobile Phone,3,2,0,15.0,4.0,8.0,8.0,153.38,19.1725,0.3076923076923077,0.5,8-14,0
55092,4.0,Computer,1,16.0,Credit Card,4.0,4,Laptop & Accessory,3,9,1,19.0,1.0,2.0,8.0,171.95,85.975,0.4,0.5,8-14,0
55093,1.0,Mobile Phone,1,14.0,Cash on Delivery,3.0,4,Mobile Phone,3,5,1,14.0,5.0,8.0,8.0,158.39,19.79875,4.0,0.625,8-14,1
55094,2.0,Mobile Phone,1,8.0,Cash on Delivery,3.0,4,Mobile Phone,5,4,0,12.0,2.0,2.0,3.0,145.8,72.9,0.6666666666666666,1.0,0-3,0
55095,1.0,Mobile Phone,1,8.0,Credit Card,3.0,4,Mobile Phone,4,3,0,19.0,2.0,3.0,2.0,145.96,48.653333333333336,1.5,0.6666666666666666,0-3,0
55096,6.0,Mobile Phone,3,15.0,Credit Card,3.0,2,Laptop & Accessory,1,3,0,16.0,1.0,2.0,9.0,187.09,93.545,0.2857142857142857,0.5,8-14,0
55097,19.0,Computer,1,32.0,Credit Card,3.0,4,Others,4,5,0,,1.0,2.0,1.0,305.61,152.805,0.1,0.5,0-3,0
55098,13.0,Mobile Phone,1,20.0,Credit Card,4.0,5,Grocery,4,8,1,,11.0,16.0,3.0,296.23,18.514375,1.1428571428571428,0.6875,0-3,0
55099,31.0,Mobile Phone,1,30.0,Debit Card,3.0,4,Mobile Phone,3,3,0,13.0,2.0,3.0,3.0,148.72,49.57333333333333,0.09375,0.6666666666666666,0-3,0
55100,1.0,Mobile Phone,1,14.0,Debit Card,4.0,4,Laptop & Accessory,3,3,0,19.0,1.0,2.0,2.0,173.83,86.915,1.0,0.5,0-3,1
55102,4.0,Mobile Phone,1,13.0,Cash on Delivery,3.0,5,Laptop & Accessory,1,2,0,13.0,6.0,7.0,8.0,171.27,24.467142857142857,1.4,0.8571428571428571,8-14,0
55103,10.0,Mobile Phone,1,17.0,Cash on Delivery,4.0,4,Fashion,3,5,0,13.0,2.0,2.0,8.0,195.94,97.97,0.18181818181818182,1.0,8-14,0
55104,20.0,Mobile Phone,2,8.0,Debit Card,3.0,4,Mobile Phone,5,8,0,13.0,3.0,6.0,8.0,159.23,26.53833333333333,0.2857142857142857,0.5,8-14,0
55105,2.0,Computer,1,8.0,Debit Card,3.0,6,Laptop & Accessory,1,2,0,12.0,8.0,8.0,6.0,191.74,23.9675,2.6666666666666665,1.0,4-7,0
55106,24.0,Mobile Phone,1,35.0,Debit Card,3.0,4,Grocery,5,6,1,,1.0,2.0,3.0,293.8,146.9,0.08,0.5,0-3,0
55107,4.0,Mobile Phone,3,32.0,E wallet,3.0,5,Fashion,4,4,1,13.0,2.0,2.0,,215.94,107.97,0.4,1.0,,1
55108,16.0,Mobile Phone,3,12.0,Debit Card,4.0,4,Fashion,4,11,1,20.0,8.0,8.0,,209.46,26.1825,0.47058823529411764,1.0,,1
55109,4.0,Mobile Phone,1,24.0,Credit Card,4.0,4,Fashion,5,3,1,24.0,2.0,,9.0,244.16000000000005,,,,8-14,0
55110,13.0,Mobile Phone,1,25.0,Debit Card,3.0,4,Laptop & Accessory,3,2,0,12.0,2.0,2.0,8.0,170.34,85.17,0.14285714285714285,1.0,8-14,0
55111,5.0,Computer,3,9.0,Debit Card,3.0,4,Fashion,3,3,1,20.0,9.0,10.0,,223.52,22.352,1.6666666666666667,0.9,,0
55113,1.0,Computer,3,8.0,Debit Card,3.0,4,Mobile Phone,4,3,1,12.0,3.0,3.0,3.0,148.02,49.34,1.5,1.0,0-3,1
55114,8.0,Mobile Phone,1,10.0,Debit Card,3.0,4,Mobile Phone,5,6,0,13.0,2.0,2.0,3.0,148.62,74.31,0.2222222222222222,1.0,0-3,1
55115,16.0,Computer,1,9.0,Debit Card,3.0,4,Grocery,3,2,1,,1.0,3.0,11.0,303.61,101.20333333333333,0.17647058823529413,0.3333333333333333,8-14,0
55116,29.0,Mobile Phone,1,9.0,Credit Card,3.0,6,Others,3,6,0,,5.0,10.0,12.0,316.87,31.687,0.3333333333333333,0.5,8-14,0
55117,30.0,Mobile Phone,2,15.0,Debit Card,4.0,4,Others,4,8,0,,3.0,8.0,8.0,322.17,40.27125,0.25806451612903225,0.375,8-14,0
55119,8.0,Mobile Phone,1,16.0,Debit Card,3.0,4,Fashion,1,2,0,12.0,1.0,2.0,,210.0,105.0,0.2222222222222222,0.5,,0
55120,14.0,Mobile Phone,1,9.0,Debit Card,4.0,4,Laptop & Accessory,1,3,0,14.0,4.0,9.0,9.0,171.61,19.067777777777778,0.6,0.4444444444444444,8-14,0
55121,15.0,Computer,3,8.0,E wallet,4.0,4,Laptop & Accessory,5,2,0,18.0,1.0,2.0,8.0,166.03,83.015,0.125,0.5,8-14,0
55125,8.0,Mobile Phone,3,22.0,Credit Card,4.0,4,Laptop & Accessory,5,3,0,13.0,5.0,10.0,7.0,186.25,18.625,1.1111111111111112,0.5,4-7,0
55126,1.0,Mobile Phone,1,26.0,Credit Card,4.0,4,Mobile Phone,1,5,0,12.0,1.0,2.0,3.0,161.69,80.845,1.0,0.5,0-3,0
55127,21.0,Mobile Phone,1,14.0,Credit Card,3.0,5,Fashion,5,9,1,15.0,2.0,6.0,,225.08,37.513333333333335,0.2727272727272727,0.3333333333333333,,1
55128,14.0,Mobile Phone,1,8.0,Debit Card,3.0,4,Mobile Phone,4,5,0,23.0,2.0,2.0,4.0,148.87,74.435,0.13333333333333333,1.0,4-7,0
55129,10.0,Computer,3,14.0,E wallet,3.0,2,Laptop & Accessory,5,4,0,17.0,6.0,7.0,14.0,171.39,24.48428571428571,0.6363636363636364,0.8571428571428571,8-14,0
55130,22.0,Mobile Phone,1,11.0,Debit Card,3.0,4,Fashion,1,3,0,12.0,2.0,2.0,9.0,203.98,101.99,0.08695652173913043,1.0,8-14,0
55131,1.0,Mobile Phone,3,18.0,Credit Card,4.0,2,Mobile Phone,1,10,0,15.0,1.0,2.0,1.0,150.34,75.17,1.0,0.5,0-3,0
55133,1.0,Computer,1,8.0,Debit Card,4.0,4,Mobile Phone,1,3,0,16.0,2.0,2.0,1.0,141.11,70.555,1.0,1.0,0-3,0
55134,9.0,Mobile Phone,1,8.0,Credit Card,3.0,5,Laptop & Accessory,1,2,0,13.0,1.0,2.0,1.0,178.63,89.315,0.2,0.5,0-3,0
55135,1.0,Computer,3,9.0,Debit Card,3.0,6,Laptop & Accessory,1,5,0,21.0,1.0,2.0,1.0,175.71,87.855,1.0,0.5,0-3,0
55137,30.0,Mobile Phone,1,30.0,Debit Card,4.0,4,Grocery,4,6,1,13.0,14.0,,10.0,259.02,,,,8-14,0
55139,14.0,Mobile Phone,1,9.0,Credit Card,3.0,2,Laptop & Accessory,3,7,0,21.0,7.0,12.0,9.0,188.77,15.730833333333335,0.8,0.5833333333333334,8-14,0
55140,8.0,Mobile Phone,1,36.0,Credit Card,3.0,4,Laptop & Accessory,3,6,0,14.0,6.0,8.0,8.0,179.29,22.41125,0.8888888888888888,0.75,8-14,0
55141,1.0,Computer,3,9.0,Debit Card,3.0,5,Mobile Phone,1,9,0,15.0,1.0,2.0,1.0,152.85,76.425,1.0,0.5,0-3,1
55142,1.0,Computer,3,25.0,E wallet,4.0,4,Laptop & Accessory,3,2,1,19.0,1.0,4.0,3.0,171.14,42.785,2.0,0.25,0-3,1
55144,8.0,Mobile Phone,1,9.0,Cash on Delivery,4.0,4,Laptop & Accessory,1,3,0,12.0,5.0,5.0,12.0,191.87,38.374,0.5555555555555556,1.0,8-14,0
55145,2.0,Mobile Phone,3,33.0,Debit Card,3.0,5,Laptop & Accessory,5,3,0,12.0,2.0,2.0,5.0,172.24,86.12,0.6666666666666666,1.0,4-7,0
55146,1.0,Mobile Phone,1,29.0,Credit Card,4.0,4,Laptop & Accessory,3,3,1,16.0,6.0,7.0,8.0,186.79,26.684285714285714,3.5,0.8571428571428571,8-14,1
55147,13.0,Mobile Phone,3,28.0,Debit Card,3.0,5,Laptop & Accessory,1,5,1,13.0,1.0,2.0,5.0,186.2,93.1,0.14285714285714285,0.5,4-7,0
55148,25.0,Computer,3,9.0,E wallet,3.0,4,Fashion,4,4,0,12.0,4.0,4.0,,230.96,57.74,0.15384615384615385,1.0,,0
55149,15.0,Computer,1,29.0,Debit Card,4.0,4,Laptop & Accessory,1,5,1,15.0,3.0,4.0,4.0,179.67,44.9175,0.25,0.75,4-7,0
55150,11.0,Mobile Phone,1,11.0,Debit Card,3.0,4,Mobile Phone,3,9,1,16.0,2.0,2.0,4.0,154.96,77.48,0.16666666666666666,1.0,4-7,0
55151,7.0,Computer,3,12.0,Debit Card,4.0,4,Laptop & Accessory,1,8,0,14.0,2.0,2.0,,224.98,112.49,0.25,1.0,,0
55152,6.0,Mobile Phone,3,9.0,E wallet,3.0,4,Laptop & Accessory,4,2,1,14.0,2.0,2.0,3.0,165.78,82.89,0.2857142857142857,1.0,0-3,0
55153,13.0,Computer,1,32.0,Debit Card,4.0,4,Fashion,3,5,0,22.0,1.0,,6.0,234.2,,,,4-7,0
55154,1.0,Mobile Phone,3,25.0,Debit Card,4.0,2,Laptop & Accessory,3,4,0,12.0,2.0,2.0,3.0,187.32,93.66,1.0,1.0,0-3,0
55155,26.0,Computer,1,35.0,Credit Card,3.0,2,Grocery,3,4,1,12.0,2.0,,3.0,257.47,,,,0-3,0
55156,17.0,Mobile Phone,1,13.0,Credit Card,4.0,5,Laptop & Accessory,3,3,1,15.0,1.0,2.0,9.0,165.81,82.905,0.1111111111111111,0.5,8-14,0
55157,1.0,Mobile Phone,3,17.0,E wallet,4.0,5,Laptop & Accessory,1,3,1,12.0,2.0,5.0,5.0,182.69,36.538,2.5,0.4,4-7,0
55158,1.0,Mobile Phone,1,24.0,Debit Card,3.0,4,Mobile Phone,3,3,1,14.0,5.0,8.0,8.0,148.94,18.6175,4.0,0.625,8-14,1
55159,1.0,Mobile Phone,1,9.0,Credit Card,3.0,5,Mobile Phone,1,2,0,13.0,2.0,2.0,2.0,164.04,82.02,1.0,1.0,0-3,0
55160,16.0,Mobile Phone,2,17.0,UPI,3.0,4,Grocery,5,2,0,,1.0,2.0,10.0,292.99,146.495,0.11764705882352941,0.5,8-14,0
55161,26.0,Mobile Phone,1,15.0,UPI,3.0,4,Mobile Phone,5,11,0,14.0,2.0,2.0,5.0,154.5,77.25,0.07407407407407407,1.0,4-7,0
55162,11.0,Mobile Phone,1,18.0,Credit Card,4.0,4,Mobile Phone,3,6,0,19.0,2.0,2.0,3.0,161.29,80.645,0.16666666666666666,1.0,0-3,0
55163,9.0,Computer,1,25.0,Debit Card,3.0,4,Fashion,1,4,0,12.0,3.0,3.0,,218.62,72.87333333333333,0.3,1.0,,0
55164,1.0,Mobile Phone,1,8.0,Cash on Delivery,3.0,4,Mobile Phone,1,6,0,12.0,1.0,2.0,3.0,157.29,78.645,1.0,0.5,0-3,0
55165,1.0,Mobile Phone,1,14.0,UPI,4.0,2,Mobile Phone,5,2,0,13.0,1.0,2.0,8.0,160.78,80.39,1.0,0.5,8-14,0
55167,13.0,Computer,1,35.0,Debit Card,4.0,5,Laptop & Accessory,5,5,0,21.0,1.0,2.0,4.0,167.84,83.92,0.14285714285714285,0.5,4-7,1
55168,1.0,Computer,1,21.0,UPI,3.0,4,Fashion,1,2,1,13.0,5.0,8.0,8.0,200.53,25.06625,4.0,0.625,8-14,1
55169,28.0,Mobile Phone,1,8.0,Credit Card,3.0,4,Grocery,1,8,0,,7.0,13.0,8.0,298.28,22.944615384615382,0.4482758620689655,0.5384615384615384,8-14,0
55170,31.0,Mobile Phone,1,8.0,Credit Card,4.0,4,Others,5,5,1,,2.0,2.0,6.0,322.01,161.005,0.0625,1.0,4-7,0
55171,29.0,Mobile Phone,1,8.0,Credit Card,3.0,2,Grocery,1,4,0,14.0,,2.0,1.0,272.32,136.16,0.06666666666666667,,0-3,0
55172,10.0,Mobile Phone,3,10.0,E wallet,4.0,4,Laptop & Accessory,4,5,1,17.0,1.0,2.0,,217.78,108.89,0.18181818181818182,0.5,,0
55173,1.0,Computer,3,8.0,Debit Card,3.0,6,Mobile Phone,3,3,0,13.0,1.0,2.0,1.0,138.59,69.295,1.0,0.5,0-3,1
55176,8.0,Computer,1,8.0,UPI,4.0,4,Mobile Phone,5,7,0,15.0,2.0,2.0,4.0,154.96,77.48,0.2222222222222222,1.0,4-7,0
55178,1.0,Mobile Phone,1,18.0,Debit Card,4.0,4,Mobile Phone,5,2,0,15.0,2.0,2.0,5.0,145.99,72.995,1.0,1.0,4-7,0
55179,10.0,Mobile Phone,1,11.0,Debit Card,3.0,5,Laptop & Accessory,1,3,0,17.0,1.0,2.0,9.0,183.1,91.55,0.18181818181818182,0.5,8-14,0
55180,10.0,Mobile Phone,3,23.0,E wallet,4.0,5,Laptop & Accessory,5,6,0,14.0,2.0,2.0,3.0,181.47,90.735,0.18181818181818182,1.0,0-3,0
55181,21.0,Mobile Phone,1,8.0,Cash on Delivery,4.0,4,Mobile Phone,1,9,0,13.0,2.0,2.0,3.0,159.2,79.6,0.09090909090909091,1.0,0-3,0
55182,1.0,Mobile Phone,3,16.0,Debit Card,4.0,5,Mobile Phone,5,5,0,13.0,3.0,3.0,3.0,169.0,56.333333333333336,1.5,1.0,0-3,1
55183,11.0,Computer,1,12.0,Cash on Delivery,3.0,2,Mobile Phone,3,2,0,15.0,1.0,2.0,4.0,160.0,80.0,0.16666666666666666,0.5,4-7,0
55184,30.0,Mobile Phone,1,8.0,Debit Card,3.0,4,Mobile Phone,5,4,0,23.0,1.0,2.0,1.0,145.66,72.83,0.06451612903225806,0.5,0-3,0
55185,21.0,Mobile Phone,1,9.0,Credit Card,3.0,4,Grocery,3,5,0,,3.0,6.0,7.0,296.69,49.44833333333333,0.2727272727272727,0.5,4-7,0
55186,1.0,Mobile Phone,3,11.0,Credit Card,3.0,4,Laptop & Accessory,3,3,1,13.0,2.0,2.0,4.0,166.62,83.31,1.0,1.0,4-7,0
55187,6.0,Mobile Phone,3,14.0,E wallet,4.0,4,Laptop & Accessory,1,6,0,13.0,1.0,2.0,,217.04,108.52,0.2857142857142857,0.5,,0
55188,8.0,Mobile Phone,1,8.0,Debit Card,3.0,5,Mobile Phone,4,7,0,18.0,2.0,2.0,3.0,157.94,78.97,0.2222222222222222,1.0,0-3,0
55189,15.0,Mobile Phone,1,12.0,Credit Card,3.0,2,Mobile Phone,3,4,1,13.0,1.0,2.0,4.0,146.27,73.135,0.125,0.5,4-7,0
55190,14.0,Computer,1,16.0,UPI,3.0,4,Laptop & Accessory,3,5,0,12.0,1.0,2.0,8.0,164.75,82.375,0.13333333333333333,0.5,8-14,0
55191,5.0,Mobile Phone,3,15.0,Debit Card,3.0,4,Fashion,1,3,0,19.0,3.0,,10.0,232.93,,,,8-14,0
55192,10.0,Mobile Phone,3,16.0,E wallet,3.0,4,Fashion,1,6,0,12.0,5.0,5.0,,225.96,45.192,0.45454545454545453,1.0,,1
55194,1.0,Computer,1,8.0,Debit Card,4.0,2,Fashion,4,3,0,12.0,2.0,5.0,8.0,199.46,39.892,2.5,0.4,8-14,1
55195,19.0,Mobile Phone,1,27.0,Credit Card,4.0,6,Fashion,5,4,1,19.0,2.0,,8.0,233.51,,,,8-14,0
55196,5.0,Mobile Phone,2,15.0,Credit Card,4.0,2,Mobile Phone,4,11,0,19.0,2.0,2.0,3.0,146.09,73.045,0.3333333333333333,1.0,0-3,0
55197,1.0,Computer,1,9.0,Debit Card,4.0,4,Mobile Phone,1,8,1,14.0,1.0,3.0,3.0,162.22,54.07333333333333,1.5,0.3333333333333333,0-3,1
55198,19.0,Mobile Phone,1,36.0,Cash on Delivery,3.0,4,Fashion,1,6,1,19.0,2.0,2.0,,218.8,109.4,0.1,1.0,,0
55199,22.0,Mobile Phone,3,14.0,E wallet,4.0,4,Laptop & Accessory,5,6,0,12.0,1.0,3.0,3.0,179.86,59.95333333333334,0.13043478260869565,0.3333333333333333,0-3,0
55200,1.0,Mobile Phone,2,16.0,Cash on Delivery,3.0,4,Mobile Phone,3,3,0,16.0,3.0,3.0,3.0,152.42,50.806666666666665,1.5,1.0,0-3,1
55202,2.0,Mobile Phone,3,12.0,Credit Card,3.0,4,Laptop & Accessory,5,2,0,19.0,1.0,2.0,,209.63,104.815,0.6666666666666666,0.5,,0
55205,23.0,Mobile Phone,1,12.0,Cash on Delivery,4.0,4,Laptop & Accessory,3,4,0,15.0,1.0,2.0,3.0,191.51,95.755,0.08333333333333333,0.5,0-3,0
55206,14.0,Mobile Phone,1,9.0,Credit Card,4.0,4,Mobile Phone,3,4,0,15.0,2.0,2.0,3.0,148.45,74.225,0.13333333333333333,1.0,0-3,0
55208,7.0,Computer,3,14.0,Credit Card,3.0,4,Laptop & Accessory,5,2,0,15.0,2.0,2.0,4.0,168.73,84.365,0.25,1.0,4-7,0
55210,4.0,Mobile Phone,3,23.0,Debit Card,4.0,4,Laptop & Accessory,3,10,0,16.0,2.0,3.0,3.0,178.01,59.336666666666666,0.6,0.6666666666666666,0-3,0
55211,16.0,Computer,1,16.0,Credit Card,4.0,4,Mobile Phone,1,3,0,14.0,1.0,6.0,9.0,161.73,26.955,0.35294117647058826,0.16666666666666666,8-14,0
55212,18.0,Computer,3,8.0,E wallet,4.0,4,Laptop & Accessory,3,9,0,13.0,1.0,2.0,1.0,172.68,86.34,0.10526315789473684,0.5,0-3,0
55214,31.0,Mobile Phone,1,8.0,Debit Card,4.0,2,Laptop & Accessory,3,2,0,25.0,2.0,3.0,9.0,174.0,58.0,0.09375,0.6666666666666666,8-14,0
55217,1.0,Computer,3,8.0,Cash on Delivery,4.0,4,Mobile Phone,3,5,0,16.0,2.0,2.0,3.0,154.09,77.045,1.0,1.0,0-3,1
55218,1.0,Computer,3,20.0,Cash on Delivery,3.0,4,Laptop & Accessory,4,7,0,12.0,2.0,2.0,1.0,182.65,91.325,1.0,1.0,0-3,1
55219,1.0,Mobile Phone,3,31.0,Credit Card,3.0,5,Laptop & Accessory,4,2,1,24.0,5.0,11.0,11.0,170.99,15.544545454545455,5.5,0.45454545454545453,8-14,1
55220,9.0,Mobile Phone,3,14.0,Debit Card,4.0,4,Mobile Phone,3,3,0,14.0,1.0,2.0,1.0,149.04,74.52,0.2,0.5,0-3,0
55222,1.0,Computer,3,20.0,Debit Card,4.0,4,Mobile Phone,4,3,0,14.0,1.0,2.0,1.0,145.33,72.665,1.0,0.5,0-3,0
55223,18.0,Computer,1,9.0,Credit Card,3.0,4,Fashion,3,7,1,19.0,3.0,3.0,,227.09,75.69666666666667,0.15789473684210525,1.0,,0
55225,4.0,Mobile Phone,2,8.0,Debit Card,3.0,4,Mobile Phone,3,2,0,22.0,1.0,2.0,4.0,145.64,72.82,0.4,0.5,4-7,0
55226,29.0,Mobile Phone,1,11.0,Debit Card,2.0,4,Laptop & Accessory,3,2,1,17.0,2.0,2.0,3.0,165.35,82.675,0.06666666666666667,1.0,0-3,0
55227,7.0,Mobile Phone,1,11.0,Credit Card,3.0,5,Mobile Phone,4,10,0,12.0,2.0,2.0,3.0,163.38,81.69,0.25,1.0,0-3,0
55228,21.0,Mobile Phone,3,21.0,Credit Card,4.0,4,Laptop & Accessory,3,5,1,18.0,2.0,2.0,3.0,170.91,85.455,0.09090909090909091,1.0,0-3,0
55229,1.0,Computer,1,9.0,Credit Card,3.0,5,Mobile Phone,5,9,0,12.0,2.0,2.0,1.0,150.61,75.305,1.0,1.0,0-3,1
55230,2.0,Mobile Phone,1,8.0,Debit Card,4.0,5,Mobile Phone,3,3,0,15.0,1.0,2.0,1.0,140.63,70.315,0.6666666666666666,0.5,0-3,0
55232,23.0,Mobile Phone,1,10.0,Credit Card,3.0,5,Laptop & Accessory,5,6,0,26.0,1.0,2.0,3.0,172.89,86.445,0.08333333333333333,0.5,0-3,0
55233,3.0,Computer,1,9.0,Debit Card,4.0,4,Mobile Phone,4,2,0,14.0,2.0,2.0,3.0,156.8,78.4,0.5,1.0,0-3,0
55234,2.0,Mobile Phone,1,36.0,Debit Card,4.0,6,Laptop & Accessory,4,3,0,15.0,1.0,2.0,8.0,190.49,95.245,0.6666666666666666,0.5,8-14,0
55235,7.0,Mobile Phone,1,15.0,Debit Card,4.0,4,Laptop & Accessory,3,4,1,18.0,2.0,2.0,1.0,188.88,94.44,0.25,1.0,0-3,0
55236,6.0,Mobile Phone,1,17.0,Credit Card,4.0,4,Fashion,1,4,0,26.0,1.0,,1.0,237.44,,,,0-3,0
55238,1.0,Mobile Phone,1,8.0,Cash on Delivery,4.0,5,Mobile Phone,5,8,0,14.0,2.0,2.0,8.0,148.62,74.31,1.0,1.0,8-14,1
55239,18.0,Mobile Phone,1,35.0,Debit Card,3.0,4,Grocery,5,5,0,14.0,,15.0,18.0,288.28,19.218666666666664,0.7894736842105263,,15+,0
55240,13.0,Mobile Phone,1,13.0,Debit Card,3.0,4,Fashion,4,6,0,19.0,3.0,3.0,3.0,208.76,69.58666666666666,0.21428571428571427,1.0,0-3,0
55241,20.0,Mobile Phone,3,10.0,Debit Card,3.0,4,Grocery,4,10,0,13.0,,6.0,2.0,291.06,48.51,0.2857142857142857,,0-3,0
55242,9.0,Mobile Phone,1,23.0,Debit Card,4.0,5,Fashion,4,3,0,20.0,4.0,4.0,,211.06,52.765,0.4,1.0,,0
55245,8.0,Mobile Phone,3,8.0,Cash on Delivery,4.0,5,Fashion,3,3,1,15.0,8.0,9.0,7.0,195.83,21.75888888888889,1.0,0.8888888888888888,4-7,0
55246,1.0,Computer,1,10.0,Debit Card,3.0,4,Mobile Phone,3,3,0,13.0,3.0,8.0,8.0,165.84,20.73,4.0,0.375,8-14,1
55248,8.0,Mobile Phone,3,14.0,Cash on Delivery,3.0,4,Mobile Phone,3,2,1,26.0,4.0,6.0,8.0,148.08,24.680000000000003,0.6666666666666666,0.6666666666666666,8-14,0
55249,16.0,Mobile Phone,1,9.0,Credit Card,4.0,5,Mobile Phone,4,6,0,15.0,1.0,2.0,1.0,173.41,86.705,0.11764705882352941,0.5,0-3,0
55250,11.0,Mobile Phone,1,20.0,Credit Card,3.0,4,Laptop & Accessory,1,3,0,18.0,3.0,4.0,8.0,167.85,41.9625,0.3333333333333333,0.75,8-14,0
55251,3.0,Mobile Phone,1,15.0,UPI,3.0,6,Laptop & Accessory,5,5,0,14.0,2.0,2.0,,222.15,111.075,0.5,1.0,,0
55252,7.0,Mobile Phone,1,32.0,Debit Card,3.0,5,Laptop & Accessory,4,3,0,14.0,2.0,2.0,3.0,168.2,84.1,0.25,1.0,0-3,0
55254,16.0,Computer,1,9.0,Debit Card,3.0,4,Fashion,1,4,1,15.0,5.0,14.0,,226.24,16.16,0.8235294117647058,0.35714285714285715,,0
55255,14.0,Mobile Phone,3,16.0,Credit Card,3.0,4,Laptop & Accessory,5,2,0,13.0,8.0,8.0,2.0,179.73,22.46625,0.5333333333333333,1.0,0-3,0
55256,7.0,Mobile Phone,1,35.0,Debit Card,4.0,4,Laptop & Accessory,3,3,1,13.0,5.0,6.0,8.0,177.07,29.511666666666667,0.75,0.8333333333333334,8-14,0
55259,14.0,Computer,1,15.0,Debit Card,4.0,4,Laptop & Accessory,1,5,1,19.0,2.0,3.0,3.0,165.69,55.23,0.2,0.6666666666666666,0-3,0
55260,19.0,Mobile Phone,1,8.0,Cash on Delivery,4.0,4,Fashion,4,3,0,13.0,4.0,8.0,8.0,199.41,24.92625,0.4,0.5,8-14,0
55261,9.0,Mobile Phone,3,35.0,Debit Card,4.0,5,Mobile Phone,3,2,0,24.0,3.0,5.0,3.0,149.3,29.860000000000003,0.5,0.6,0-3,0
55263,10.0,Mobile Phone,3,9.0,Debit Card,4.0,4,Mobile Phone,1,5,1,22.0,2.0,2.0,3.0,151.44,75.72,0.18181818181818182,1.0,0-3,0
55264,22.0,Mobile Phone,3,23.0,Debit Card,4.0,4,Laptop & Accessory,3,10,0,15.0,8.0,8.0,8.0,189.39,23.67375,0.34782608695652173,1.0,8-14,0
55265,3.0,Mobile Phone,1,16.0,Debit Card,4.0,2,Mobile Phone,3,8,0,19.0,1.0,2.0,1.0,149.51,74.755,0.5,0.5,0-3,0
55267,1.0,Mobile Phone,3,8.0,Debit Card,4.0,5,Laptop & Accessory,5,3,0,12.0,2.0,7.0,,222.14,31.73428571428571,3.5,0.2857142857142857,,1
55269,9.0,Mobile Phone,1,8.0,Credit Card,4.0,5,Mobile Phone,5,3,0,20.0,2.0,2.0,3.0,149.5,74.75,0.2,1.0,0-3,0
55270,8.0,Mobile Phone,3,36.0,Cash on Delivery,3.0,4,Fashion,4,5,0,13.0,2.0,2.0,,217.5,108.75,0.2222222222222222,1.0,,0
55272,17.0,Mobile Phone,1,9.0,Cash on Delivery,4.0,5,Fashion,1,2,0,17.0,1.0,2.0,,226.69,113.345,0.1111111111111111,0.5,,1
55273,2.0,Mobile Phone,1,9.0,Credit Card,3.0,4,Laptop & Accessory,4,6,0,12.0,2.0,2.0,5.0,173.55,86.775,0.6666666666666666,1.0,4-7,1
55274,6.0,Computer,1,8.0,Cash on Delivery,4.0,4,Laptop & Accessory,5,6,0,15.0,1.0,2.0,3.0,165.87,82.935,0.2857142857142857,0.5,0-3,0
55275,22.0,Mobile Phone,1,22.0,UPI,4.0,4,Mobile Phone,5,10,0,13.0,7.0,8.0,7.0,148.67,18.58375,0.34782608695652173,0.875,4-7,0
55277,29.0,Mobile Phone,3,33.0,E wallet,3.0,5,Others,1,3,0,,1.0,3.0,14.0,320.86,106.95333333333333,0.1,0.3333333333333333,8-14,0
55278,8.0,Mobile Phone,1,8.0,Debit Card,3.0,4,Laptop & Accessory,1,11,0,18.0,1.0,3.0,2.0,179.84,59.946666666666665,0.3333333333333333,0.3333333333333333,0-3,0
55280,12.0,Mobile Phone,3,21.0,Debit Card,4.0,4,Laptop & Accessory,4,2,0,12.0,4.0,8.0,,224.24,28.03,0.6153846153846154,0.5,,0
55281,12.0,Mobile Phone,3,23.0,Debit Card,3.0,4,Laptop & Accessory,4,4,0,13.0,2.0,2.0,3.0,166.98,83.49,0.15384615384615385,1.0,0-3,0
55282,10.0,Mobile Phone,3,8.0,Debit Card,4.0,4,Laptop & Accessory,3,8,0,14.0,2.0,2.0,1.0,193.15,96.575,0.18181818181818182,1.0,0-3,0
55284,9.0,Mobile Phone,1,17.0,Credit Card,3.0,4,Laptop & Accessory,3,5,1,17.0,1.0,2.0,5.0,186.42,93.21,0.2,0.5,4-7,0
55285,13.0,Mobile Phone,3,13.0,Credit Card,3.0,2,Fashion,3,4,0,12.0,4.0,8.0,7.0,207.37,25.92125,0.5714285714285714,0.5,4-7,0
55286,3.0,Computer,1,9.0,Debit Card,3.0,4,Laptop & Accessory,1,3,0,20.0,2.0,2.0,,213.53,106.765,0.5,1.0,,0
55287,24.0,Mobile Phone,3,16.0,E wallet,3.0,4,Others,3,6,1,,1.0,2.0,1.0,318.31,159.155,0.08,0.5,0-3,0
55288,1.0,Mobile Phone,1,17.0,Cash on Delivery,3.0,2,Mobile Phone,3,4,0,17.0,1.0,3.0,3.0,145.73,48.57666666666666,1.5,0.3333333333333333,0-3,0
55289,10.0,Computer,1,13.0,Debit Card,4.0,2,Laptop & Accessory,5,5,1,14.0,1.0,2.0,3.0,180.62,90.31,0.18181818181818182,0.5,0-3,0
55291,9.0,Mobile Phone,1,35.0,Debit Card,3.0,2,Laptop & Accessory,3,3,0,18.0,7.0,7.0,9.0,159.07,22.724285714285713,0.7,1.0,8-14,0
55292,8.0,Computer,1,17.0,Cash on Delivery,4.0,5,Laptop & Accessory,3,3,0,15.0,2.0,8.0,8.0,175.63,21.95375,0.8888888888888888,0.25,8-14,0
55296,20.0,Mobile Phone,3,8.0,Debit Card,3.0,2,Grocery,5,3,0,,1.0,2.0,13.0,300.67,150.335,0.09523809523809523,0.5,8-14,0
55298,1.0,Computer,1,33.0,UPI,3.0,5,Mobile Phone,3,3,1,15.0,2.0,2.0,4.0,153.14,76.57,1.0,1.0,4-7,0
55299,24.0,Computer,1,27.0,Credit Card,3.0,4,Grocery,3,4,1,16.0,1.0,,14.0,237.45,,,,8-14,0
55301,18.0,Mobile Phone,1,14.0,Credit Card,3.0,4,Others,1,2,1,,1.0,2.0,11.0,315.49,157.745,0.10526315789473684,0.5,8-14,0
55302,4.0,Mobile Phone,1,14.0,Credit Card,3.0,5,Mobile Phone,4,3,0,13.0,2.0,2.0,2.0,146.41,73.205,0.4,1.0,0-3,0
55303,19.0,Mobile Phone,1,12.0,Credit Card,3.0,6,Laptop & Accessory,5,3,1,15.0,1.0,2.0,5.0,182.69,91.345,0.1,0.5,4-7,0
55304,19.0,Computer,3,33.0,E wallet,3.0,5,Laptop & Accessory,5,3,0,16.0,4.0,5.0,6.0,168.85,33.769999999999996,0.25,0.8,4-7,0
55305,5.0,Computer,3,9.0,UPI,3.0,4,Laptop & Accessory,5,9,0,14.0,2.0,2.0,4.0,178.32,89.16,0.3333333333333333,1.0,4-7,0
55307,8.0,Computer,1,17.0,Debit Card,3.0,2,Laptop & Accessory,1,3,0,14.0,4.0,8.0,3.0,172.24,21.53,0.8888888888888888,0.5,0-3,0
55308,23.0,Mobile Phone,1,32.0,Debit Card,3.0,4,Mobile Phone,5,3,0,15.0,2.0,2.0,5.0,157.11,78.555,0.08333333333333333,1.0,4-7,0
55309,13.0,Mobile Phone,1,17.0,Credit Card,4.0,4,Laptop & Accessory,5,4,0,14.0,4.0,8.0,8.0,178.77,22.34625,0.5714285714285714,0.5,8-14,0
55311,9.0,Mobile Phone,1,25.0,Debit Card,3.0,2,Laptop & Accessory,5,3,0,12.0,2.0,2.0,11.0,177.08,88.54,0.2,1.0,8-14,0
55312,2.0,Mobile Phone,1,34.0,Credit Card,3.0,6,Laptop & Accessory,5,2,0,22.0,2.0,2.0,1.0,173.77,86.885,0.6666666666666666,1.0,0-3,0
55313,1.0,Mobile Phone,1,12.0,Credit Card,4.0,4,Mobile Phone,1,3,0,19.0,1.0,3.0,3.0,156.17,52.056666666666665,1.5,0.3333333333333333,0-3,0
55314,1.0,Computer,3,10.0,Credit Card,4.0,4,Mobile Phone,1,3,1,13.0,2.0,2.0,1.0,140.69,70.345,1.0,1.0,0-3,1
55317,14.0,Mobile Phone,1,22.0,Debit Card,4.0,5,Fashion,3,3,0,14.0,7.0,15.0,,229.35,15.29,1.0,0.4666666666666667,,0
55318,9.0,Computer,1,15.0,Debit Card,3.0,4,Laptop & Accessory,3,3,0,13.0,1.0,3.0,10.0,166.48,55.49333333333333,0.3,0.3333333333333333,8-14,0
55321,19.0,Mobile Phone,1,9.0,UPI,3.0,5,Laptop & Accessory,1,3,0,20.0,4.0,4.0,10.0,182.7,45.675,0.2,1.0,8-14,0
55322,12.0,Mobile Phone,1,9.0,Credit Card,3.0,5,Fashion,3,5,1,20.0,1.0,2.0,3.0,202.56,101.28,0.15384615384615385,0.5,0-3,0
55323,1.0,Mobile Phone,3,17.0,Credit Card,3.0,5,Fashion,5,11,0,18.0,1.0,7.0,,228.06,32.58,3.5,0.14285714285714285,,1
55324,11.0,Mobile Phone,1,17.0,Credit Card,4.0,4,Mobile Phone,4,3,0,12.0,5.0,8.0,8.0,164.36,20.545,0.6666666666666666,0.625,8-14,0
55325,14.0,Mobile Phone,1,23.0,Debit Card,3.0,4,Fashion,1,8,1,16.0,4.0,4.0,4.0,204.45,51.1125,0.26666666666666666,1.0,4-7,0
55326,18.0,Computer,2,8.0,UPI,3.0,4,Laptop & Accessory,1,6,1,12.0,2.0,2.0,3.0,182.43,91.215,0.10526315789473684,1.0,0-3,0
55328,1.0,Mobile Phone,3,22.0,Credit Card,3.0,6,Laptop & Accessory,1,8,1,15.0,1.0,3.0,3.0,179.4,59.800000000000004,1.5,0.3333333333333333,0-3,1
55329,1.0,Computer,1,9.0,Cash on Delivery,3.0,4,Mobile Phone,1,3,1,14.0,1.0,2.0,4.0,162.6,81.3,1.0,0.5,4-7,0
55335,1.0,Computer,1,9.0,Debit Card,4.0,2,Laptop & Accessory,3,3,0,18.0,2.0,2.0,8.0,177.06,88.53,1.0,1.0,8-14,0
55338,24.0,Mobile Phone,1,24.0,Debit Card,3.0,5,Fashion,5,7,0,16.0,1.0,,12.0,257.69,,,,8-14,0
55340,8.0,Mobile Phone,1,10.0,Debit Card,4.0,4,Laptop & Accessory,4,3,0,13.0,2.0,8.0,10.0,179.33,22.41625,0.8888888888888888,0.25,8-14,0
55343,10.0,Computer,1,8.0,Credit Card,3.0,5,Laptop & Accessory,3,2,0,16.0,1.0,2.0,3.0,168.74,84.37,0.18181818181818182,0.5,0-3,0
55344,10.0,Mobile Phone,1,10.0,Debit Card,4.0,2,Laptop & Accessory,5,8,0,21.0,1.0,2.0,5.0,193.42,96.71,0.18181818181818182,0.5,4-7,0
55345,28.0,Mobile Phone,1,29.0,Credit Card,4.0,4,Grocery,3,5,0,,4.0,5.0,8.0,299.26,59.852,0.1724137931034483,0.8,8-14,0
55346,17.0,Mobile Phone,1,22.0,Debit Card,4.0,5,Grocery,3,3,0,,3.0,7.0,12.0,301.03,43.00428571428571,0.3888888888888889,0.42857142857142855,8-14,0
55347,1.0,Computer,3,19.0,UPI,3.0,4,Laptop & Accessory,1,5,1,25.0,6.0,7.0,8.0,170.81,24.40142857142857,3.5,0.8571428571428571,8-14,1
55348,12.0,Computer,1,8.0,Debit Card,3.0,4,Laptop & Accessory,1,9,0,16.0,2.0,3.0,10.0,172.35,57.449999999999996,0.23076923076923078,0.6666666666666666,8-14,0
55351,6.0,Mobile Phone,1,9.0,Credit Card,3.0,4,Laptop & Accessory,4,2,0,14.0,2.0,2.0,7.0,179.7,89.85,0.2857142857142857,1.0,4-7,0
55353,23.0,Mobile Phone,1,23.0,Credit Card,4.0,4,Mobile Phone,5,6,1,17.0,1.0,3.0,3.0,150.87,50.29,0.125,0.3333333333333333,0-3,0
55354,12.0,Computer,1,9.0,Credit Card,3.0,5,Mobile Phone,4,3,0,23.0,1.0,4.0,4.0,149.4,37.35,0.3076923076923077,0.25,4-7,0
55356,23.0,Mobile Phone,1,8.0,Debit Card,3.0,4,Grocery,3,6,0,15.0,,2.0,1.0,278.79,139.395,0.08333333333333333,,0-3,0
55361,18.0,Mobile Phone,2,8.0,Debit Card,3.0,4,Mobile Phone,1,6,1,19.0,3.0,3.0,3.0,156.95,52.31666666666666,0.15789473684210525,1.0,0-3,0
55365,12.0,Computer,3,14.0,Credit Card,4.0,4,Mobile Phone,3,4,1,12.0,2.0,8.0,8.0,151.55,18.94375,0.6153846153846154,0.25,8-14,1
55366,1.0,Mobile Phone,1,9.0,Debit Card,4.0,4,Mobile Phone,4,3,0,13.0,1.0,2.0,1.0,138.93,69.465,1.0,0.5,0-3,1
55367,1.0,Computer,1,14.0,Credit Card,4.0,4,Mobile Phone,1,3,0,21.0,1.0,6.0,8.0,150.7,25.116666666666664,3.0,0.16666666666666666,8-14,0
55369,8.0,Mobile Phone,1,12.0,Credit Card,3.0,5,Laptop & Accessory,1,3,0,15.0,1.0,5.0,14.0,164.86,32.972,0.5555555555555556,0.2,8-14,0
55370,31.0,Mobile Phone,1,8.0,Credit Card,4.0,6,Fashion,1,5,0,21.0,2.0,,1.0,233.83,,,,0-3,0
55371,7.0,Mobile Phone,1,28.0,Credit Card,4.0,2,Mobile Phone,4,3,0,19.0,1.0,3.0,14.0,145.28,48.42666666666667,0.375,0.3333333333333333,8-14,0
55372,11.0,Computer,3,8.0,Credit Card,3.0,6,Laptop & Accessory,1,3,0,15.0,2.0,2.0,,220.25,110.125,0.16666666666666666,1.0,,0
55373,8.0,Mobile Phone,1,26.0,Debit Card,3.0,5,Mobile Phone,1,3,0,13.0,2.0,9.0,8.0,154.29,17.14333333333333,1.0,0.2222222222222222,8-14,0
55374,1.0,Mobile Phone,3,14.0,Debit Card,4.0,4,Mobile Phone,1,3,1,22.0,2.0,2.0,3.0,147.75,73.875,1.0,1.0,0-3,1
55375,18.0,Mobile Phone,1,9.0,Debit Card,4.0,2,Fashion,1,3,1,20.0,2.0,7.0,8.0,203.79,29.11285714285714,0.3684210526315789,0.2857142857142857,8-14,0
55377,17.0,Mobile Phone,3,9.0,Credit Card,4.0,4,Laptop & Accessory,1,3,1,18.0,4.0,9.0,9.0,203.47,22.607777777777777,0.5,0.4444444444444444,8-14,0
55379,15.0,Mobile Phone,3,13.0,E wallet,3.0,4,Fashion,3,3,0,13.0,4.0,9.0,,217.41,24.156666666666666,0.5625,0.4444444444444444,,0
55380,3.0,Mobile Phone,1,16.0,Credit Card,3.0,4,Mobile Phone,3,11,0,18.0,1.0,2.0,3.0,154.74,77.37,0.5,0.5,0-3,0
55381,10.0,Mobile Phone,3,9.0,Debit Card,3.0,4,Laptop & Accessory,1,5,0,16.0,7.0,7.0,8.0,170.02,24.28857142857143,0.6363636363636364,1.0,8-14,0
55382,19.0,Computer,1,8.0,Debit Card,4.0,5,Fashion,3,5,0,24.0,5.0,,5.0,232.48,,,,4-7,0
55384,11.0,Computer,3,16.0,Debit Card,3.0,6,Grocery,3,9,0,12.0,7.0,,11.0,254.36,,,,8-14,1
55385,1.0,Mobile Phone,1,24.0,Credit Card,4.0,6,Mobile Phone,3,3,0,16.0,2.0,2.0,3.0,148.05,74.025,1.0,1.0,0-3,0
55386,19.0,Mobile Phone,1,35.0,Cash on Delivery,3.0,5,Grocery,4,3,0,,7.0,9.0,7.0,292.04,32.44888888888889,0.45,0.7777777777777778,4-7,0
55388,5.0,Mobile Phone,1,9.0,Debit Card,4.0,4,Mobile Phone,3,3,0,15.0,2.0,2.0,4.0,159.77,79.885,0.3333333333333333,1.0,4-7,0
55390,14.0,Mobile Phone,1,15.0,Debit Card,4.0,4,Laptop & Accessory,5,4,1,17.0,2.0,2.0,1.0,190.16,95.08,0.13333333333333333,1.0,0-3,0
55393,9.0,Mobile Phone,1,34.0,Debit Card,3.0,4,Laptop & Accessory,3,4,0,17.0,2.0,2.0,8.0,193.83,96.915,0.2,1.0,8-14,0
55397,1.0,Mobile Phone,3,20.0,E wallet,4.0,5,Laptop & Accessory,5,7,1,14.0,2.0,3.0,3.0,186.34,62.11333333333334,1.5,0.6666666666666666,0-3,1
55398,1.0,Mobile Phone,3,8.0,Debit Card,3.0,6,Laptop & Accessory,4,8,0,16.0,1.0,2.0,1.0,192.35,96.175,1.0,0.5,0-3,1
55399,1.0,Mobile Phone,1,11.0,Credit Card,3.0,4,Mobile Phone,4,3,0,14.0,1.0,2.0,3.0,157.95,78.975,1.0,0.5,0-3,0
55400,5.0,Computer,1,31.0,Cash on Delivery,2.0,4,Laptop & Accessory,1,4,0,21.0,1.0,2.0,5.0,177.38,88.69,0.3333333333333333,0.5,4-7,0
55401,13.0,Computer,1,8.0,Debit Card,4.0,4,Laptop & Accessory,1,3,1,16.0,1.0,6.0,9.0,189.72,31.62,0.42857142857142855,0.16666666666666666,8-14,0
55402,6.0,Mobile Phone,3,26.0,Debit Card,4.0,6,Fashion,3,5,0,14.0,1.0,2.0,,221.1,110.55,0.2857142857142857,0.5,,0
55403,14.0,Mobile Phone,3,14.0,Credit Card,3.0,4,Others,4,3,0,15.0,13.0,13.0,9.0,323.33,24.87153846153846,0.8666666666666667,1.0,8-14,0
55406,1.0,Computer,2,17.0,Credit Card,3.0,4,Mobile Phone,1,2,0,15.0,1.0,3.0,2.0,146.45,48.81666666666666,1.5,0.3333333333333333,0-3,0
55408,5.0,Mobile Phone,3,12.0,Cash on Delivery,3.0,4,Laptop & Accessory,3,3,0,20.0,2.0,2.0,3.0,208.46,104.23,0.3333333333333333,1.0,0-3,0
55409,1.0,Mobile Phone,1,15.0,Credit Card,4.0,4,Mobile Phone,1,3,0,12.0,1.0,2.0,5.0,159.45,79.725,1.0,0.5,4-7,0
55410,1.0,Mobile Phone,3,16.0,E wallet,3.0,6,Mobile Phone,4,3,0,14.0,3.0,3.0,3.0,152.6,50.86666666666667,1.5,1.0,0-3,1
55411,3.0,Computer,1,8.0,Debit Card,4.0,2,Laptop & Accessory,3,10,1,13.0,2.0,2.0,3.0,187.94,93.97,0.5,1.0,0-3,0
55412,4.0,Mobile Phone,3,22.0,E wallet,4.0,5,Fashion,5,4,0,12.0,2.0,2.0,8.0,196.4,98.2,0.4,1.0,8-14,0
55413,8.0,Mobile Phone,1,9.0,Credit Card,4.0,2,Mobile Phone,1,2,1,15.0,2.0,2.0,3.0,154.32,77.16,0.2222222222222222,1.0,0-3,0
55414,7.0,Computer,3,9.0,E wallet,4.0,4,Laptop & Accessory,4,10,0,16.0,2.0,2.0,8.0,176.47,88.235,0.25,1.0,8-14,0
55416,1.0,Mobile Phone,3,23.0,Debit Card,4.0,4,Fashion,5,4,1,21.0,2.0,2.0,,210.64,105.32,1.0,1.0,,1
55418,1.0,Mobile Phone,3,23.0,E wallet,4.0,4,Fashion,3,4,0,14.0,1.0,2.0,1.0,206.61,103.305,1.0,0.5,0-3,1
55420,4.0,Mobile Phone,1,23.0,Debit Card,3.0,2,Laptop & Accessory,3,5,0,17.0,2.0,2.0,8.0,177.94,88.97,0.4,1.0,8-14,0
55425,29.0,Mobile Phone,1,9.0,Credit Card,3.0,5,Others,5,10,0,,2.0,2.0,1.0,315.38,157.69,0.06666666666666667,1.0,0-3,0
55427,15.0,Mobile Phone,1,16.0,Debit Card,4.0,4,Mobile Phone,5,3,0,21.0,1.0,2.0,5.0,147.89,73.945,0.125,0.5,4-7,0
55429,27.0,Computer,1,8.0,Credit Card,3.0,5,Grocery,3,6,1,21.0,2.0,,3.0,254.65,,,,0-3,0
55430,17.0,Mobile Phone,2,9.0,Debit Card,4.0,4,Mobile Phone,1,2,0,14.0,2.0,2.0,9.0,160.39,80.195,0.1111111111111111,1.0,8-14,0
55431,8.0,Mobile Phone,3,10.0,Debit Card,3.0,6,Laptop & Accessory,1,7,0,13.0,3.0,3.0,3.0,185.29,61.76333333333333,0.3333333333333333,1.0,0-3,0
55432,1.0,Mobile Phone,3,14.0,E wallet,3.0,4,Mobile Phone,4,3,0,14.0,1.0,2.0,1.0,151.79,75.895,1.0,0.5,0-3,1
55433,12.0,Mobile Phone,1,13.0,UPI,3.0,5,Mobile Phone,3,3,0,12.0,2.0,2.0,5.0,162.02,81.01,0.15384615384615385,1.0,4-7,0
55435,5.0,Mobile Phone,3,36.0,E wallet,4.0,5,Laptop & Accessory,1,3,0,15.0,1.0,6.0,8.0,179.68,29.94666666666667,1.0,0.16666666666666666,8-14,0
55437,11.0,Mobile Phone,3,16.0,E wallet,3.0,5,Laptop & Accessory,4,3,0,15.0,2.0,2.0,4.0,166.89,83.445,0.16666666666666666,1.0,4-7,0
55438,20.0,Mobile Phone,1,9.0,Credit Card,3.0,4,Others,1,9,1,,3.0,3.0,3.0,318.28,106.09333333333332,0.14285714285714285,1.0,0-3,0
55439,10.0,Mobile Phone,1,17.0,Debit Card,3.0,4,Fashion,5,9,1,14.0,3.0,6.0,8.0,208.21,34.70166666666667,0.5454545454545454,0.5,8-14,0
55440,8.0,Computer,1,8.0,Credit Card,4.0,4,Mobile Phone,4,3,1,13.0,3.0,3.0,4.0,148.42,49.47333333333333,0.3333333333333333,1.0,4-7,1
55441,11.0,Mobile Phone,2,15.0,UPI,3.0,4,Laptop & Accessory,4,4,0,14.0,4.0,5.0,8.0,165.71,33.142,0.4166666666666667,0.8,8-14,0
55442,1.0,Mobile Phone,3,34.0,Debit Card,3.0,4,Laptop & Accessory,1,3,1,19.0,4.0,8.0,8.0,183.13,22.89125,4.0,0.5,8-14,1
55443,7.0,Mobile Phone,1,15.0,Debit Card,3.0,2,Mobile Phone,5,8,0,20.0,4.0,8.0,7.0,156.43,19.55375,1.0,0.5,4-7,0
55444,2.0,Mobile Phone,1,8.0,Debit Card,3.0,4,Mobile Phone,1,3,0,12.0,1.0,2.0,4.0,145.44,72.72,0.6666666666666666,0.5,4-7,0
55446,20.0,Computer,3,33.0,Debit Card,4.0,5,Laptop & Accessory,4,10,0,16.0,2.0,3.0,3.0,204.91,68.30333333333333,0.14285714285714285,0.6666666666666666,0-3,0
55447,14.0,Mobile Phone,1,9.0,Debit Card,4.0,4,Mobile Phone,5,6,0,18.0,2.0,2.0,3.0,158.77,79.385,0.13333333333333333,1.0,0-3,0
55449,9.0,Computer,1,9.0,Credit Card,3.0,4,Laptop & Accessory,1,4,0,15.0,2.0,2.0,8.0,182.62,91.31,0.2,1.0,8-14,0
55450,12.0,Computer,2,9.0,UPI,4.0,4,Mobile Phone,4,7,0,14.0,3.0,4.0,9.0,150.92,37.73,0.3076923076923077,0.75,8-14,0
55454,17.0,Computer,1,16.0,Debit Card,3.0,4,Mobile Phone,3,6,0,14.0,2.0,2.0,3.0,149.38,74.69,0.1111111111111111,1.0,0-3,0
55455,15.0,Mobile Phone,1,12.0,Debit Card,3.0,2,Laptop & Accessory,4,5,0,13.0,1.0,2.0,3.0,193.7,96.85,0.125,0.5,0-3,0
55456,15.0,Mobile Phone,3,11.0,E wallet,3.0,4,Fashion,3,2,1,14.0,6.0,14.0,,229.47,16.390714285714285,0.875,0.42857142857142855,,0
55459,10.0,Mobile Phone,1,28.0,Credit Card,4.0,4,Laptop & Accessory,4,6,0,23.0,4.0,4.0,,214.26,53.565,0.36363636363636365,1.0,,1
55460,14.0,Mobile Phone,1,8.0,Debit Card,3.0,4,Laptop & Accessory,1,6,0,18.0,1.0,2.0,4.0,190.13,95.065,0.13333333333333333,0.5,4-7,0
55461,8.0,Mobile Phone,3,15.0,Cash on Delivery,4.0,2,Laptop & Accessory,3,3,0,22.0,3.0,5.0,9.0,192.99,38.598,0.5555555555555556,0.6,8-14,0
55462,31.0,Computer,3,9.0,Credit Card,3.0,4,Grocery,4,6,0,23.0,,15.0,15.0,287.91,19.194000000000003,0.46875,,15+,0
55463,9.0,Mobile Phone,1,30.0,Credit Card,4.0,6,Mobile Phone,3,2,0,17.0,1.0,2.0,4.0,152.05,76.025,0.2,0.5,4-7,0
55464,21.0,Mobile Phone,1,11.0,Debit Card,4.0,5,Fashion,4,10,1,13.0,6.0,15.0,,228.33,15.222000000000001,0.6818181818181818,0.4,,0
55465,14.0,Mobile Phone,1,19.0,Debit Card,3.0,4,Laptop & Accessory,5,4,0,13.0,2.0,8.0,8.0,169.48,21.185,0.5333333333333333,0.25,8-14,0
55468,2.0,Mobile Phone,1,8.0,Credit Card,4.0,4,Mobile Phone,5,3,0,26.0,2.0,2.0,3.0,160.91,80.455,0.6666666666666666,1.0,0-3,0
55470,1.0,Mobile Phone,3,17.0,Credit Card,3.0,4,Laptop & Accessory,1,3,0,14.0,2.0,2.0,3.0,171.84,85.92,1.0,1.0,0-3,0
55474,1.0,Mobile Phone,2,20.0,UPI,3.0,5,Mobile Phone,5,6,1,16.0,3.0,3.0,1.0,148.35,49.449999999999996,1.5,1.0,0-3,1
55476,10.0,Mobile Phone,1,9.0,UPI,4.0,4,Laptop & Accessory,4,6,1,23.0,2.0,2.0,1.0,194.62,97.31,0.18181818181818182,1.0,0-3,0
55477,17.0,Computer,3,9.0,Debit Card,4.0,4,Laptop & Accessory,1,3,0,21.0,8.0,8.0,8.0,181.75,22.71875,0.4444444444444444,1.0,8-14,0
55480,6.0,Computer,3,17.0,E wallet,4.0,4,Laptop & Accessory,1,10,0,14.0,1.0,2.0,1.0,171.48,85.74,0.2857142857142857,0.5,0-3,0
55481,16.0,Computer,1,17.0,Cash on Delivery,3.0,4,Mobile Phone,3,5,0,23.0,4.0,4.0,4.0,154.36,38.59,0.23529411764705882,1.0,4-7,0
55482,21.0,Mobile Phone,1,16.0,Debit Card,4.0,4,Mobile Phone,3,6,0,13.0,1.0,3.0,1.0,146.05,48.68333333333334,0.13636363636363635,0.3333333333333333,0-3,0
55483,20.0,Mobile Phone,1,9.0,Debit Card,3.0,4,Fashion,1,5,0,15.0,1.0,5.0,,210.78,42.156,0.23809523809523808,0.2,,0
55484,2.0,Computer,2,8.0,Debit Card,3.0,4,Mobile Phone,1,3,0,16.0,2.0,3.0,3.0,152.06,50.68666666666667,1.0,0.6666666666666666,0-3,0
55485,3.0,Mobile Phone,1,36.0,Debit Card,4.0,6,Laptop & Accessory,3,10,0,18.0,1.0,2.0,7.0,188.84,94.42,0.5,0.5,4-7,0
55487,1.0,Mobile Phone,3,9.0,E wallet,3.0,5,Laptop & Accessory,4,9,1,13.0,2.0,3.0,,224.07,74.69,1.5,0.6666666666666666,,1
55488,20.0,Mobile Phone,3,10.0,Cash on Delivery,3.0,2,Grocery,5,4,0,13.0,3.0,,9.0,257.25,,,,8-14,0
55489,1.0,Mobile Phone,3,30.0,Credit Card,3.0,5,Laptop & Accessory,3,3,0,22.0,4.0,6.0,9.0,160.4,26.733333333333334,3.0,0.6666666666666666,8-14,0
55491,17.0,Mobile Phone,1,13.0,Credit Card,3.0,5,Others,3,9,0,,7.0,7.0,15.0,318.92,45.56,0.3888888888888889,1.0,15+,0
55494,10.0,Mobile Phone,3,17.0,Debit Card,4.0,4,Fashion,4,7,0,22.0,2.0,2.0,8.0,198.14,99.07,0.18181818181818182,1.0,8-14,1
55495,1.0,Computer,1,22.0,Debit Card,4.0,5,Mobile Phone,5,2,0,20.0,1.0,8.0,4.0,172.74,21.5925,4.0,0.125,4-7,0
55496,13.0,Mobile Phone,1,26.0,UPI,3.0,4,Laptop & Accessory,1,10,0,15.0,1.0,3.0,3.0,164.02,54.67333333333334,0.21428571428571427,0.3333333333333333,0-3,0
55497,29.0,Mobile Phone,1,9.0,Cash on Delivery,4.0,5,Mobile Phone,1,10,0,21.0,2.0,2.0,5.0,151.62,75.81,0.06666666666666667,1.0,4-7,0
55501,10.0,Mobile Phone,3,17.0,Cash on Delivery,4.0,5,Laptop & Accessory,3,3,1,14.0,1.0,2.0,8.0,181.73,90.865,0.18181818181818182,0.5,8-14,0
55506,9.0,Mobile Phone,1,23.0,UPI,3.0,5,Laptop & Accessory,4,2,1,12.0,1.0,2.0,3.0,172.88,86.44,0.2,0.5,0-3,0
55509,14.0,Mobile Phone,1,8.0,Debit Card,4.0,4,Grocery,5,4,0,,3.0,12.0,17.0,293.23,24.435833333333335,0.8,0.25,15+,0
55510,1.0,Mobile Phone,1,8.0,Debit Card,3.0,5,Mobile Phone,3,3,1,14.0,1.0,2.0,1.0,154.33,77.165,1.0,0.5,0-3,0
55512,22.0,Computer,1,29.0,Credit Card,3.0,4,Grocery,1,5,0,,2.0,5.0,8.0,296.74,59.348,0.21739130434782608,0.4,8-14,0
55513,18.0,Mobile Phone,1,8.0,Debit Card,4.0,2,Laptop & Accessory,5,4,0,16.0,2.0,3.0,3.0,175.33,58.443333333333335,0.15789473684210525,0.6666666666666666,0-3,0
55514,1.0,Computer,1,23.0,Cash on Delivery,3.0,6,Mobile Phone,5,3,1,24.0,1.0,4.0,1.0,148.07,37.0175,2.0,0.25,0-3,1
55517,15.0,Mobile Phone,3,15.0,E wallet,3.0,4,Laptop & Accessory,4,7,0,22.0,1.0,2.0,5.0,168.93,84.465,0.125,0.5,4-7,0
55518,16.0,Mobile Phone,1,13.0,Credit Card,3.0,4,Fashion,5,11,0,14.0,6.0,,8.0,258.48,,,,8-14,0
55519,5.0,Mobile Phone,3,17.0,Credit Card,3.0,4,Laptop & Accessory,1,4,1,12.0,2.0,2.0,5.0,190.83,95.415,0.3333333333333333,1.0,4-7,0
55521,5.0,Mobile Phone,1,11.0,Credit Card,4.0,2,Mobile Phone,3,10,0,13.0,2.0,3.0,3.0,164.78,54.92666666666667,0.5,0.6666666666666666,0-3,0
55523,19.0,Computer,1,8.0,Credit Card,3.0,4,Laptop & Accessory,3,6,0,13.0,1.0,2.0,4.0,178.99,89.495,0.1,0.5,4-7,0
55525,2.0,Computer,3,8.0,Debit Card,3.0,5,Laptop & Accessory,1,3,1,13.0,2.0,2.0,8.0,193.34,96.67,0.6666666666666666,1.0,8-14,0
55526,1.0,Computer,3,31.0,Cash on Delivery,3.0,2,Mobile Phone,5,3,0,18.0,1.0,2.0,1.0,135.91,67.955,1.0,0.5,0-3,1
55528,1.0,Mobile Phone,1,9.0,Cash on Delivery,3.0,4,Mobile Phone,4,3,0,12.0,1.0,2.0,3.0,147.26,73.63,1.0,0.5,0-3,0
55530,1.0,Mobile Phone,3,20.0,E wallet,3.0,4,Laptop & Accessory,3,5,1,12.0,1.0,3.0,,223.54,74.51333333333334,1.5,0.3333333333333333,,1
55533,13.0,Mobile Phone,1,16.0,Credit Card,3.0,4,Laptop & Accessory,5,3,0,26.0,1.0,8.0,10.0,176.51,22.06375,0.5714285714285714,0.125,8-14,0
55535,61.0,Mobile Phone,3,28.0,Debit Card,4.0,4,Grocery,1,6,1,,1.0,2.0,1.0,303.75,151.875,0.03225806451612903,0.5,0-3,0
55537,12.0,Mobile Phone,1,16.0,Debit Card,4.0,4,Mobile Phone,1,4,0,20.0,1.0,2.0,4.0,172.71,86.355,0.15384615384615385,0.5,4-7,0
55538,23.0,Computer,1,9.0,Debit Card,3.0,4,Others,1,5,0,,5.0,5.0,4.0,316.61,63.322,0.20833333333333334,1.0,4-7,0
55539,16.0,Mobile Phone,3,19.0,E wallet,4.0,4,Laptop & Accessory,1,5,1,13.0,2.0,2.0,1.0,175.87,87.935,0.11764705882352941,1.0,0-3,0
55541,9.0,Mobile Phone,3,25.0,Credit Card,4.0,4,Laptop & Accessory,5,2,0,17.0,2.0,2.0,5.0,180.61,90.305,0.2,1.0,4-7,0
55543,5.0,Computer,1,10.0,Credit Card,3.0,4,Mobile Phone,5,3,1,14.0,3.0,3.0,4.0,155.65,51.88333333333333,0.5,1.0,4-7,0
55545,8.0,Mobile Phone,3,8.0,E wallet,3.0,4,Fashion,1,3,0,22.0,3.0,3.0,,223.88,74.62666666666667,0.3333333333333333,1.0,,0
55546,8.0,Mobile Phone,3,20.0,Credit Card,3.0,4,Fashion,3,3,0,19.0,1.0,2.0,,211.28,105.64,0.2222222222222222,0.5,,0
55547,1.0,Mobile Phone,1,8.0,Credit Card,4.0,4,Mobile Phone,5,2,0,14.0,8.0,8.0,7.0,153.67,19.20875,4.0,1.0,4-7,0
55548,3.0,Mobile Phone,1,8.0,Debit Card,3.0,4,Laptop & Accessory,5,2,0,13.0,1.0,2.0,3.0,178.73,89.365,0.5,0.5,0-3,0
55550,5.0,Computer,1,8.0,Debit Card,3.0,6,Laptop & Accessory,5,3,0,22.0,7.0,9.0,8.0,175.03,19.447777777777777,1.5,0.7777777777777778,8-14,0
55551,1.0,Mobile Phone,1,24.0,Cash on Delivery,3.0,5,Mobile Phone,1,7,0,13.0,2.0,2.0,4.0,148.67,74.335,1.0,1.0,4-7,1
55552,12.0,Mobile Phone,3,8.0,Debit Card,3.0,5,Mobile Phone,5,6,0,15.0,2.0,2.0,1.0,153.58,76.79,0.15384615384615385,1.0,0-3,0
55554,1.0,Mobile Phone,3,16.0,E wallet,3.0,4,Laptop & Accessory,1,3,0,15.0,2.0,2.0,8.0,166.05,83.025,1.0,1.0,8-14,0
55555,6.0,Mobile Phone,1,12.0,Debit Card,3.0,5,Laptop & Accessory,1,10,0,25.0,2.0,2.0,,221.79,110.895,0.2857142857142857,1.0,,0
55557,17.0,Mobile Phone,3,31.0,Debit Card,4.0,4,Fashion,5,8,1,14.0,1.0,3.0,,229.48,76.49333333333333,0.16666666666666666,0.3333333333333333,,1
55558,28.0,Mobile Phone,1,16.0,Debit Card,4.0,4,Laptop & Accessory,3,5,0,12.0,2.0,3.0,4.0,153.97,51.32333333333333,0.10344827586206896,0.6666666666666666,4-7,0
55559,7.0,Computer,1,14.0,Debit Card,3.0,4,Laptop & Accessory,3,3,0,21.0,1.0,3.0,9.0,184.68,61.56,0.375,0.3333333333333333,8-14,0
55561,12.0,Computer,2,8.0,UPI,3.0,4,Mobile Phone,4,2,1,12.0,1.0,2.0,3.0,154.91,77.455,0.15384615384615385,0.5,0-3,0
55563,5.0,Mobile Phone,1,9.0,Credit Card,3.0,6,Mobile Phone,1,3,1,12.0,1.0,2.0,1.0,136.29,68.145,0.3333333333333333,0.5,0-3,0
55565,16.0,Computer,1,30.0,Debit Card,3.0,5,Laptop & Accessory,3,3,0,13.0,4.0,4.0,8.0,168.32,42.08,0.23529411764705882,1.0,8-14,0
55568,1.0,Mobile Phone,1,8.0,Debit Card,3.0,5,Laptop & Accessory,3,3,0,13.0,2.0,2.0,3.0,171.17,85.585,1.0,1.0,0-3,0
55570,14.0,Computer,1,18.0,Cash on Delivery,4.0,4,Laptop & Accessory,3,3,0,12.0,8.0,10.0,5.0,188.23,18.823,0.6666666666666666,0.8,4-7,0
55573,4.0,Mobile Phone,1,8.0,Credit Card,4.0,4,Mobile Phone,4,3,0,14.0,2.0,2.0,8.0,162.48,81.24,0.4,1.0,8-14,0
55575,21.0,Mobile Phone,1,32.0,Credit Card,3.0,4,Fashion,3,4,0,24.0,10.0,13.0,,211.33,16.256153846153847,0.5909090909090909,0.7692307692307693,,0
55576,7.0,Computer,1,8.0,Credit Card,3.0,5,Mobile Phone,3,3,0,13.0,1.0,2.0,1.0,145.08,72.54,0.25,0.5,0-3,0
55577,12.0,Mobile Phone,3,8.0,Debit Card,3.0,4,Laptop & Accessory,4,2,0,16.0,2.0,6.0,9.0,169.4,28.233333333333334,0.46153846153846156,0.3333333333333333,8-14,0
55578,5.0,Mobile Phone,3,9.0,Debit Card,3.0,4,Mobile Phone,3,2,0,20.0,1.0,2.0,3.0,155.67,77.835,0.3333333333333333,0.5,0-3,0
55580,16.0,Mobile Phone,1,25.0,Debit Card,3.0,4,Laptop & Accessory,5,8,1,18.0,2.0,2.0,3.0,179.1,89.55,0.11764705882352941,1.0,0-3,0
55581,15.0,Mobile Phone,1,8.0,Debit Card,4.0,4,Mobile Phone,1,5,0,23.0,1.0,2.0,1.0,152.82,76.41,0.125,0.5,0-3,0
55582,21.0,Computer,1,8.0,Credit Card,4.0,4,Fashion,4,2,0,19.0,1.0,,13.0,244.57,,,,8-14,0
55583,9.0,Mobile Phone,1,18.0,Credit Card,3.0,4,Mobile Phone,3,9,1,12.0,3.0,3.0,3.0,151.6,50.53333333333333,0.3,1.0,0-3,0
55584,1.0,Mobile Phone,1,8.0,Debit Card,4.0,4,Mobile Phone,3,2,0,13.0,2.0,2.0,3.0,158.75,79.375,1.0,1.0,0-3,0
55586,7.0,Mobile Phone,1,22.0,Credit Card,4.0,4,Laptop & Accessory,1,2,1,14.0,7.0,9.0,2.0,173.78,19.308888888888887,1.125,0.7777777777777778,0-3,0
55587,6.0,Mobile Phone,1,36.0,Debit Card,3.0,5,Mobile Phone,4,3,0,14.0,1.0,5.0,2.0,153.37,30.674,0.7142857142857143,0.2,0-3,0
55588,14.0,Mobile Phone,1,8.0,Debit Card,3.0,4,Mobile Phone,1,10,0,20.0,2.0,2.0,1.0,149.06,74.53,0.13333333333333333,1.0,0-3,0
55589,6.0,Mobile Phone,3,8.0,Credit Card,4.0,5,Mobile Phone,4,2,0,15.0,3.0,3.0,3.0,147.69,49.23,0.42857142857142855,1.0,0-3,0
55590,13.0,Mobile Phone,1,31.0,Debit Card,3.0,4,Laptop & Accessory,1,9,0,14.0,1.0,2.0,8.0,166.08,83.04,0.14285714285714285,0.5,8-14,0
55591,12.0,Mobile Phone,1,17.0,Credit Card,4.0,6,Fashion,3,5,0,13.0,1.0,,12.0,257.06,,,,8-14,0
55592,6.0,Mobile Phone,3,8.0,E wallet,3.0,4,Fashion,1,3,0,20.0,1.0,6.0,,229.22,38.20333333333333,0.8571428571428571,0.16666666666666666,,0
55594,1.0,Mobile Phone,3,15.0,UPI,3.0,4,Laptop & Accessory,3,2,1,23.0,1.0,2.0,5.0,174.07,87.035,1.0,0.5,4-7,0
55595,26.0,Computer,3,36.0,Debit Card,3.0,4,Mobile Phone,1,4,0,16.0,2.0,2.0,1.0,159.82,79.91,0.07407407407407407,1.0,0-3,0
55596,18.0,Mobile Phone,1,8.0,Credit Card,3.0,4,Mobile Phone,1,8,1,13.0,2.0,2.0,3.0,149.36,74.68,0.10526315789473684,1.0,0-3,0
55598,13.0,Computer,1,16.0,Debit Card,3.0,4,Others,1,4,0,,2.0,2.0,4.0,319.31,159.655,0.14285714285714285,1.0,4-7,0
55600,10.0,Mobile Phone,3,10.0,Credit Card,4.0,5,Fashion,1,2,0,20.0,1.0,4.0,5.0,201.44,50.36,0.36363636363636365,0.25,4-7,0
55601,10.0,Computer,1,11.0,Debit Card,4.0,4,Laptop & Accessory,4,9,0,14.0,1.0,2.0,3.0,176.31,88.155,0.18181818181818182,0.5,0-3,0
55602,30.0,Computer,1,8.0,Debit Card,3.0,4,Laptop & Accessory,3,3,0,22.0,1.0,2.0,10.0,188.06,94.03,0.06451612903225806,0.5,8-14,0
55603,1.0,Mobile Phone,1,8.0,Credit Card,3.0,4,Mobile Phone,1,11,1,15.0,3.0,3.0,3.0,172.87,57.623333333333335,1.5,1.0,0-3,1
55604,16.0,Mobile Phone,1,9.0,Debit Card,3.0,4,Others,3,7,0,,1.0,5.0,15.0,313.8,62.760000000000005,0.29411764705882354,0.2,15+,0
55606,15.0,Mobile Phone,1,35.0,Debit Card,3.0,5,Grocery,4,2,0,24.0,2.0,2.0,11.0,260.7,130.35,0.125,1.0,8-14,0
55608,10.0,Computer,3,22.0,E wallet,3.0,6,Laptop & Accessory,1,3,0,25.0,6.0,12.0,12.0,179.06,14.921666666666667,1.0909090909090908,0.5,8-14,0
55609,15.0,Mobile Phone,3,10.0,Debit Card,3.0,5,Laptop & Accessory,4,4,0,12.0,2.0,2.0,,214.38,107.19,0.125,1.0,,0
55610,6.0,Mobile Phone,1,9.0,Cash on Delivery,4.0,4,Mobile Phone,5,3,0,15.0,1.0,2.0,3.0,149.39,74.695,0.2857142857142857,0.5,0-3,0
55613,14.0,Computer,3,8.0,Debit Card,4.0,4,Laptop & Accessory,3,9,0,13.0,2.0,2.0,2.0,192.28,96.14,0.13333333333333333,1.0,0-3,1
55615,19.0,Mobile Phone,3,27.0,Debit Card,3.0,4,Laptop & Accessory,3,10,0,16.0,1.0,2.0,2.0,173.5,86.75,0.1,0.5,0-3,0
55616,14.0,Mobile Phone,1,9.0,Debit Card,1.0,5,Mobile Phone,3,4,0,15.0,1.0,3.0,3.0,153.09,51.03,0.2,0.3333333333333333,0-3,0
55617,9.0,Computer,1,25.0,Debit Card,4.0,4,Laptop & Accessory,3,3,1,15.0,1.0,2.0,3.0,181.89,90.945,0.2,0.5,0-3,0
55618,14.0,Mobile Phone,1,9.0,Credit Card,4.0,4,Mobile Phone,3,4,0,15.0,1.0,2.0,3.0,145.01,72.505,0.13333333333333333,0.5,0-3,0
55619,9.0,Mobile Phone,1,8.0,Debit Card,4.0,6,Mobile Phone,1,3,0,13.0,2.0,2.0,2.0,154.77,77.385,0.2,1.0,0-3,0
55620,3.0,Mobile Phone,1,20.0,UPI,3.0,5,Laptop & Accessory,4,6,1,14.0,1.0,2.0,4.0,165.25,82.625,0.5,0.5,4-7,0
55622,14.0,Mobile Phone,3,35.0,E wallet,3.0,5,Fashion,5,6,1,14.0,3.0,,1.0,233.54,,,,0-3,1
55623,13.0,Mobile Phone,3,31.0,E wallet,3.0,5,Grocery,1,2,0,12.0,4.0,,7.0,245.31,,,,4-7,0
55624,5.0,Computer,1,12.0,Credit Card,4.0,4,Laptop & Accessory,5,2,0,20.0,2.0,2.0,,224.36,112.18,0.3333333333333333,1.0,,0
55625,1.0,Mobile Phone,3,12.0,UPI,2.0,5,Mobile Phone,3,2,0,19.0,2.0,2.0,1.0,154.66,77.33,1.0,1.0,0-3,0
55627,13.0,Mobile Phone,1,13.0,Credit Card,3.0,5,Fashion,5,6,0,16.0,1.0,2.0,,224.91,112.455,0.14285714285714285,0.5,,0
55628,1.0,Mobile Phone,1,11.0,Debit Card,3.0,2,Laptop & Accessory,4,3,1,21.0,1.0,2.0,4.0,186.42,93.21,1.0,0.5,4-7,0
55630,8.0,Mobile Phone,1,15.0,Credit Card,3.0,2,Laptop & Accessory,3,4,0,13.0,2.0,2.0,3.0,169.04,84.52,0.2222222222222222,1.0,0-3,0
